filename,source,license,style,flag,notes
casio-rhythms/16 Beat 1.mid,casio-music-data (github: nicholasopuni31),NO FORMAL LICENSE — README grants use w/ credit,pop,FLAG,full multi-track casio rhythm demo (drums+bass+comp+melody)
casio-rhythms/16 Beat 2.mid,casio-music-data (github: nicholasopuni31),NO FORMAL LICENSE — README grants use w/ credit,pop,FLAG,full multi-track casio rhythm demo (drums+bass+comp+melody)
casio-rhythms/2 Beat.mid,casio-music-data (github: nicholasopuni31),NO FORMAL LICENSE — README grants use w/ credit,pop,FLAG,full multi-track casio rhythm demo (drums+bass+comp+melody)
casio-rhythms/50's Rock.mid,casio-music-data (github: nicholasopuni31),NO FORMAL LICENSE — README grants use w/ credit,rock,FLAG,full multi-track casio rhythm demo (drums+bass+comp+melody)
casio-rhythms/6-8 March.mid,casio-music-data (github: nicholasopuni31),NO FORMAL LICENSE — README grants use w/ credit,country,FLAG,full multi-track casio rhythm demo (drums+bass+comp+melody)
casio-rhythms/60's Rock.mid,casio-music-data (github: nicholasopuni31),NO FORMAL LICENSE — README grants use w/ credit,rock,FLAG,full multi-track casio rhythm demo (drums+bass+comp+melody)
casio-rhythms/60's Soul.mid,casio-music-data (github: nicholasopuni31),NO FORMAL LICENSE — README grants use w/ credit,funk,FLAG,full multi-track casio rhythm demo (drums+bass+comp+melody)
casio-rhythms/8 Beat 1.mid,casio-music-data (github: nicholasopuni31),NO FORMAL LICENSE — README grants use w/ credit,pop,FLAG,full multi-track casio rhythm demo (drums+bass+comp+melody)
casio-rhythms/8 Beat 2.mid,casio-music-data (github: nicholasopuni31),NO FORMAL LICENSE — README grants use w/ credit,pop,FLAG,full multi-track casio rhythm demo (drums+bass+comp+melody)
casio-rhythms/8 Beat 3.mid,casio-music-data (github: nicholasopuni31),NO FORMAL LICENSE — README grants use w/ credit,pop,FLAG,full multi-track casio rhythm demo (drums+bass+comp+melody)
casio-rhythms/8 Beat Dance.mid,casio-music-data (github: nicholasopuni31),NO FORMAL LICENSE — README grants use w/ credit,pop,FLAG,full multi-track casio rhythm demo (drums+bass+comp+melody)
casio-rhythms/8 Beat Pop.mid,casio-music-data (github: nicholasopuni31),NO FORMAL LICENSE — README grants use w/ credit,pop,FLAG,full multi-track casio rhythm demo (drums+bass+comp+melody)
casio-rhythms/Acid Jazz.mid,casio-music-data (github: nicholasopuni31),NO FORMAL LICENSE — README grants use w/ credit,jazz,FLAG,full multi-track casio rhythm demo (drums+bass+comp+melody)
casio-rhythms/Adani.mid,casio-music-data (github: nicholasopuni31),NO FORMAL LICENSE — README grants use w/ credit,other,FLAG,full multi-track casio rhythm demo (drums+bass+comp+melody)
casio-rhythms/Arpeggio 1.mid,casio-music-data (github: nicholasopuni31),NO FORMAL LICENSE — README grants use w/ credit,other,FLAG,full multi-track casio rhythm demo (drums+bass+comp+melody)
casio-rhythms/Arpeggio 2.mid,casio-music-data (github: nicholasopuni31),NO FORMAL LICENSE — README grants use w/ credit,other,FLAG,full multi-track casio rhythm demo (drums+bass+comp+melody)
casio-rhythms/Arpeggio 3.mid,casio-music-data (github: nicholasopuni31),NO FORMAL LICENSE — README grants use w/ credit,other,FLAG,full multi-track casio rhythm demo (drums+bass+comp+melody)
casio-rhythms/Baladi.mid,casio-music-data (github: nicholasopuni31),NO FORMAL LICENSE — README grants use w/ credit,other,FLAG,full multi-track casio rhythm demo (drums+bass+comp+melody)
casio-rhythms/Ballad.mid,casio-music-data (github: nicholasopuni31),NO FORMAL LICENSE — README grants use w/ credit,pop,FLAG,full multi-track casio rhythm demo (drums+bass+comp+melody)
casio-rhythms/Big Band 1.mid,casio-music-data (github: nicholasopuni31),NO FORMAL LICENSE — README grants use w/ credit,jazz,FLAG,full multi-track casio rhythm demo (drums+bass+comp+melody)
casio-rhythms/Big Band 2.mid,casio-music-data (github: nicholasopuni31),NO FORMAL LICENSE — README grants use w/ credit,jazz,FLAG,full multi-track casio rhythm demo (drums+bass+comp+melody)
casio-rhythms/Big Band 3.mid,casio-music-data (github: nicholasopuni31),NO FORMAL LICENSE — README grants use w/ credit,jazz,FLAG,full multi-track casio rhythm demo (drums+bass+comp+melody)
casio-rhythms/Bluegrass.mid,casio-music-data (github: nicholasopuni31),NO FORMAL LICENSE — README grants use w/ credit,country,FLAG,full multi-track casio rhythm demo (drums+bass+comp+melody)
casio-rhythms/Blues Ballad.mid,casio-music-data (github: nicholasopuni31),NO FORMAL LICENSE — README grants use w/ credit,rock,FLAG,full multi-track casio rhythm demo (drums+bass+comp+melody)
casio-rhythms/Blues.mid,casio-music-data (github: nicholasopuni31),NO FORMAL LICENSE — README grants use w/ credit,rock,FLAG,full multi-track casio rhythm demo (drums+bass+comp+melody)
casio-rhythms/Bolero.mid,casio-music-data (github: nicholasopuni31),NO FORMAL LICENSE — README grants use w/ credit,latin,FLAG,full multi-track casio rhythm demo (drums+bass+comp+melody)
casio-rhythms/Boogie.mid,casio-music-data (github: nicholasopuni31),NO FORMAL LICENSE — README grants use w/ credit,rock,FLAG,full multi-track casio rhythm demo (drums+bass+comp+melody)
casio-rhythms/Bossa Nova 1.mid,casio-music-data (github: nicholasopuni31),NO FORMAL LICENSE — README grants use w/ credit,bossa,FLAG,full multi-track casio rhythm demo (drums+bass+comp+melody)
casio-rhythms/Bossa Nova 2.mid,casio-music-data (github: nicholasopuni31),NO FORMAL LICENSE — README grants use w/ credit,bossa,FLAG,full multi-track casio rhythm demo (drums+bass+comp+melody)
casio-rhythms/Cha-Cha-Cha.mid,casio-music-data (github: nicholasopuni31),NO FORMAL LICENSE — README grants use w/ credit,latin,FLAG,full multi-track casio rhythm demo (drums+bass+comp+melody)
casio-rhythms/Country 1.mid,casio-music-data (github: nicholasopuni31),NO FORMAL LICENSE — README grants use w/ credit,country,FLAG,full multi-track casio rhythm demo (drums+bass+comp+melody)
casio-rhythms/Country 2.mid,casio-music-data (github: nicholasopuni31),NO FORMAL LICENSE — README grants use w/ credit,country,FLAG,full multi-track casio rhythm demo (drums+bass+comp+melody)
casio-rhythms/Cumbia.mid,casio-music-data (github: nicholasopuni31),NO FORMAL LICENSE — README grants use w/ credit,latin,FLAG,full multi-track casio rhythm demo (drums+bass+comp+melody)
casio-rhythms/Dance Pop 1.mid,casio-music-data (github: nicholasopuni31),NO FORMAL LICENSE — README grants use w/ credit,pop,FLAG,full multi-track casio rhythm demo (drums+bass+comp+melody)
casio-rhythms/Dance Pop 2.mid,casio-music-data (github: nicholasopuni31),NO FORMAL LICENSE — README grants use w/ credit,pop,FLAG,full multi-track casio rhythm demo (drums+bass+comp+melody)
casio-rhythms/Dance.mid,casio-music-data (github: nicholasopuni31),NO FORMAL LICENSE — README grants use w/ credit,pop,FLAG,full multi-track casio rhythm demo (drums+bass+comp+melody)
casio-rhythms/Disco 1.mid,casio-music-data (github: nicholasopuni31),NO FORMAL LICENSE — README grants use w/ credit,funk,FLAG,full multi-track casio rhythm demo (drums+bass+comp+melody)
casio-rhythms/Disco 2.mid,casio-music-data (github: nicholasopuni31),NO FORMAL LICENSE — README grants use w/ credit,funk,FLAG,full multi-track casio rhythm demo (drums+bass+comp+melody)
casio-rhythms/Dixie.mid,casio-music-data (github: nicholasopuni31),NO FORMAL LICENSE — README grants use w/ credit,jazz,FLAG,full multi-track casio rhythm demo (drums+bass+comp+melody)
casio-rhythms/EP Ballad 1.mid,casio-music-data (github: nicholasopuni31),NO FORMAL LICENSE — README grants use w/ credit,pop,FLAG,full multi-track casio rhythm demo (drums+bass+comp+melody)
casio-rhythms/EP Ballad 2.mid,casio-music-data (github: nicholasopuni31),NO FORMAL LICENSE — README grants use w/ credit,pop,FLAG,full multi-track casio rhythm demo (drums+bass+comp+melody)
casio-rhythms/Enka.mid,casio-music-data (github: nicholasopuni31),NO FORMAL LICENSE — README grants use w/ credit,other,FLAG,full multi-track casio rhythm demo (drums+bass+comp+melody)
casio-rhythms/Euro Beat.mid,casio-music-data (github: nicholasopuni31),NO FORMAL LICENSE — README grants use w/ credit,pop,FLAG,full multi-track casio rhythm demo (drums+bass+comp+melody)
casio-rhythms/Fast Gospel.mid,casio-music-data (github: nicholasopuni31),NO FORMAL LICENSE — README grants use w/ credit,country,FLAG,full multi-track casio rhythm demo (drums+bass+comp+melody)
casio-rhythms/Folkie Pop.mid,casio-music-data (github: nicholasopuni31),NO FORMAL LICENSE — README grants use w/ credit,pop,FLAG,full multi-track casio rhythm demo (drums+bass+comp+melody)
casio-rhythms/Folklore.mid,casio-music-data (github: nicholasopuni31),NO FORMAL LICENSE — README grants use w/ credit,country,FLAG,full multi-track casio rhythm demo (drums+bass+comp+melody)
casio-rhythms/Fox Trot.mid,casio-music-data (github: nicholasopuni31),NO FORMAL LICENSE — README grants use w/ credit,other,FLAG,full multi-track casio rhythm demo (drums+bass+comp+melody)
casio-rhythms/French Waltz.mid,casio-music-data (github: nicholasopuni31),NO FORMAL LICENSE — README grants use w/ credit,country,FLAG,full multi-track casio rhythm demo (drums+bass+comp+melody)
casio-rhythms/Funk.mid,casio-music-data (github: nicholasopuni31),NO FORMAL LICENSE — README grants use w/ credit,funk,FLAG,full multi-track casio rhythm demo (drums+bass+comp+melody)
casio-rhythms/Fusion Shuffle.mid,casio-music-data (github: nicholasopuni31),NO FORMAL LICENSE — README grants use w/ credit,other,FLAG,full multi-track casio rhythm demo (drums+bass+comp+melody)
casio-rhythms/Groove Soul.mid,casio-music-data (github: nicholasopuni31),NO FORMAL LICENSE — README grants use w/ credit,funk,FLAG,full multi-track casio rhythm demo (drums+bass+comp+melody)
casio-rhythms/Hawaiian.mid,casio-music-data (github: nicholasopuni31),NO FORMAL LICENSE — README grants use w/ credit,other,FLAG,full multi-track casio rhythm demo (drums+bass+comp+melody)
casio-rhythms/Heavy Metal.mid,casio-music-data (github: nicholasopuni31),NO FORMAL LICENSE — README grants use w/ credit,rock,FLAG,full multi-track casio rhythm demo (drums+bass+comp+melody)
casio-rhythms/Hip-Hop.mid,casio-music-data (github: nicholasopuni31),NO FORMAL LICENSE — README grants use w/ credit,hiphop,FLAG,full multi-track casio rhythm demo (drums+bass+comp+melody)
casio-rhythms/Jazz Combo 1.mid,casio-music-data (github: nicholasopuni31),NO FORMAL LICENSE — README grants use w/ credit,jazz,FLAG,full multi-track casio rhythm demo (drums+bass+comp+melody)
casio-rhythms/Jazz Combo 2.mid,casio-music-data (github: nicholasopuni31),NO FORMAL LICENSE — README grants use w/ credit,jazz,FLAG,full multi-track casio rhythm demo (drums+bass+comp+melody)
casio-rhythms/Jazz Voices.mid,casio-music-data (github: nicholasopuni31),NO FORMAL LICENSE — README grants use w/ credit,jazz,FLAG,full multi-track casio rhythm demo (drums+bass+comp+melody)
casio-rhythms/Jazz Waltz.mid,casio-music-data (github: nicholasopuni31),NO FORMAL LICENSE — README grants use w/ credit,jazz,FLAG,full multi-track casio rhythm demo (drums+bass+comp+melody)
casio-rhythms/Jive.mid,casio-music-data (github: nicholasopuni31),NO FORMAL LICENSE — README grants use w/ credit,other,FLAG,full multi-track casio rhythm demo (drums+bass+comp+melody)
casio-rhythms/Mambo.mid,casio-music-data (github: nicholasopuni31),NO FORMAL LICENSE — README grants use w/ credit,latin,FLAG,full multi-track casio rhythm demo (drums+bass+comp+melody)
casio-rhythms/March 1.mid,casio-music-data (github: nicholasopuni31),NO FORMAL LICENSE — README grants use w/ credit,country,FLAG,full multi-track casio rhythm demo (drums+bass+comp+melody)
casio-rhythms/March 2.mid,casio-music-data (github: nicholasopuni31),NO FORMAL LICENSE — README grants use w/ credit,country,FLAG,full multi-track casio rhythm demo (drums+bass+comp+melody)
casio-rhythms/March 3.mid,casio-music-data (github: nicholasopuni31),NO FORMAL LICENSE — README grants use w/ credit,country,FLAG,full multi-track casio rhythm demo (drums+bass+comp+melody)
casio-rhythms/Mellow Jazz.mid,casio-music-data (github: nicholasopuni31),NO FORMAL LICENSE — README grants use w/ credit,jazz,FLAG,full multi-track casio rhythm demo (drums+bass+comp+melody)
casio-rhythms/Merengue.mid,casio-music-data (github: nicholasopuni31),NO FORMAL LICENSE — README grants use w/ credit,latin,FLAG,full multi-track casio rhythm demo (drums+bass+comp+melody)
casio-rhythms/NewOrleansR&R.mid,casio-music-data (github: nicholasopuni31),NO FORMAL LICENSE — README grants use w/ credit,other,FLAG,full multi-track casio rhythm demo (drums+bass+comp+melody)
casio-rhythms/Pasodoble.mid,casio-music-data (github: nicholasopuni31),NO FORMAL LICENSE — README grants use w/ credit,other,FLAG,full multi-track casio rhythm demo (drums+bass+comp+melody)
casio-rhythms/Piano Ballad 1.mid,casio-music-data (github: nicholasopuni31),NO FORMAL LICENSE — README grants use w/ credit,pop,FLAG,full multi-track casio rhythm demo (drums+bass+comp+melody)
casio-rhythms/Piano Ballad 2.mid,casio-music-data (github: nicholasopuni31),NO FORMAL LICENSE — README grants use w/ credit,pop,FLAG,full multi-track casio rhythm demo (drums+bass+comp+melody)
casio-rhythms/Piano Ballad 3.mid,casio-music-data (github: nicholasopuni31),NO FORMAL LICENSE — README grants use w/ credit,pop,FLAG,full multi-track casio rhythm demo (drums+bass+comp+melody)
casio-rhythms/Piano Ballad 4.mid,casio-music-data (github: nicholasopuni31),NO FORMAL LICENSE — README grants use w/ credit,pop,FLAG,full multi-track casio rhythm demo (drums+bass+comp+melody)
casio-rhythms/Polka.mid,casio-music-data (github: nicholasopuni31),NO FORMAL LICENSE — README grants use w/ credit,country,FLAG,full multi-track casio rhythm demo (drums+bass+comp+melody)
casio-rhythms/Pop 1.mid,casio-music-data (github: nicholasopuni31),NO FORMAL LICENSE — README grants use w/ credit,pop,FLAG,full multi-track casio rhythm demo (drums+bass+comp+melody)
casio-rhythms/Pop 2.mid,casio-music-data (github: nicholasopuni31),NO FORMAL LICENSE — README grants use w/ credit,pop,FLAG,full multi-track casio rhythm demo (drums+bass+comp+melody)
casio-rhythms/Pop Ballad 1.mid,casio-music-data (github: nicholasopuni31),NO FORMAL LICENSE — README grants use w/ credit,pop,FLAG,full multi-track casio rhythm demo (drums+bass+comp+melody)
casio-rhythms/Pop Ballad 2.mid,casio-music-data (github: nicholasopuni31),NO FORMAL LICENSE — README grants use w/ credit,pop,FLAG,full multi-track casio rhythm demo (drums+bass+comp+melody)
casio-rhythms/Pop Fusion.mid,casio-music-data (github: nicholasopuni31),NO FORMAL LICENSE — README grants use w/ credit,pop,FLAG,full multi-track casio rhythm demo (drums+bass+comp+melody)
casio-rhythms/Pop Polka.mid,casio-music-data (github: nicholasopuni31),NO FORMAL LICENSE — README grants use w/ credit,pop,FLAG,full multi-track casio rhythm demo (drums+bass+comp+melody)
casio-rhythms/Pop Rock 1.mid,casio-music-data (github: nicholasopuni31),NO FORMAL LICENSE — README grants use w/ credit,rock,FLAG,full multi-track casio rhythm demo (drums+bass+comp+melody)
casio-rhythms/Pop Rock 2.mid,casio-music-data (github: nicholasopuni31),NO FORMAL LICENSE — README grants use w/ credit,rock,FLAG,full multi-track casio rhythm demo (drums+bass+comp+melody)
casio-rhythms/Pop Rock 3.mid,casio-music-data (github: nicholasopuni31),NO FORMAL LICENSE — README grants use w/ credit,rock,FLAG,full multi-track casio rhythm demo (drums+bass+comp+melody)
casio-rhythms/Pop Shuffle 1.mid,casio-music-data (github: nicholasopuni31),NO FORMAL LICENSE — README grants use w/ credit,pop,FLAG,full multi-track casio rhythm demo (drums+bass+comp+melody)
casio-rhythms/Pop Shuffle 2.mid,casio-music-data (github: nicholasopuni31),NO FORMAL LICENSE — README grants use w/ credit,pop,FLAG,full multi-track casio rhythm demo (drums+bass+comp+melody)
casio-rhythms/Pop Waltz.mid,casio-music-data (github: nicholasopuni31),NO FORMAL LICENSE — README grants use w/ credit,pop,FLAG,full multi-track casio rhythm demo (drums+bass+comp+melody)
casio-rhythms/Punta.mid,casio-music-data (github: nicholasopuni31),NO FORMAL LICENSE — README grants use w/ credit,other,FLAG,full multi-track casio rhythm demo (drums+bass+comp+melody)
casio-rhythms/R&B.mid,casio-music-data (github: nicholasopuni31),NO FORMAL LICENSE — README grants use w/ credit,funk,FLAG,full multi-track casio rhythm demo (drums+bass+comp+melody)
casio-rhythms/Ragtime.mid,casio-music-data (github: nicholasopuni31),NO FORMAL LICENSE — README grants use w/ credit,other,FLAG,full multi-track casio rhythm demo (drums+bass+comp+melody)
casio-rhythms/Reggae.mid,casio-music-data (github: nicholasopuni31),NO FORMAL LICENSE — README grants use w/ credit,latin,FLAG,full multi-track casio rhythm demo (drums+bass+comp+melody)
casio-rhythms/Rhumba.mid,casio-music-data (github: nicholasopuni31),NO FORMAL LICENSE — README grants use w/ credit,other,FLAG,full multi-track casio rhythm demo (drums+bass+comp+melody)
casio-rhythms/Rock 1.mid,casio-music-data (github: nicholasopuni31),NO FORMAL LICENSE — README grants use w/ credit,rock,FLAG,full multi-track casio rhythm demo (drums+bass+comp+melody)
casio-rhythms/Rock 2.mid,casio-music-data (github: nicholasopuni31),NO FORMAL LICENSE — README grants use w/ credit,rock,FLAG,full multi-track casio rhythm demo (drums+bass+comp+melody)
casio-rhythms/Rock Ballad.mid,casio-music-data (github: nicholasopuni31),NO FORMAL LICENSE — README grants use w/ credit,rock,FLAG,full multi-track casio rhythm demo (drums+bass+comp+melody)
casio-rhythms/Rock Waltz.mid,casio-music-data (github: nicholasopuni31),NO FORMAL LICENSE — README grants use w/ credit,rock,FLAG,full multi-track casio rhythm demo (drums+bass+comp+melody)
casio-rhythms/Salsa.mid,casio-music-data (github: nicholasopuni31),NO FORMAL LICENSE — README grants use w/ credit,latin,FLAG,full multi-track casio rhythm demo (drums+bass+comp+melody)
casio-rhythms/Samba 1.mid,casio-music-data (github: nicholasopuni31),NO FORMAL LICENSE — README grants use w/ credit,samba,FLAG,full multi-track casio rhythm demo (drums+bass+comp+melody)
casio-rhythms/Samba 2.mid,casio-music-data (github: nicholasopuni31),NO FORMAL LICENSE — README grants use w/ credit,samba,FLAG,full multi-track casio rhythm demo (drums+bass+comp+melody)
casio-rhythms/Serenade.mid,casio-music-data (github: nicholasopuni31),NO FORMAL LICENSE — README grants use w/ credit,other,FLAG,full multi-track casio rhythm demo (drums+bass+comp+melody)
casio-rhythms/Shuffle Rock.mid,casio-music-data (github: nicholasopuni31),NO FORMAL LICENSE — README grants use w/ credit,rock,FLAG,full multi-track casio rhythm demo (drums+bass+comp+melody)
casio-rhythms/Sirtaki.mid,casio-music-data (github: nicholasopuni31),NO FORMAL LICENSE — README grants use w/ credit,other,FLAG,full multi-track casio rhythm demo (drums+bass+comp+melody)
casio-rhythms/Ska.mid,casio-music-data (github: nicholasopuni31),NO FORMAL LICENSE — README grants use w/ credit,latin,FLAG,full multi-track casio rhythm demo (drums+bass+comp+melody)
casio-rhythms/Slow Gospel.mid,casio-music-data (github: nicholasopuni31),NO FORMAL LICENSE — README grants use w/ credit,country,FLAG,full multi-track casio rhythm demo (drums+bass+comp+melody)
casio-rhythms/Slow Rock.mid,casio-music-data (github: nicholasopuni31),NO FORMAL LICENSE — README grants use w/ credit,rock,FLAG,full multi-track casio rhythm demo (drums+bass+comp+melody)
casio-rhythms/Slow Swing.mid,casio-music-data (github: nicholasopuni31),NO FORMAL LICENSE — README grants use w/ credit,jazz,FLAG,full multi-track casio rhythm demo (drums+bass+comp+melody)
casio-rhythms/Slow Waltz.mid,casio-music-data (github: nicholasopuni31),NO FORMAL LICENSE — README grants use w/ credit,country,FLAG,full multi-track casio rhythm demo (drums+bass+comp+melody)
casio-rhythms/Soft Rock.mid,casio-music-data (github: nicholasopuni31),NO FORMAL LICENSE — README grants use w/ credit,rock,FLAG,full multi-track casio rhythm demo (drums+bass+comp+melody)
casio-rhythms/Soul Ballad 1.mid,casio-music-data (github: nicholasopuni31),NO FORMAL LICENSE — README grants use w/ credit,funk,FLAG,full multi-track casio rhythm demo (drums+bass+comp+melody)
casio-rhythms/Soul Ballad 2.mid,casio-music-data (github: nicholasopuni31),NO FORMAL LICENSE — README grants use w/ credit,funk,FLAG,full multi-track casio rhythm demo (drums+bass+comp+melody)
casio-rhythms/String Quartet.mid,casio-music-data (github: nicholasopuni31),NO FORMAL LICENSE — README grants use w/ credit,other,FLAG,full multi-track casio rhythm demo (drums+bass+comp+melody)
casio-rhythms/Swing.mid,casio-music-data (github: nicholasopuni31),NO FORMAL LICENSE — README grants use w/ credit,jazz,FLAG,full multi-track casio rhythm demo (drums+bass+comp+melody)
casio-rhythms/Tango.mid,casio-music-data (github: nicholasopuni31),NO FORMAL LICENSE — README grants use w/ credit,latin,FLAG,full multi-track casio rhythm demo (drums+bass+comp+melody)
casio-rhythms/Techno.mid,casio-music-data (github: nicholasopuni31),NO FORMAL LICENSE — README grants use w/ credit,pop,FLAG,full multi-track casio rhythm demo (drums+bass+comp+melody)
casio-rhythms/Tex-Mex.mid,casio-music-data (github: nicholasopuni31),NO FORMAL LICENSE — README grants use w/ credit,other,FLAG,full multi-track casio rhythm demo (drums+bass+comp+melody)
casio-rhythms/Trance.mid,casio-music-data (github: nicholasopuni31),NO FORMAL LICENSE — README grants use w/ credit,pop,FLAG,full multi-track casio rhythm demo (drums+bass+comp+melody)
casio-rhythms/Twist.mid,casio-music-data (github: nicholasopuni31),NO FORMAL LICENSE — README grants use w/ credit,other,FLAG,full multi-track casio rhythm demo (drums+bass+comp+melody)
casio-rhythms/Viennese Waltz.mid,casio-music-data (github: nicholasopuni31),NO FORMAL LICENSE — README grants use w/ credit,country,FLAG,full multi-track casio rhythm demo (drums+bass+comp+melody)
casio-rhythms/Waltz 1.mid,casio-music-data (github: nicholasopuni31),NO FORMAL LICENSE — README grants use w/ credit,country,FLAG,full multi-track casio rhythm demo (drums+bass+comp+melody)
casio-rhythms/Waltz 2.mid,casio-music-data (github: nicholasopuni31),NO FORMAL LICENSE — README grants use w/ credit,country,FLAG,full multi-track casio rhythm demo (drums+bass+comp+melody)
casio-rhythms/Waltz 3.mid,casio-music-data (github: nicholasopuni31),NO FORMAL LICENSE — README grants use w/ credit,country,FLAG,full multi-track casio rhythm demo (drums+bass+comp+melody)
casio-rhythms/Waltz 4.mid,casio-music-data (github: nicholasopuni31),NO FORMAL LICENSE — README grants use w/ credit,country,FLAG,full multi-track casio rhythm demo (drums+bass+comp+melody)
casio-rhythms/World Pop.mid,casio-music-data (github: nicholasopuni31),NO FORMAL LICENSE — README grants use w/ credit,pop,FLAG,full multi-track casio rhythm demo (drums+bass+comp+melody)
casio-rhythms/other-rhythms/BeautifulWaltz.mid,casio-music-data (github: nicholasopuni31),NO FORMAL LICENSE — README grants use w/ credit,country,FLAG,full multi-track casio rhythm demo (drums+bass+comp+melody)
casio-rhythms/other-rhythms/Benguine.mid,casio-music-data (github: nicholasopuni31),NO FORMAL LICENSE — README grants use w/ credit,other,FLAG,full multi-track casio rhythm demo (drums+bass+comp+melody)
casio-rhythms/other-rhythms/Irish Waltz.mid,casio-music-data (github: nicholasopuni31),NO FORMAL LICENSE — README grants use w/ credit,country,FLAG,full multi-track casio rhythm demo (drums+bass+comp+melody)
casio-rhythms/other-rhythms/Mambo 2.mid,casio-music-data (github: nicholasopuni31),NO FORMAL LICENSE — README grants use w/ credit,latin,FLAG,full multi-track casio rhythm demo (drums+bass+comp+melody)
casio-rhythms/other-rhythms/Symphony.mid,casio-music-data (github: nicholasopuni31),NO FORMAL LICENSE — README grants use w/ credit,other,FLAG,full multi-track casio rhythm demo (drums+bass+comp+melody)
casio-rhythms/other-rhythms/Vocal Pop.mid,casio-music-data (github: nicholasopuni31),NO FORMAL LICENSE — README grants use w/ credit,pop,FLAG,full multi-track casio rhythm demo (drums+bass+comp+melody)
drums/casio/16-Beat-1.mid,casio-music-data (github: nicholasopuni31),NO FORMAL LICENSE — README grants use w/ credit,pop,FLAG,"4-bar drum loop, GM percussion"
drums/casio/16-Beat-2.mid,casio-music-data (github: nicholasopuni31),NO FORMAL LICENSE — README grants use w/ credit,pop,FLAG,"4-bar drum loop, GM percussion"
drums/casio/50-s-Rock.mid,casio-music-data (github: nicholasopuni31),NO FORMAL LICENSE — README grants use w/ credit,rock,FLAG,"4-bar drum loop, GM percussion"
drums/casio/60-s-Rock.mid,casio-music-data (github: nicholasopuni31),NO FORMAL LICENSE — README grants use w/ credit,rock,FLAG,"4-bar drum loop, GM percussion"
drums/casio/60-s-Soul.mid,casio-music-data (github: nicholasopuni31),NO FORMAL LICENSE — README grants use w/ credit,funk,FLAG,"4-bar drum loop, GM percussion"
drums/casio/8-Beat-1.mid,casio-music-data (github: nicholasopuni31),NO FORMAL LICENSE — README grants use w/ credit,pop,FLAG,"4-bar drum loop, GM percussion"
drums/casio/8-Beat-2.mid,casio-music-data (github: nicholasopuni31),NO FORMAL LICENSE — README grants use w/ credit,pop,FLAG,"4-bar drum loop, GM percussion"
drums/casio/8-Beat-3.mid,casio-music-data (github: nicholasopuni31),NO FORMAL LICENSE — README grants use w/ credit,pop,FLAG,"4-bar drum loop, GM percussion"
drums/casio/8-Beat-Dance.mid,casio-music-data (github: nicholasopuni31),NO FORMAL LICENSE — README grants use w/ credit,pop,FLAG,"4-bar drum loop, GM percussion"
drums/casio/8-Beat-Pop.mid,casio-music-data (github: nicholasopuni31),NO FORMAL LICENSE — README grants use w/ credit,pop,FLAG,"4-bar drum loop, GM percussion"
drums/casio/Acid-Jazz.mid,casio-music-data (github: nicholasopuni31),NO FORMAL LICENSE — README grants use w/ credit,jazz,FLAG,"4-bar drum loop, GM percussion"
drums/casio/Adani.mid,casio-music-data (github: nicholasopuni31),NO FORMAL LICENSE — README grants use w/ credit,other,FLAG,"4-bar drum loop, GM percussion"
drums/casio/Baladi.mid,casio-music-data (github: nicholasopuni31),NO FORMAL LICENSE — README grants use w/ credit,other,FLAG,"4-bar drum loop, GM percussion"
drums/casio/Ballad.mid,casio-music-data (github: nicholasopuni31),NO FORMAL LICENSE — README grants use w/ credit,pop,FLAG,"4-bar drum loop, GM percussion"
drums/casio/BeautifulWaltz.mid,casio-music-data (github: nicholasopuni31),NO FORMAL LICENSE — README grants use w/ credit,country,FLAG,"4-bar drum loop, GM percussion"
drums/casio/Benguine.mid,casio-music-data (github: nicholasopuni31),NO FORMAL LICENSE — README grants use w/ credit,other,FLAG,"4-bar drum loop, GM percussion"
drums/casio/Big-Band-1.mid,casio-music-data (github: nicholasopuni31),NO FORMAL LICENSE — README grants use w/ credit,other,FLAG,"4-bar drum loop, GM percussion"
drums/casio/Big-Band-2.mid,casio-music-data (github: nicholasopuni31),NO FORMAL LICENSE — README grants use w/ credit,other,FLAG,"4-bar drum loop, GM percussion"
drums/casio/Big-Band-3.mid,casio-music-data (github: nicholasopuni31),NO FORMAL LICENSE — README grants use w/ credit,other,FLAG,"4-bar drum loop, GM percussion"
drums/casio/Bluegrass.mid,casio-music-data (github: nicholasopuni31),NO FORMAL LICENSE — README grants use w/ credit,country,FLAG,"4-bar drum loop, GM percussion"
drums/casio/Blues-Ballad.mid,casio-music-data (github: nicholasopuni31),NO FORMAL LICENSE — README grants use w/ credit,rock,FLAG,"4-bar drum loop, GM percussion"
drums/casio/Blues.mid,casio-music-data (github: nicholasopuni31),NO FORMAL LICENSE — README grants use w/ credit,rock,FLAG,"4-bar drum loop, GM percussion"
drums/casio/Bolero.mid,casio-music-data (github: nicholasopuni31),NO FORMAL LICENSE — README grants use w/ credit,latin,FLAG,"4-bar drum loop, GM percussion"
drums/casio/Boogie.mid,casio-music-data (github: nicholasopuni31),NO FORMAL LICENSE — README grants use w/ credit,rock,FLAG,"4-bar drum loop, GM percussion"
drums/casio/Bossa-Nova-1.mid,casio-music-data (github: nicholasopuni31),NO FORMAL LICENSE — README grants use w/ credit,bossa,FLAG,"4-bar drum loop, GM percussion"
drums/casio/Bossa-Nova-2.mid,casio-music-data (github: nicholasopuni31),NO FORMAL LICENSE — README grants use w/ credit,bossa,FLAG,"4-bar drum loop, GM percussion"
drums/casio/Cha-Cha-Cha.mid,casio-music-data (github: nicholasopuni31),NO FORMAL LICENSE — README grants use w/ credit,latin,FLAG,"4-bar drum loop, GM percussion"
drums/casio/Country-1.mid,casio-music-data (github: nicholasopuni31),NO FORMAL LICENSE — README grants use w/ credit,country,FLAG,"4-bar drum loop, GM percussion"
drums/casio/Country-2.mid,casio-music-data (github: nicholasopuni31),NO FORMAL LICENSE — README grants use w/ credit,country,FLAG,"4-bar drum loop, GM percussion"
drums/casio/Cumbia.mid,casio-music-data (github: nicholasopuni31),NO FORMAL LICENSE — README grants use w/ credit,latin,FLAG,"4-bar drum loop, GM percussion"
drums/casio/Dance-Pop-1.mid,casio-music-data (github: nicholasopuni31),NO FORMAL LICENSE — README grants use w/ credit,pop,FLAG,"4-bar drum loop, GM percussion"
drums/casio/Dance-Pop-2.mid,casio-music-data (github: nicholasopuni31),NO FORMAL LICENSE — README grants use w/ credit,pop,FLAG,"4-bar drum loop, GM percussion"
drums/casio/Dance.mid,casio-music-data (github: nicholasopuni31),NO FORMAL LICENSE — README grants use w/ credit,pop,FLAG,"4-bar drum loop, GM percussion"
drums/casio/Disco-1.mid,casio-music-data (github: nicholasopuni31),NO FORMAL LICENSE — README grants use w/ credit,funk,FLAG,"4-bar drum loop, GM percussion"
drums/casio/Disco-2.mid,casio-music-data (github: nicholasopuni31),NO FORMAL LICENSE — README grants use w/ credit,funk,FLAG,"4-bar drum loop, GM percussion"
drums/casio/Dixie.mid,casio-music-data (github: nicholasopuni31),NO FORMAL LICENSE — README grants use w/ credit,jazz,FLAG,"4-bar drum loop, GM percussion"
drums/casio/EP-Ballad-1.mid,casio-music-data (github: nicholasopuni31),NO FORMAL LICENSE — README grants use w/ credit,pop,FLAG,"4-bar drum loop, GM percussion"
drums/casio/EP-Ballad-2.mid,casio-music-data (github: nicholasopuni31),NO FORMAL LICENSE — README grants use w/ credit,pop,FLAG,"4-bar drum loop, GM percussion"
drums/casio/Enka.mid,casio-music-data (github: nicholasopuni31),NO FORMAL LICENSE — README grants use w/ credit,other,FLAG,"4-bar drum loop, GM percussion"
drums/casio/Euro-Beat.mid,casio-music-data (github: nicholasopuni31),NO FORMAL LICENSE — README grants use w/ credit,pop,FLAG,"4-bar drum loop, GM percussion"
drums/casio/Fast-Gospel.mid,casio-music-data (github: nicholasopuni31),NO FORMAL LICENSE — README grants use w/ credit,country,FLAG,"4-bar drum loop, GM percussion"
drums/casio/Folkie-Pop.mid,casio-music-data (github: nicholasopuni31),NO FORMAL LICENSE — README grants use w/ credit,pop,FLAG,"4-bar drum loop, GM percussion"
drums/casio/Folklore.mid,casio-music-data (github: nicholasopuni31),NO FORMAL LICENSE — README grants use w/ credit,country,FLAG,"4-bar drum loop, GM percussion"
drums/casio/Fox-Trot.mid,casio-music-data (github: nicholasopuni31),NO FORMAL LICENSE — README grants use w/ credit,other,FLAG,"4-bar drum loop, GM percussion"
drums/casio/French-Waltz.mid,casio-music-data (github: nicholasopuni31),NO FORMAL LICENSE — README grants use w/ credit,country,FLAG,"4-bar drum loop, GM percussion"
drums/casio/Funk.mid,casio-music-data (github: nicholasopuni31),NO FORMAL LICENSE — README grants use w/ credit,funk,FLAG,"4-bar drum loop, GM percussion"
drums/casio/Fusion-Shuffle.mid,casio-music-data (github: nicholasopuni31),NO FORMAL LICENSE — README grants use w/ credit,other,FLAG,"4-bar drum loop, GM percussion"
drums/casio/Groove-Soul.mid,casio-music-data (github: nicholasopuni31),NO FORMAL LICENSE — README grants use w/ credit,funk,FLAG,"4-bar drum loop, GM percussion"
drums/casio/Hawaiian.mid,casio-music-data (github: nicholasopuni31),NO FORMAL LICENSE — README grants use w/ credit,other,FLAG,"4-bar drum loop, GM percussion"
drums/casio/Heavy-Metal.mid,casio-music-data (github: nicholasopuni31),NO FORMAL LICENSE — README grants use w/ credit,rock,FLAG,"4-bar drum loop, GM percussion"
drums/casio/Hip-Hop.mid,casio-music-data (github: nicholasopuni31),NO FORMAL LICENSE — README grants use w/ credit,hiphop,FLAG,"4-bar drum loop, GM percussion"
drums/casio/Irish-Waltz.mid,casio-music-data (github: nicholasopuni31),NO FORMAL LICENSE — README grants use w/ credit,country,FLAG,"4-bar drum loop, GM percussion"
drums/casio/Jazz-Combo-1.mid,casio-music-data (github: nicholasopuni31),NO FORMAL LICENSE — README grants use w/ credit,jazz,FLAG,"4-bar drum loop, GM percussion"
drums/casio/Jazz-Combo-2.mid,casio-music-data (github: nicholasopuni31),NO FORMAL LICENSE — README grants use w/ credit,jazz,FLAG,"4-bar drum loop, GM percussion"
drums/casio/Jazz-Voices.mid,casio-music-data (github: nicholasopuni31),NO FORMAL LICENSE — README grants use w/ credit,jazz,FLAG,"4-bar drum loop, GM percussion"
drums/casio/Jazz-Waltz.mid,casio-music-data (github: nicholasopuni31),NO FORMAL LICENSE — README grants use w/ credit,jazz,FLAG,"4-bar drum loop, GM percussion"
drums/casio/Jive.mid,casio-music-data (github: nicholasopuni31),NO FORMAL LICENSE — README grants use w/ credit,other,FLAG,"4-bar drum loop, GM percussion"
drums/casio/Mambo-2.mid,casio-music-data (github: nicholasopuni31),NO FORMAL LICENSE — README grants use w/ credit,latin,FLAG,"4-bar drum loop, GM percussion"
drums/casio/Mambo.mid,casio-music-data (github: nicholasopuni31),NO FORMAL LICENSE — README grants use w/ credit,latin,FLAG,"4-bar drum loop, GM percussion"
drums/casio/March-1.mid,casio-music-data (github: nicholasopuni31),NO FORMAL LICENSE — README grants use w/ credit,country,FLAG,"4-bar drum loop, GM percussion"
drums/casio/March-2.mid,casio-music-data (github: nicholasopuni31),NO FORMAL LICENSE — README grants use w/ credit,country,FLAG,"4-bar drum loop, GM percussion"
drums/casio/Mellow-Jazz.mid,casio-music-data (github: nicholasopuni31),NO FORMAL LICENSE — README grants use w/ credit,jazz,FLAG,"4-bar drum loop, GM percussion"
drums/casio/Merengue.mid,casio-music-data (github: nicholasopuni31),NO FORMAL LICENSE — README grants use w/ credit,latin,FLAG,"4-bar drum loop, GM percussion"
drums/casio/NewOrleansR-R.mid,casio-music-data (github: nicholasopuni31),NO FORMAL LICENSE — README grants use w/ credit,other,FLAG,"4-bar drum loop, GM percussion"
drums/casio/Pasodoble.mid,casio-music-data (github: nicholasopuni31),NO FORMAL LICENSE — README grants use w/ credit,other,FLAG,"4-bar drum loop, GM percussion"
drums/casio/Piano-Ballad-1.mid,casio-music-data (github: nicholasopuni31),NO FORMAL LICENSE — README grants use w/ credit,pop,FLAG,"4-bar drum loop, GM percussion"
drums/casio/Piano-Ballad-2.mid,casio-music-data (github: nicholasopuni31),NO FORMAL LICENSE — README grants use w/ credit,pop,FLAG,"4-bar drum loop, GM percussion"
drums/casio/Piano-Ballad-3.mid,casio-music-data (github: nicholasopuni31),NO FORMAL LICENSE — README grants use w/ credit,pop,FLAG,"4-bar drum loop, GM percussion"
drums/casio/Polka.mid,casio-music-data (github: nicholasopuni31),NO FORMAL LICENSE — README grants use w/ credit,country,FLAG,"4-bar drum loop, GM percussion"
drums/casio/Pop-1.mid,casio-music-data (github: nicholasopuni31),NO FORMAL LICENSE — README grants use w/ credit,pop,FLAG,"4-bar drum loop, GM percussion"
drums/casio/Pop-2.mid,casio-music-data (github: nicholasopuni31),NO FORMAL LICENSE — README grants use w/ credit,pop,FLAG,"4-bar drum loop, GM percussion"
drums/casio/Pop-Ballad-1.mid,casio-music-data (github: nicholasopuni31),NO FORMAL LICENSE — README grants use w/ credit,pop,FLAG,"4-bar drum loop, GM percussion"
drums/casio/Pop-Ballad-2.mid,casio-music-data (github: nicholasopuni31),NO FORMAL LICENSE — README grants use w/ credit,pop,FLAG,"4-bar drum loop, GM percussion"
drums/casio/Pop-Fusion.mid,casio-music-data (github: nicholasopuni31),NO FORMAL LICENSE — README grants use w/ credit,pop,FLAG,"4-bar drum loop, GM percussion"
drums/casio/Pop-Polka.mid,casio-music-data (github: nicholasopuni31),NO FORMAL LICENSE — README grants use w/ credit,pop,FLAG,"4-bar drum loop, GM percussion"
drums/casio/Pop-Rock-1.mid,casio-music-data (github: nicholasopuni31),NO FORMAL LICENSE — README grants use w/ credit,rock,FLAG,"4-bar drum loop, GM percussion"
drums/casio/Pop-Rock-2.mid,casio-music-data (github: nicholasopuni31),NO FORMAL LICENSE — README grants use w/ credit,rock,FLAG,"4-bar drum loop, GM percussion"
drums/casio/Pop-Rock-3.mid,casio-music-data (github: nicholasopuni31),NO FORMAL LICENSE — README grants use w/ credit,rock,FLAG,"4-bar drum loop, GM percussion"
drums/casio/Pop-Shuffle-1.mid,casio-music-data (github: nicholasopuni31),NO FORMAL LICENSE — README grants use w/ credit,pop,FLAG,"4-bar drum loop, GM percussion"
drums/casio/Pop-Shuffle-2.mid,casio-music-data (github: nicholasopuni31),NO FORMAL LICENSE — README grants use w/ credit,pop,FLAG,"4-bar drum loop, GM percussion"
drums/casio/Pop-Waltz.mid,casio-music-data (github: nicholasopuni31),NO FORMAL LICENSE — README grants use w/ credit,pop,FLAG,"4-bar drum loop, GM percussion"
drums/casio/Punta.mid,casio-music-data (github: nicholasopuni31),NO FORMAL LICENSE — README grants use w/ credit,other,FLAG,"4-bar drum loop, GM percussion"
drums/casio/R-B.mid,casio-music-data (github: nicholasopuni31),NO FORMAL LICENSE — README grants use w/ credit,other,FLAG,"4-bar drum loop, GM percussion"
drums/casio/Ragtime.mid,casio-music-data (github: nicholasopuni31),NO FORMAL LICENSE — README grants use w/ credit,other,FLAG,"4-bar drum loop, GM percussion"
drums/casio/Reggae.mid,casio-music-data (github: nicholasopuni31),NO FORMAL LICENSE — README grants use w/ credit,latin,FLAG,"4-bar drum loop, GM percussion"
drums/casio/Rhumba.mid,casio-music-data (github: nicholasopuni31),NO FORMAL LICENSE — README grants use w/ credit,other,FLAG,"4-bar drum loop, GM percussion"
drums/casio/Rock-1.mid,casio-music-data (github: nicholasopuni31),NO FORMAL LICENSE — README grants use w/ credit,rock,FLAG,"4-bar drum loop, GM percussion"
drums/casio/Rock-2.mid,casio-music-data (github: nicholasopuni31),NO FORMAL LICENSE — README grants use w/ credit,rock,FLAG,"4-bar drum loop, GM percussion"
drums/casio/Rock-Ballad.mid,casio-music-data (github: nicholasopuni31),NO FORMAL LICENSE — README grants use w/ credit,rock,FLAG,"4-bar drum loop, GM percussion"
drums/casio/Rock-Waltz.mid,casio-music-data (github: nicholasopuni31),NO FORMAL LICENSE — README grants use w/ credit,rock,FLAG,"4-bar drum loop, GM percussion"
drums/casio/Salsa.mid,casio-music-data (github: nicholasopuni31),NO FORMAL LICENSE — README grants use w/ credit,latin,FLAG,"4-bar drum loop, GM percussion"
drums/casio/Samba-1.mid,casio-music-data (github: nicholasopuni31),NO FORMAL LICENSE — README grants use w/ credit,samba,FLAG,"4-bar drum loop, GM percussion"
drums/casio/Samba-2.mid,casio-music-data (github: nicholasopuni31),NO FORMAL LICENSE — README grants use w/ credit,samba,FLAG,"4-bar drum loop, GM percussion"
drums/casio/Serenade.mid,casio-music-data (github: nicholasopuni31),NO FORMAL LICENSE — README grants use w/ credit,other,FLAG,"4-bar drum loop, GM percussion"
drums/casio/Shuffle-Rock.mid,casio-music-data (github: nicholasopuni31),NO FORMAL LICENSE — README grants use w/ credit,rock,FLAG,"4-bar drum loop, GM percussion"
drums/casio/Sirtaki.mid,casio-music-data (github: nicholasopuni31),NO FORMAL LICENSE — README grants use w/ credit,other,FLAG,"4-bar drum loop, GM percussion"
drums/casio/Ska.mid,casio-music-data (github: nicholasopuni31),NO FORMAL LICENSE — README grants use w/ credit,latin,FLAG,"4-bar drum loop, GM percussion"
drums/casio/Slow-Gospel.mid,casio-music-data (github: nicholasopuni31),NO FORMAL LICENSE — README grants use w/ credit,country,FLAG,"4-bar drum loop, GM percussion"
drums/casio/Slow-Rock.mid,casio-music-data (github: nicholasopuni31),NO FORMAL LICENSE — README grants use w/ credit,rock,FLAG,"4-bar drum loop, GM percussion"
drums/casio/Slow-Swing.mid,casio-music-data (github: nicholasopuni31),NO FORMAL LICENSE — README grants use w/ credit,jazz,FLAG,"4-bar drum loop, GM percussion"
drums/casio/Slow-Waltz.mid,casio-music-data (github: nicholasopuni31),NO FORMAL LICENSE — README grants use w/ credit,country,FLAG,"4-bar drum loop, GM percussion"
drums/casio/Soft-Rock.mid,casio-music-data (github: nicholasopuni31),NO FORMAL LICENSE — README grants use w/ credit,rock,FLAG,"4-bar drum loop, GM percussion"
drums/casio/Soul-Ballad-1.mid,casio-music-data (github: nicholasopuni31),NO FORMAL LICENSE — README grants use w/ credit,funk,FLAG,"4-bar drum loop, GM percussion"
drums/casio/Soul-Ballad-2.mid,casio-music-data (github: nicholasopuni31),NO FORMAL LICENSE — README grants use w/ credit,funk,FLAG,"4-bar drum loop, GM percussion"
drums/casio/String-Quartet.mid,casio-music-data (github: nicholasopuni31),NO FORMAL LICENSE — README grants use w/ credit,other,FLAG,"4-bar drum loop, GM percussion"
drums/casio/Swing.mid,casio-music-data (github: nicholasopuni31),NO FORMAL LICENSE — README grants use w/ credit,jazz,FLAG,"4-bar drum loop, GM percussion"
drums/casio/Symphony.mid,casio-music-data (github: nicholasopuni31),NO FORMAL LICENSE — README grants use w/ credit,other,FLAG,"4-bar drum loop, GM percussion"
drums/casio/Tango.mid,casio-music-data (github: nicholasopuni31),NO FORMAL LICENSE — README grants use w/ credit,latin,FLAG,"4-bar drum loop, GM percussion"
drums/casio/Techno.mid,casio-music-data (github: nicholasopuni31),NO FORMAL LICENSE — README grants use w/ credit,pop,FLAG,"4-bar drum loop, GM percussion"
drums/casio/Tex-Mex.mid,casio-music-data (github: nicholasopuni31),NO FORMAL LICENSE — README grants use w/ credit,other,FLAG,"4-bar drum loop, GM percussion"
drums/casio/Trance.mid,casio-music-data (github: nicholasopuni31),NO FORMAL LICENSE — README grants use w/ credit,pop,FLAG,"4-bar drum loop, GM percussion"
drums/casio/Twist.mid,casio-music-data (github: nicholasopuni31),NO FORMAL LICENSE — README grants use w/ credit,other,FLAG,"4-bar drum loop, GM percussion"
drums/casio/Viennese-Waltz.mid,casio-music-data (github: nicholasopuni31),NO FORMAL LICENSE — README grants use w/ credit,country,FLAG,"4-bar drum loop, GM percussion"
drums/casio/Vocal-Pop.mid,casio-music-data (github: nicholasopuni31),NO FORMAL LICENSE — README grants use w/ credit,pop,FLAG,"4-bar drum loop, GM percussion"
drums/casio/Waltz-1.mid,casio-music-data (github: nicholasopuni31),NO FORMAL LICENSE — README grants use w/ credit,country,FLAG,"4-bar drum loop, GM percussion"
drums/casio/World-Pop.mid,casio-music-data (github: nicholasopuni31),NO FORMAL LICENSE — README grants use w/ credit,pop,FLAG,"4-bar drum loop, GM percussion"
bass/casio/16-Beat-1.mid,casio-music-data (github: nicholasopuni31),NO FORMAL LICENSE — README grants use w/ credit,pop,FLAG,"4-bar bassline, ch10 extracted from casio rhythm"
bass/casio/16-Beat-2.mid,casio-music-data (github: nicholasopuni31),NO FORMAL LICENSE — README grants use w/ credit,pop,FLAG,"4-bar bassline, ch10 extracted from casio rhythm"
bass/casio/2-Beat.mid,casio-music-data (github: nicholasopuni31),NO FORMAL LICENSE — README grants use w/ credit,pop,FLAG,"4-bar bassline, ch10 extracted from casio rhythm"
bass/casio/50-s-Rock.mid,casio-music-data (github: nicholasopuni31),NO FORMAL LICENSE — README grants use w/ credit,rock,FLAG,"4-bar bassline, ch10 extracted from casio rhythm"
bass/casio/6-8-March.mid,casio-music-data (github: nicholasopuni31),NO FORMAL LICENSE — README grants use w/ credit,country,FLAG,"4-bar bassline, ch10 extracted from casio rhythm"
bass/casio/60-s-Rock.mid,casio-music-data (github: nicholasopuni31),NO FORMAL LICENSE — README grants use w/ credit,rock,FLAG,"4-bar bassline, ch10 extracted from casio rhythm"
bass/casio/60-s-Soul.mid,casio-music-data (github: nicholasopuni31),NO FORMAL LICENSE — README grants use w/ credit,funk,FLAG,"4-bar bassline, ch10 extracted from casio rhythm"
bass/casio/8-Beat-1.mid,casio-music-data (github: nicholasopuni31),NO FORMAL LICENSE — README grants use w/ credit,pop,FLAG,"4-bar bassline, ch10 extracted from casio rhythm"
bass/casio/8-Beat-2.mid,casio-music-data (github: nicholasopuni31),NO FORMAL LICENSE — README grants use w/ credit,pop,FLAG,"4-bar bassline, ch10 extracted from casio rhythm"
bass/casio/8-Beat-3.mid,casio-music-data (github: nicholasopuni31),NO FORMAL LICENSE — README grants use w/ credit,pop,FLAG,"4-bar bassline, ch10 extracted from casio rhythm"
bass/casio/8-Beat-Dance.mid,casio-music-data (github: nicholasopuni31),NO FORMAL LICENSE — README grants use w/ credit,pop,FLAG,"4-bar bassline, ch10 extracted from casio rhythm"
bass/casio/8-Beat-Pop.mid,casio-music-data (github: nicholasopuni31),NO FORMAL LICENSE — README grants use w/ credit,pop,FLAG,"4-bar bassline, ch10 extracted from casio rhythm"
bass/casio/Acid-Jazz.mid,casio-music-data (github: nicholasopuni31),NO FORMAL LICENSE — README grants use w/ credit,jazz,FLAG,"4-bar bassline, ch10 extracted from casio rhythm"
bass/casio/Adani.mid,casio-music-data (github: nicholasopuni31),NO FORMAL LICENSE — README grants use w/ credit,other,FLAG,"4-bar bassline, ch10 extracted from casio rhythm"
bass/casio/Arpeggio-1.mid,casio-music-data (github: nicholasopuni31),NO FORMAL LICENSE — README grants use w/ credit,other,FLAG,"4-bar bassline, ch10 extracted from casio rhythm"
bass/casio/Arpeggio-2.mid,casio-music-data (github: nicholasopuni31),NO FORMAL LICENSE — README grants use w/ credit,other,FLAG,"4-bar bassline, ch10 extracted from casio rhythm"
bass/casio/Arpeggio-3.mid,casio-music-data (github: nicholasopuni31),NO FORMAL LICENSE — README grants use w/ credit,other,FLAG,"4-bar bassline, ch10 extracted from casio rhythm"
bass/casio/Baladi.mid,casio-music-data (github: nicholasopuni31),NO FORMAL LICENSE — README grants use w/ credit,other,FLAG,"4-bar bassline, ch10 extracted from casio rhythm"
bass/casio/Ballad.mid,casio-music-data (github: nicholasopuni31),NO FORMAL LICENSE — README grants use w/ credit,pop,FLAG,"4-bar bassline, ch10 extracted from casio rhythm"
bass/casio/Big-Band-1.mid,casio-music-data (github: nicholasopuni31),NO FORMAL LICENSE — README grants use w/ credit,other,FLAG,"4-bar bassline, ch10 extracted from casio rhythm"
bass/casio/Big-Band-2.mid,casio-music-data (github: nicholasopuni31),NO FORMAL LICENSE — README grants use w/ credit,other,FLAG,"4-bar bassline, ch10 extracted from casio rhythm"
bass/casio/Big-Band-3.mid,casio-music-data (github: nicholasopuni31),NO FORMAL LICENSE — README grants use w/ credit,other,FLAG,"4-bar bassline, ch10 extracted from casio rhythm"
bass/casio/Bluegrass.mid,casio-music-data (github: nicholasopuni31),NO FORMAL LICENSE — README grants use w/ credit,country,FLAG,"4-bar bassline, ch10 extracted from casio rhythm"
bass/casio/Blues-Ballad.mid,casio-music-data (github: nicholasopuni31),NO FORMAL LICENSE — README grants use w/ credit,rock,FLAG,"4-bar bassline, ch10 extracted from casio rhythm"
bass/casio/Blues.mid,casio-music-data (github: nicholasopuni31),NO FORMAL LICENSE — README grants use w/ credit,rock,FLAG,"4-bar bassline, ch10 extracted from casio rhythm"
bass/casio/Bolero.mid,casio-music-data (github: nicholasopuni31),NO FORMAL LICENSE — README grants use w/ credit,latin,FLAG,"4-bar bassline, ch10 extracted from casio rhythm"
bass/casio/Boogie.mid,casio-music-data (github: nicholasopuni31),NO FORMAL LICENSE — README grants use w/ credit,rock,FLAG,"4-bar bassline, ch10 extracted from casio rhythm"
bass/casio/Bossa-Nova-1.mid,casio-music-data (github: nicholasopuni31),NO FORMAL LICENSE — README grants use w/ credit,bossa,FLAG,"4-bar bassline, ch10 extracted from casio rhythm"
bass/casio/Bossa-Nova-2.mid,casio-music-data (github: nicholasopuni31),NO FORMAL LICENSE — README grants use w/ credit,bossa,FLAG,"4-bar bassline, ch10 extracted from casio rhythm"
bass/casio/Cha-Cha-Cha.mid,casio-music-data (github: nicholasopuni31),NO FORMAL LICENSE — README grants use w/ credit,latin,FLAG,"4-bar bassline, ch10 extracted from casio rhythm"
bass/casio/Country-1.mid,casio-music-data (github: nicholasopuni31),NO FORMAL LICENSE — README grants use w/ credit,country,FLAG,"4-bar bassline, ch10 extracted from casio rhythm"
bass/casio/Country-2.mid,casio-music-data (github: nicholasopuni31),NO FORMAL LICENSE — README grants use w/ credit,country,FLAG,"4-bar bassline, ch10 extracted from casio rhythm"
bass/casio/Cumbia.mid,casio-music-data (github: nicholasopuni31),NO FORMAL LICENSE — README grants use w/ credit,latin,FLAG,"4-bar bassline, ch10 extracted from casio rhythm"
bass/casio/Dance-Pop-1.mid,casio-music-data (github: nicholasopuni31),NO FORMAL LICENSE — README grants use w/ credit,pop,FLAG,"4-bar bassline, ch10 extracted from casio rhythm"
bass/casio/Dance-Pop-2.mid,casio-music-data (github: nicholasopuni31),NO FORMAL LICENSE — README grants use w/ credit,pop,FLAG,"4-bar bassline, ch10 extracted from casio rhythm"
bass/casio/Dance.mid,casio-music-data (github: nicholasopuni31),NO FORMAL LICENSE — README grants use w/ credit,pop,FLAG,"4-bar bassline, ch10 extracted from casio rhythm"
bass/casio/Disco-1.mid,casio-music-data (github: nicholasopuni31),NO FORMAL LICENSE — README grants use w/ credit,funk,FLAG,"4-bar bassline, ch10 extracted from casio rhythm"
bass/casio/Disco-2.mid,casio-music-data (github: nicholasopuni31),NO FORMAL LICENSE — README grants use w/ credit,funk,FLAG,"4-bar bassline, ch10 extracted from casio rhythm"
bass/casio/Dixie.mid,casio-music-data (github: nicholasopuni31),NO FORMAL LICENSE — README grants use w/ credit,jazz,FLAG,"4-bar bassline, ch10 extracted from casio rhythm"
bass/casio/EP-Ballad-1.mid,casio-music-data (github: nicholasopuni31),NO FORMAL LICENSE — README grants use w/ credit,pop,FLAG,"4-bar bassline, ch10 extracted from casio rhythm"
bass/casio/EP-Ballad-2.mid,casio-music-data (github: nicholasopuni31),NO FORMAL LICENSE — README grants use w/ credit,pop,FLAG,"4-bar bassline, ch10 extracted from casio rhythm"
bass/casio/Enka.mid,casio-music-data (github: nicholasopuni31),NO FORMAL LICENSE — README grants use w/ credit,other,FLAG,"4-bar bassline, ch10 extracted from casio rhythm"
bass/casio/Euro-Beat.mid,casio-music-data (github: nicholasopuni31),NO FORMAL LICENSE — README grants use w/ credit,pop,FLAG,"4-bar bassline, ch10 extracted from casio rhythm"
bass/casio/Fast-Gospel.mid,casio-music-data (github: nicholasopuni31),NO FORMAL LICENSE — README grants use w/ credit,country,FLAG,"4-bar bassline, ch10 extracted from casio rhythm"
bass/casio/Folkie-Pop.mid,casio-music-data (github: nicholasopuni31),NO FORMAL LICENSE — README grants use w/ credit,pop,FLAG,"4-bar bassline, ch10 extracted from casio rhythm"
bass/casio/Folklore.mid,casio-music-data (github: nicholasopuni31),NO FORMAL LICENSE — README grants use w/ credit,country,FLAG,"4-bar bassline, ch10 extracted from casio rhythm"
bass/casio/Fox-Trot.mid,casio-music-data (github: nicholasopuni31),NO FORMAL LICENSE — README grants use w/ credit,other,FLAG,"4-bar bassline, ch10 extracted from casio rhythm"
bass/casio/French-Waltz.mid,casio-music-data (github: nicholasopuni31),NO FORMAL LICENSE — README grants use w/ credit,country,FLAG,"4-bar bassline, ch10 extracted from casio rhythm"
bass/casio/Funk.mid,casio-music-data (github: nicholasopuni31),NO FORMAL LICENSE — README grants use w/ credit,funk,FLAG,"4-bar bassline, ch10 extracted from casio rhythm"
bass/casio/Fusion-Shuffle.mid,casio-music-data (github: nicholasopuni31),NO FORMAL LICENSE — README grants use w/ credit,other,FLAG,"4-bar bassline, ch10 extracted from casio rhythm"
bass/casio/Groove-Soul.mid,casio-music-data (github: nicholasopuni31),NO FORMAL LICENSE — README grants use w/ credit,funk,FLAG,"4-bar bassline, ch10 extracted from casio rhythm"
bass/casio/Hawaiian.mid,casio-music-data (github: nicholasopuni31),NO FORMAL LICENSE — README grants use w/ credit,other,FLAG,"4-bar bassline, ch10 extracted from casio rhythm"
bass/casio/Heavy-Metal.mid,casio-music-data (github: nicholasopuni31),NO FORMAL LICENSE — README grants use w/ credit,rock,FLAG,"4-bar bassline, ch10 extracted from casio rhythm"
bass/casio/Hip-Hop.mid,casio-music-data (github: nicholasopuni31),NO FORMAL LICENSE — README grants use w/ credit,hiphop,FLAG,"4-bar bassline, ch10 extracted from casio rhythm"
bass/casio/Jazz-Combo-1.mid,casio-music-data (github: nicholasopuni31),NO FORMAL LICENSE — README grants use w/ credit,jazz,FLAG,"4-bar bassline, ch10 extracted from casio rhythm"
bass/casio/Jazz-Combo-2.mid,casio-music-data (github: nicholasopuni31),NO FORMAL LICENSE — README grants use w/ credit,jazz,FLAG,"4-bar bassline, ch10 extracted from casio rhythm"
bass/casio/Jazz-Voices.mid,casio-music-data (github: nicholasopuni31),NO FORMAL LICENSE — README grants use w/ credit,jazz,FLAG,"4-bar bassline, ch10 extracted from casio rhythm"
bass/casio/Jazz-Waltz.mid,casio-music-data (github: nicholasopuni31),NO FORMAL LICENSE — README grants use w/ credit,jazz,FLAG,"4-bar bassline, ch10 extracted from casio rhythm"
bass/casio/Jive.mid,casio-music-data (github: nicholasopuni31),NO FORMAL LICENSE — README grants use w/ credit,other,FLAG,"4-bar bassline, ch10 extracted from casio rhythm"
bass/casio/Mambo.mid,casio-music-data (github: nicholasopuni31),NO FORMAL LICENSE — README grants use w/ credit,latin,FLAG,"4-bar bassline, ch10 extracted from casio rhythm"
bass/casio/March-1.mid,casio-music-data (github: nicholasopuni31),NO FORMAL LICENSE — README grants use w/ credit,country,FLAG,"4-bar bassline, ch10 extracted from casio rhythm"
bass/casio/March-2.mid,casio-music-data (github: nicholasopuni31),NO FORMAL LICENSE — README grants use w/ credit,country,FLAG,"4-bar bassline, ch10 extracted from casio rhythm"
bass/casio/March-3.mid,casio-music-data (github: nicholasopuni31),NO FORMAL LICENSE — README grants use w/ credit,country,FLAG,"4-bar bassline, ch10 extracted from casio rhythm"
bass/casio/Mellow-Jazz.mid,casio-music-data (github: nicholasopuni31),NO FORMAL LICENSE — README grants use w/ credit,jazz,FLAG,"4-bar bassline, ch10 extracted from casio rhythm"
bass/casio/Merengue.mid,casio-music-data (github: nicholasopuni31),NO FORMAL LICENSE — README grants use w/ credit,latin,FLAG,"4-bar bassline, ch10 extracted from casio rhythm"
bass/casio/NewOrleansR-R.mid,casio-music-data (github: nicholasopuni31),NO FORMAL LICENSE — README grants use w/ credit,other,FLAG,"4-bar bassline, ch10 extracted from casio rhythm"
bass/casio/Pasodoble.mid,casio-music-data (github: nicholasopuni31),NO FORMAL LICENSE — README grants use w/ credit,other,FLAG,"4-bar bassline, ch10 extracted from casio rhythm"
bass/casio/Piano-Ballad-1.mid,casio-music-data (github: nicholasopuni31),NO FORMAL LICENSE — README grants use w/ credit,pop,FLAG,"4-bar bassline, ch10 extracted from casio rhythm"
bass/casio/Piano-Ballad-2.mid,casio-music-data (github: nicholasopuni31),NO FORMAL LICENSE — README grants use w/ credit,pop,FLAG,"4-bar bassline, ch10 extracted from casio rhythm"
bass/casio/Piano-Ballad-3.mid,casio-music-data (github: nicholasopuni31),NO FORMAL LICENSE — README grants use w/ credit,pop,FLAG,"4-bar bassline, ch10 extracted from casio rhythm"
bass/casio/Piano-Ballad-4.mid,casio-music-data (github: nicholasopuni31),NO FORMAL LICENSE — README grants use w/ credit,pop,FLAG,"4-bar bassline, ch10 extracted from casio rhythm"
bass/casio/Polka.mid,casio-music-data (github: nicholasopuni31),NO FORMAL LICENSE — README grants use w/ credit,country,FLAG,"4-bar bassline, ch10 extracted from casio rhythm"
bass/casio/Pop-1.mid,casio-music-data (github: nicholasopuni31),NO FORMAL LICENSE — README grants use w/ credit,pop,FLAG,"4-bar bassline, ch10 extracted from casio rhythm"
bass/casio/Pop-2.mid,casio-music-data (github: nicholasopuni31),NO FORMAL LICENSE — README grants use w/ credit,pop,FLAG,"4-bar bassline, ch10 extracted from casio rhythm"
bass/casio/Pop-Ballad-1.mid,casio-music-data (github: nicholasopuni31),NO FORMAL LICENSE — README grants use w/ credit,pop,FLAG,"4-bar bassline, ch10 extracted from casio rhythm"
bass/casio/Pop-Ballad-2.mid,casio-music-data (github: nicholasopuni31),NO FORMAL LICENSE — README grants use w/ credit,pop,FLAG,"4-bar bassline, ch10 extracted from casio rhythm"
bass/casio/Pop-Fusion.mid,casio-music-data (github: nicholasopuni31),NO FORMAL LICENSE — README grants use w/ credit,pop,FLAG,"4-bar bassline, ch10 extracted from casio rhythm"
bass/casio/Pop-Polka.mid,casio-music-data (github: nicholasopuni31),NO FORMAL LICENSE — README grants use w/ credit,pop,FLAG,"4-bar bassline, ch10 extracted from casio rhythm"
bass/casio/Pop-Rock-1.mid,casio-music-data (github: nicholasopuni31),NO FORMAL LICENSE — README grants use w/ credit,rock,FLAG,"4-bar bassline, ch10 extracted from casio rhythm"
bass/casio/Pop-Rock-2.mid,casio-music-data (github: nicholasopuni31),NO FORMAL LICENSE — README grants use w/ credit,rock,FLAG,"4-bar bassline, ch10 extracted from casio rhythm"
bass/casio/Pop-Rock-3.mid,casio-music-data (github: nicholasopuni31),NO FORMAL LICENSE — README grants use w/ credit,rock,FLAG,"4-bar bassline, ch10 extracted from casio rhythm"
bass/casio/Pop-Shuffle-1.mid,casio-music-data (github: nicholasopuni31),NO FORMAL LICENSE — README grants use w/ credit,pop,FLAG,"4-bar bassline, ch10 extracted from casio rhythm"
bass/casio/Pop-Shuffle-2.mid,casio-music-data (github: nicholasopuni31),NO FORMAL LICENSE — README grants use w/ credit,pop,FLAG,"4-bar bassline, ch10 extracted from casio rhythm"
bass/casio/Pop-Waltz.mid,casio-music-data (github: nicholasopuni31),NO FORMAL LICENSE — README grants use w/ credit,pop,FLAG,"4-bar bassline, ch10 extracted from casio rhythm"
bass/casio/Punta.mid,casio-music-data (github: nicholasopuni31),NO FORMAL LICENSE — README grants use w/ credit,other,FLAG,"4-bar bassline, ch10 extracted from casio rhythm"
bass/casio/R-B.mid,casio-music-data (github: nicholasopuni31),NO FORMAL LICENSE — README grants use w/ credit,other,FLAG,"4-bar bassline, ch10 extracted from casio rhythm"
bass/casio/Ragtime.mid,casio-music-data (github: nicholasopuni31),NO FORMAL LICENSE — README grants use w/ credit,other,FLAG,"4-bar bassline, ch10 extracted from casio rhythm"
bass/casio/Reggae.mid,casio-music-data (github: nicholasopuni31),NO FORMAL LICENSE — README grants use w/ credit,latin,FLAG,"4-bar bassline, ch10 extracted from casio rhythm"
bass/casio/Rhumba.mid,casio-music-data (github: nicholasopuni31),NO FORMAL LICENSE — README grants use w/ credit,other,FLAG,"4-bar bassline, ch10 extracted from casio rhythm"
bass/casio/Rock-1.mid,casio-music-data (github: nicholasopuni31),NO FORMAL LICENSE — README grants use w/ credit,rock,FLAG,"4-bar bassline, ch10 extracted from casio rhythm"
bass/casio/Rock-2.mid,casio-music-data (github: nicholasopuni31),NO FORMAL LICENSE — README grants use w/ credit,rock,FLAG,"4-bar bassline, ch10 extracted from casio rhythm"
bass/casio/Rock-Ballad.mid,casio-music-data (github: nicholasopuni31),NO FORMAL LICENSE — README grants use w/ credit,rock,FLAG,"4-bar bassline, ch10 extracted from casio rhythm"
bass/casio/Rock-Waltz.mid,casio-music-data (github: nicholasopuni31),NO FORMAL LICENSE — README grants use w/ credit,rock,FLAG,"4-bar bassline, ch10 extracted from casio rhythm"
bass/casio/Salsa.mid,casio-music-data (github: nicholasopuni31),NO FORMAL LICENSE — README grants use w/ credit,latin,FLAG,"4-bar bassline, ch10 extracted from casio rhythm"
bass/casio/Samba-1.mid,casio-music-data (github: nicholasopuni31),NO FORMAL LICENSE — README grants use w/ credit,samba,FLAG,"4-bar bassline, ch10 extracted from casio rhythm"
bass/casio/Samba-2.mid,casio-music-data (github: nicholasopuni31),NO FORMAL LICENSE — README grants use w/ credit,samba,FLAG,"4-bar bassline, ch10 extracted from casio rhythm"
bass/casio/Serenade.mid,casio-music-data (github: nicholasopuni31),NO FORMAL LICENSE — README grants use w/ credit,other,FLAG,"4-bar bassline, ch10 extracted from casio rhythm"
bass/casio/Shuffle-Rock.mid,casio-music-data (github: nicholasopuni31),NO FORMAL LICENSE — README grants use w/ credit,rock,FLAG,"4-bar bassline, ch10 extracted from casio rhythm"
bass/casio/Sirtaki.mid,casio-music-data (github: nicholasopuni31),NO FORMAL LICENSE — README grants use w/ credit,other,FLAG,"4-bar bassline, ch10 extracted from casio rhythm"
bass/casio/Ska.mid,casio-music-data (github: nicholasopuni31),NO FORMAL LICENSE — README grants use w/ credit,latin,FLAG,"4-bar bassline, ch10 extracted from casio rhythm"
bass/casio/Slow-Gospel.mid,casio-music-data (github: nicholasopuni31),NO FORMAL LICENSE — README grants use w/ credit,country,FLAG,"4-bar bassline, ch10 extracted from casio rhythm"
bass/casio/Slow-Rock.mid,casio-music-data (github: nicholasopuni31),NO FORMAL LICENSE — README grants use w/ credit,rock,FLAG,"4-bar bassline, ch10 extracted from casio rhythm"
bass/casio/Slow-Swing.mid,casio-music-data (github: nicholasopuni31),NO FORMAL LICENSE — README grants use w/ credit,jazz,FLAG,"4-bar bassline, ch10 extracted from casio rhythm"
bass/casio/Slow-Waltz.mid,casio-music-data (github: nicholasopuni31),NO FORMAL LICENSE — README grants use w/ credit,country,FLAG,"4-bar bassline, ch10 extracted from casio rhythm"
bass/casio/Soft-Rock.mid,casio-music-data (github: nicholasopuni31),NO FORMAL LICENSE — README grants use w/ credit,rock,FLAG,"4-bar bassline, ch10 extracted from casio rhythm"
bass/casio/Soul-Ballad-1.mid,casio-music-data (github: nicholasopuni31),NO FORMAL LICENSE — README grants use w/ credit,funk,FLAG,"4-bar bassline, ch10 extracted from casio rhythm"
bass/casio/Soul-Ballad-2.mid,casio-music-data (github: nicholasopuni31),NO FORMAL LICENSE — README grants use w/ credit,funk,FLAG,"4-bar bassline, ch10 extracted from casio rhythm"
bass/casio/String-Quartet.mid,casio-music-data (github: nicholasopuni31),NO FORMAL LICENSE — README grants use w/ credit,other,FLAG,"4-bar bassline, ch10 extracted from casio rhythm"
bass/casio/Swing.mid,casio-music-data (github: nicholasopuni31),NO FORMAL LICENSE — README grants use w/ credit,jazz,FLAG,"4-bar bassline, ch10 extracted from casio rhythm"
bass/casio/Tango.mid,casio-music-data (github: nicholasopuni31),NO FORMAL LICENSE — README grants use w/ credit,latin,FLAG,"4-bar bassline, ch10 extracted from casio rhythm"
bass/casio/Techno.mid,casio-music-data (github: nicholasopuni31),NO FORMAL LICENSE — README grants use w/ credit,pop,FLAG,"4-bar bassline, ch10 extracted from casio rhythm"
bass/casio/Tex-Mex.mid,casio-music-data (github: nicholasopuni31),NO FORMAL LICENSE — README grants use w/ credit,other,FLAG,"4-bar bassline, ch10 extracted from casio rhythm"
bass/casio/Trance.mid,casio-music-data (github: nicholasopuni31),NO FORMAL LICENSE — README grants use w/ credit,pop,FLAG,"4-bar bassline, ch10 extracted from casio rhythm"
bass/casio/Twist.mid,casio-music-data (github: nicholasopuni31),NO FORMAL LICENSE — README grants use w/ credit,other,FLAG,"4-bar bassline, ch10 extracted from casio rhythm"
bass/casio/Viennese-Waltz.mid,casio-music-data (github: nicholasopuni31),NO FORMAL LICENSE — README grants use w/ credit,country,FLAG,"4-bar bassline, ch10 extracted from casio rhythm"
bass/casio/Waltz-1.mid,casio-music-data (github: nicholasopuni31),NO FORMAL LICENSE — README grants use w/ credit,country,FLAG,"4-bar bassline, ch10 extracted from casio rhythm"
bass/casio/Waltz-2.mid,casio-music-data (github: nicholasopuni31),NO FORMAL LICENSE — README grants use w/ credit,country,FLAG,"4-bar bassline, ch10 extracted from casio rhythm"
bass/casio/Waltz-3.mid,casio-music-data (github: nicholasopuni31),NO FORMAL LICENSE — README grants use w/ credit,country,FLAG,"4-bar bassline, ch10 extracted from casio rhythm"
bass/casio/Waltz-4.mid,casio-music-data (github: nicholasopuni31),NO FORMAL LICENSE — README grants use w/ credit,country,FLAG,"4-bar bassline, ch10 extracted from casio rhythm"
bass/casio/World-Pop.mid,casio-music-data (github: nicholasopuni31),NO FORMAL LICENSE — README grants use w/ credit,pop,FLAG,"4-bar bassline, ch10 extracted from casio rhythm"
chords/casio-comp/16-Beat-1.mid,casio-music-data (github: nicholasopuni31),NO FORMAL LICENSE — README grants use w/ credit,pop,FLAG,"4-bar chord comp, first melodic channel"
chords/casio-comp/16-Beat-2.mid,casio-music-data (github: nicholasopuni31),NO FORMAL LICENSE — README grants use w/ credit,pop,FLAG,"4-bar chord comp, first melodic channel"
chords/casio-comp/50-s-Rock.mid,casio-music-data (github: nicholasopuni31),NO FORMAL LICENSE — README grants use w/ credit,rock,FLAG,"4-bar chord comp, first melodic channel"
chords/casio-comp/60-s-Rock.mid,casio-music-data (github: nicholasopuni31),NO FORMAL LICENSE — README grants use w/ credit,rock,FLAG,"4-bar chord comp, first melodic channel"
chords/casio-comp/60-s-Soul.mid,casio-music-data (github: nicholasopuni31),NO FORMAL LICENSE — README grants use w/ credit,funk,FLAG,"4-bar chord comp, first melodic channel"
chords/casio-comp/8-Beat-1.mid,casio-music-data (github: nicholasopuni31),NO FORMAL LICENSE — README grants use w/ credit,pop,FLAG,"4-bar chord comp, first melodic channel"
chords/casio-comp/8-Beat-2.mid,casio-music-data (github: nicholasopuni31),NO FORMAL LICENSE — README grants use w/ credit,pop,FLAG,"4-bar chord comp, first melodic channel"
chords/casio-comp/8-Beat-3.mid,casio-music-data (github: nicholasopuni31),NO FORMAL LICENSE — README grants use w/ credit,pop,FLAG,"4-bar chord comp, first melodic channel"
chords/casio-comp/8-Beat-Dance.mid,casio-music-data (github: nicholasopuni31),NO FORMAL LICENSE — README grants use w/ credit,pop,FLAG,"4-bar chord comp, first melodic channel"
chords/casio-comp/8-Beat-Pop.mid,casio-music-data (github: nicholasopuni31),NO FORMAL LICENSE — README grants use w/ credit,pop,FLAG,"4-bar chord comp, first melodic channel"
chords/casio-comp/Acid-Jazz.mid,casio-music-data (github: nicholasopuni31),NO FORMAL LICENSE — README grants use w/ credit,jazz,FLAG,"4-bar chord comp, first melodic channel"
chords/casio-comp/Adani.mid,casio-music-data (github: nicholasopuni31),NO FORMAL LICENSE — README grants use w/ credit,other,FLAG,"4-bar chord comp, first melodic channel"
chords/casio-comp/Baladi.mid,casio-music-data (github: nicholasopuni31),NO FORMAL LICENSE — README grants use w/ credit,other,FLAG,"4-bar chord comp, first melodic channel"
chords/casio-comp/Ballad.mid,casio-music-data (github: nicholasopuni31),NO FORMAL LICENSE — README grants use w/ credit,pop,FLAG,"4-bar chord comp, first melodic channel"
chords/casio-comp/BeautifulWaltz.mid,casio-music-data (github: nicholasopuni31),NO FORMAL LICENSE — README grants use w/ credit,country,FLAG,"4-bar chord comp, first melodic channel"
chords/casio-comp/Benguine.mid,casio-music-data (github: nicholasopuni31),NO FORMAL LICENSE — README grants use w/ credit,other,FLAG,"4-bar chord comp, first melodic channel"
chords/casio-comp/Big-Band-1.mid,casio-music-data (github: nicholasopuni31),NO FORMAL LICENSE — README grants use w/ credit,other,FLAG,"4-bar chord comp, first melodic channel"
chords/casio-comp/Big-Band-2.mid,casio-music-data (github: nicholasopuni31),NO FORMAL LICENSE — README grants use w/ credit,other,FLAG,"4-bar chord comp, first melodic channel"
chords/casio-comp/Big-Band-3.mid,casio-music-data (github: nicholasopuni31),NO FORMAL LICENSE — README grants use w/ credit,other,FLAG,"4-bar chord comp, first melodic channel"
chords/casio-comp/Bluegrass.mid,casio-music-data (github: nicholasopuni31),NO FORMAL LICENSE — README grants use w/ credit,country,FLAG,"4-bar chord comp, first melodic channel"
chords/casio-comp/Blues-Ballad.mid,casio-music-data (github: nicholasopuni31),NO FORMAL LICENSE — README grants use w/ credit,rock,FLAG,"4-bar chord comp, first melodic channel"
chords/casio-comp/Blues.mid,casio-music-data (github: nicholasopuni31),NO FORMAL LICENSE — README grants use w/ credit,rock,FLAG,"4-bar chord comp, first melodic channel"
chords/casio-comp/Bolero.mid,casio-music-data (github: nicholasopuni31),NO FORMAL LICENSE — README grants use w/ credit,latin,FLAG,"4-bar chord comp, first melodic channel"
chords/casio-comp/Boogie.mid,casio-music-data (github: nicholasopuni31),NO FORMAL LICENSE — README grants use w/ credit,rock,FLAG,"4-bar chord comp, first melodic channel"
chords/casio-comp/Bossa-Nova-1.mid,casio-music-data (github: nicholasopuni31),NO FORMAL LICENSE — README grants use w/ credit,bossa,FLAG,"4-bar chord comp, first melodic channel"
chords/casio-comp/Bossa-Nova-2.mid,casio-music-data (github: nicholasopuni31),NO FORMAL LICENSE — README grants use w/ credit,bossa,FLAG,"4-bar chord comp, first melodic channel"
chords/casio-comp/Cha-Cha-Cha.mid,casio-music-data (github: nicholasopuni31),NO FORMAL LICENSE — README grants use w/ credit,latin,FLAG,"4-bar chord comp, first melodic channel"
chords/casio-comp/Country-1.mid,casio-music-data (github: nicholasopuni31),NO FORMAL LICENSE — README grants use w/ credit,country,FLAG,"4-bar chord comp, first melodic channel"
chords/casio-comp/Country-2.mid,casio-music-data (github: nicholasopuni31),NO FORMAL LICENSE — README grants use w/ credit,country,FLAG,"4-bar chord comp, first melodic channel"
chords/casio-comp/Cumbia.mid,casio-music-data (github: nicholasopuni31),NO FORMAL LICENSE — README grants use w/ credit,latin,FLAG,"4-bar chord comp, first melodic channel"
chords/casio-comp/Dance-Pop-1.mid,casio-music-data (github: nicholasopuni31),NO FORMAL LICENSE — README grants use w/ credit,pop,FLAG,"4-bar chord comp, first melodic channel"
chords/casio-comp/Dance-Pop-2.mid,casio-music-data (github: nicholasopuni31),NO FORMAL LICENSE — README grants use w/ credit,pop,FLAG,"4-bar chord comp, first melodic channel"
chords/casio-comp/Dance.mid,casio-music-data (github: nicholasopuni31),NO FORMAL LICENSE — README grants use w/ credit,pop,FLAG,"4-bar chord comp, first melodic channel"
chords/casio-comp/Disco-1.mid,casio-music-data (github: nicholasopuni31),NO FORMAL LICENSE — README grants use w/ credit,funk,FLAG,"4-bar chord comp, first melodic channel"
chords/casio-comp/Disco-2.mid,casio-music-data (github: nicholasopuni31),NO FORMAL LICENSE — README grants use w/ credit,funk,FLAG,"4-bar chord comp, first melodic channel"
chords/casio-comp/Dixie.mid,casio-music-data (github: nicholasopuni31),NO FORMAL LICENSE — README grants use w/ credit,jazz,FLAG,"4-bar chord comp, first melodic channel"
chords/casio-comp/EP-Ballad-1.mid,casio-music-data (github: nicholasopuni31),NO FORMAL LICENSE — README grants use w/ credit,pop,FLAG,"4-bar chord comp, first melodic channel"
chords/casio-comp/EP-Ballad-2.mid,casio-music-data (github: nicholasopuni31),NO FORMAL LICENSE — README grants use w/ credit,pop,FLAG,"4-bar chord comp, first melodic channel"
chords/casio-comp/Enka.mid,casio-music-data (github: nicholasopuni31),NO FORMAL LICENSE — README grants use w/ credit,other,FLAG,"4-bar chord comp, first melodic channel"
chords/casio-comp/Euro-Beat.mid,casio-music-data (github: nicholasopuni31),NO FORMAL LICENSE — README grants use w/ credit,pop,FLAG,"4-bar chord comp, first melodic channel"
chords/casio-comp/Fast-Gospel.mid,casio-music-data (github: nicholasopuni31),NO FORMAL LICENSE — README grants use w/ credit,country,FLAG,"4-bar chord comp, first melodic channel"
chords/casio-comp/Folkie-Pop.mid,casio-music-data (github: nicholasopuni31),NO FORMAL LICENSE — README grants use w/ credit,pop,FLAG,"4-bar chord comp, first melodic channel"
chords/casio-comp/Folklore.mid,casio-music-data (github: nicholasopuni31),NO FORMAL LICENSE — README grants use w/ credit,country,FLAG,"4-bar chord comp, first melodic channel"
chords/casio-comp/Fox-Trot.mid,casio-music-data (github: nicholasopuni31),NO FORMAL LICENSE — README grants use w/ credit,other,FLAG,"4-bar chord comp, first melodic channel"
chords/casio-comp/French-Waltz.mid,casio-music-data (github: nicholasopuni31),NO FORMAL LICENSE — README grants use w/ credit,country,FLAG,"4-bar chord comp, first melodic channel"
chords/casio-comp/Funk.mid,casio-music-data (github: nicholasopuni31),NO FORMAL LICENSE — README grants use w/ credit,funk,FLAG,"4-bar chord comp, first melodic channel"
chords/casio-comp/Fusion-Shuffle.mid,casio-music-data (github: nicholasopuni31),NO FORMAL LICENSE — README grants use w/ credit,other,FLAG,"4-bar chord comp, first melodic channel"
chords/casio-comp/Groove-Soul.mid,casio-music-data (github: nicholasopuni31),NO FORMAL LICENSE — README grants use w/ credit,funk,FLAG,"4-bar chord comp, first melodic channel"
chords/casio-comp/Hawaiian.mid,casio-music-data (github: nicholasopuni31),NO FORMAL LICENSE — README grants use w/ credit,other,FLAG,"4-bar chord comp, first melodic channel"
chords/casio-comp/Heavy-Metal.mid,casio-music-data (github: nicholasopuni31),NO FORMAL LICENSE — README grants use w/ credit,rock,FLAG,"4-bar chord comp, first melodic channel"
chords/casio-comp/Hip-Hop.mid,casio-music-data (github: nicholasopuni31),NO FORMAL LICENSE — README grants use w/ credit,hiphop,FLAG,"4-bar chord comp, first melodic channel"
chords/casio-comp/Irish-Waltz.mid,casio-music-data (github: nicholasopuni31),NO FORMAL LICENSE — README grants use w/ credit,country,FLAG,"4-bar chord comp, first melodic channel"
chords/casio-comp/Jazz-Combo-1.mid,casio-music-data (github: nicholasopuni31),NO FORMAL LICENSE — README grants use w/ credit,jazz,FLAG,"4-bar chord comp, first melodic channel"
chords/casio-comp/Jazz-Combo-2.mid,casio-music-data (github: nicholasopuni31),NO FORMAL LICENSE — README grants use w/ credit,jazz,FLAG,"4-bar chord comp, first melodic channel"
chords/casio-comp/Jazz-Voices.mid,casio-music-data (github: nicholasopuni31),NO FORMAL LICENSE — README grants use w/ credit,jazz,FLAG,"4-bar chord comp, first melodic channel"
chords/casio-comp/Jazz-Waltz.mid,casio-music-data (github: nicholasopuni31),NO FORMAL LICENSE — README grants use w/ credit,jazz,FLAG,"4-bar chord comp, first melodic channel"
chords/casio-comp/Jive.mid,casio-music-data (github: nicholasopuni31),NO FORMAL LICENSE — README grants use w/ credit,other,FLAG,"4-bar chord comp, first melodic channel"
chords/casio-comp/Mambo-2.mid,casio-music-data (github: nicholasopuni31),NO FORMAL LICENSE — README grants use w/ credit,latin,FLAG,"4-bar chord comp, first melodic channel"
chords/casio-comp/Mambo.mid,casio-music-data (github: nicholasopuni31),NO FORMAL LICENSE — README grants use w/ credit,latin,FLAG,"4-bar chord comp, first melodic channel"
chords/casio-comp/March-1.mid,casio-music-data (github: nicholasopuni31),NO FORMAL LICENSE — README grants use w/ credit,country,FLAG,"4-bar chord comp, first melodic channel"
chords/casio-comp/March-2.mid,casio-music-data (github: nicholasopuni31),NO FORMAL LICENSE — README grants use w/ credit,country,FLAG,"4-bar chord comp, first melodic channel"
chords/casio-comp/Mellow-Jazz.mid,casio-music-data (github: nicholasopuni31),NO FORMAL LICENSE — README grants use w/ credit,jazz,FLAG,"4-bar chord comp, first melodic channel"
chords/casio-comp/Merengue.mid,casio-music-data (github: nicholasopuni31),NO FORMAL LICENSE — README grants use w/ credit,latin,FLAG,"4-bar chord comp, first melodic channel"
chords/casio-comp/NewOrleansR-R.mid,casio-music-data (github: nicholasopuni31),NO FORMAL LICENSE — README grants use w/ credit,other,FLAG,"4-bar chord comp, first melodic channel"
chords/casio-comp/Pasodoble.mid,casio-music-data (github: nicholasopuni31),NO FORMAL LICENSE — README grants use w/ credit,other,FLAG,"4-bar chord comp, first melodic channel"
chords/casio-comp/Piano-Ballad-1.mid,casio-music-data (github: nicholasopuni31),NO FORMAL LICENSE — README grants use w/ credit,pop,FLAG,"4-bar chord comp, first melodic channel"
chords/casio-comp/Piano-Ballad-2.mid,casio-music-data (github: nicholasopuni31),NO FORMAL LICENSE — README grants use w/ credit,pop,FLAG,"4-bar chord comp, first melodic channel"
chords/casio-comp/Piano-Ballad-3.mid,casio-music-data (github: nicholasopuni31),NO FORMAL LICENSE — README grants use w/ credit,pop,FLAG,"4-bar chord comp, first melodic channel"
chords/casio-comp/Polka.mid,casio-music-data (github: nicholasopuni31),NO FORMAL LICENSE — README grants use w/ credit,country,FLAG,"4-bar chord comp, first melodic channel"
chords/casio-comp/Pop-1.mid,casio-music-data (github: nicholasopuni31),NO FORMAL LICENSE — README grants use w/ credit,pop,FLAG,"4-bar chord comp, first melodic channel"
chords/casio-comp/Pop-2.mid,casio-music-data (github: nicholasopuni31),NO FORMAL LICENSE — README grants use w/ credit,pop,FLAG,"4-bar chord comp, first melodic channel"
chords/casio-comp/Pop-Ballad-1.mid,casio-music-data (github: nicholasopuni31),NO FORMAL LICENSE — README grants use w/ credit,pop,FLAG,"4-bar chord comp, first melodic channel"
chords/casio-comp/Pop-Ballad-2.mid,casio-music-data (github: nicholasopuni31),NO FORMAL LICENSE — README grants use w/ credit,pop,FLAG,"4-bar chord comp, first melodic channel"
chords/casio-comp/Pop-Fusion.mid,casio-music-data (github: nicholasopuni31),NO FORMAL LICENSE — README grants use w/ credit,pop,FLAG,"4-bar chord comp, first melodic channel"
chords/casio-comp/Pop-Polka.mid,casio-music-data (github: nicholasopuni31),NO FORMAL LICENSE — README grants use w/ credit,pop,FLAG,"4-bar chord comp, first melodic channel"
chords/casio-comp/Pop-Rock-1.mid,casio-music-data (github: nicholasopuni31),NO FORMAL LICENSE — README grants use w/ credit,rock,FLAG,"4-bar chord comp, first melodic channel"
chords/casio-comp/Pop-Rock-2.mid,casio-music-data (github: nicholasopuni31),NO FORMAL LICENSE — README grants use w/ credit,rock,FLAG,"4-bar chord comp, first melodic channel"
chords/casio-comp/Pop-Rock-3.mid,casio-music-data (github: nicholasopuni31),NO FORMAL LICENSE — README grants use w/ credit,rock,FLAG,"4-bar chord comp, first melodic channel"
chords/casio-comp/Pop-Shuffle-1.mid,casio-music-data (github: nicholasopuni31),NO FORMAL LICENSE — README grants use w/ credit,pop,FLAG,"4-bar chord comp, first melodic channel"
chords/casio-comp/Pop-Shuffle-2.mid,casio-music-data (github: nicholasopuni31),NO FORMAL LICENSE — README grants use w/ credit,pop,FLAG,"4-bar chord comp, first melodic channel"
chords/casio-comp/Pop-Waltz.mid,casio-music-data (github: nicholasopuni31),NO FORMAL LICENSE — README grants use w/ credit,pop,FLAG,"4-bar chord comp, first melodic channel"
chords/casio-comp/Punta.mid,casio-music-data (github: nicholasopuni31),NO FORMAL LICENSE — README grants use w/ credit,other,FLAG,"4-bar chord comp, first melodic channel"
chords/casio-comp/R-B.mid,casio-music-data (github: nicholasopuni31),NO FORMAL LICENSE — README grants use w/ credit,other,FLAG,"4-bar chord comp, first melodic channel"
chords/casio-comp/Reggae.mid,casio-music-data (github: nicholasopuni31),NO FORMAL LICENSE — README grants use w/ credit,latin,FLAG,"4-bar chord comp, first melodic channel"
chords/casio-comp/Rhumba.mid,casio-music-data (github: nicholasopuni31),NO FORMAL LICENSE — README grants use w/ credit,other,FLAG,"4-bar chord comp, first melodic channel"
chords/casio-comp/Rock-1.mid,casio-music-data (github: nicholasopuni31),NO FORMAL LICENSE — README grants use w/ credit,rock,FLAG,"4-bar chord comp, first melodic channel"
chords/casio-comp/Rock-2.mid,casio-music-data (github: nicholasopuni31),NO FORMAL LICENSE — README grants use w/ credit,rock,FLAG,"4-bar chord comp, first melodic channel"
chords/casio-comp/Rock-Ballad.mid,casio-music-data (github: nicholasopuni31),NO FORMAL LICENSE — README grants use w/ credit,rock,FLAG,"4-bar chord comp, first melodic channel"
chords/casio-comp/Rock-Waltz.mid,casio-music-data (github: nicholasopuni31),NO FORMAL LICENSE — README grants use w/ credit,rock,FLAG,"4-bar chord comp, first melodic channel"
chords/casio-comp/Salsa.mid,casio-music-data (github: nicholasopuni31),NO FORMAL LICENSE — README grants use w/ credit,latin,FLAG,"4-bar chord comp, first melodic channel"
chords/casio-comp/Samba-1.mid,casio-music-data (github: nicholasopuni31),NO FORMAL LICENSE — README grants use w/ credit,samba,FLAG,"4-bar chord comp, first melodic channel"
chords/casio-comp/Samba-2.mid,casio-music-data (github: nicholasopuni31),NO FORMAL LICENSE — README grants use w/ credit,samba,FLAG,"4-bar chord comp, first melodic channel"
chords/casio-comp/Serenade.mid,casio-music-data (github: nicholasopuni31),NO FORMAL LICENSE — README grants use w/ credit,other,FLAG,"4-bar chord comp, first melodic channel"
chords/casio-comp/Shuffle-Rock.mid,casio-music-data (github: nicholasopuni31),NO FORMAL LICENSE — README grants use w/ credit,rock,FLAG,"4-bar chord comp, first melodic channel"
chords/casio-comp/Sirtaki.mid,casio-music-data (github: nicholasopuni31),NO FORMAL LICENSE — README grants use w/ credit,other,FLAG,"4-bar chord comp, first melodic channel"
chords/casio-comp/Ska.mid,casio-music-data (github: nicholasopuni31),NO FORMAL LICENSE — README grants use w/ credit,latin,FLAG,"4-bar chord comp, first melodic channel"
chords/casio-comp/Slow-Gospel.mid,casio-music-data (github: nicholasopuni31),NO FORMAL LICENSE — README grants use w/ credit,country,FLAG,"4-bar chord comp, first melodic channel"
chords/casio-comp/Slow-Rock.mid,casio-music-data (github: nicholasopuni31),NO FORMAL LICENSE — README grants use w/ credit,rock,FLAG,"4-bar chord comp, first melodic channel"
chords/casio-comp/Slow-Swing.mid,casio-music-data (github: nicholasopuni31),NO FORMAL LICENSE — README grants use w/ credit,jazz,FLAG,"4-bar chord comp, first melodic channel"
chords/casio-comp/Slow-Waltz.mid,casio-music-data (github: nicholasopuni31),NO FORMAL LICENSE — README grants use w/ credit,country,FLAG,"4-bar chord comp, first melodic channel"
chords/casio-comp/Soft-Rock.mid,casio-music-data (github: nicholasopuni31),NO FORMAL LICENSE — README grants use w/ credit,rock,FLAG,"4-bar chord comp, first melodic channel"
chords/casio-comp/Soul-Ballad-1.mid,casio-music-data (github: nicholasopuni31),NO FORMAL LICENSE — README grants use w/ credit,funk,FLAG,"4-bar chord comp, first melodic channel"
chords/casio-comp/Soul-Ballad-2.mid,casio-music-data (github: nicholasopuni31),NO FORMAL LICENSE — README grants use w/ credit,funk,FLAG,"4-bar chord comp, first melodic channel"
chords/casio-comp/String-Quartet.mid,casio-music-data (github: nicholasopuni31),NO FORMAL LICENSE — README grants use w/ credit,other,FLAG,"4-bar chord comp, first melodic channel"
chords/casio-comp/Swing.mid,casio-music-data (github: nicholasopuni31),NO FORMAL LICENSE — README grants use w/ credit,jazz,FLAG,"4-bar chord comp, first melodic channel"
chords/casio-comp/Symphony.mid,casio-music-data (github: nicholasopuni31),NO FORMAL LICENSE — README grants use w/ credit,other,FLAG,"4-bar chord comp, first melodic channel"
chords/casio-comp/Tango.mid,casio-music-data (github: nicholasopuni31),NO FORMAL LICENSE — README grants use w/ credit,latin,FLAG,"4-bar chord comp, first melodic channel"
chords/casio-comp/Techno.mid,casio-music-data (github: nicholasopuni31),NO FORMAL LICENSE — README grants use w/ credit,pop,FLAG,"4-bar chord comp, first melodic channel"
chords/casio-comp/Tex-Mex.mid,casio-music-data (github: nicholasopuni31),NO FORMAL LICENSE — README grants use w/ credit,other,FLAG,"4-bar chord comp, first melodic channel"
chords/casio-comp/Trance.mid,casio-music-data (github: nicholasopuni31),NO FORMAL LICENSE — README grants use w/ credit,pop,FLAG,"4-bar chord comp, first melodic channel"
chords/casio-comp/Twist.mid,casio-music-data (github: nicholasopuni31),NO FORMAL LICENSE — README grants use w/ credit,other,FLAG,"4-bar chord comp, first melodic channel"
chords/casio-comp/Viennese-Waltz.mid,casio-music-data (github: nicholasopuni31),NO FORMAL LICENSE — README grants use w/ credit,country,FLAG,"4-bar chord comp, first melodic channel"
chords/casio-comp/Vocal-Pop.mid,casio-music-data (github: nicholasopuni31),NO FORMAL LICENSE — README grants use w/ credit,pop,FLAG,"4-bar chord comp, first melodic channel"
chords/casio-comp/Waltz-1.mid,casio-music-data (github: nicholasopuni31),NO FORMAL LICENSE — README grants use w/ credit,country,FLAG,"4-bar chord comp, first melodic channel"
chords/casio-comp/World-Pop.mid,casio-music-data (github: nicholasopuni31),NO FORMAL LICENSE — README grants use w/ credit,pop,FLAG,"4-bar chord comp, first melodic channel"
drums/muted-io/01-basic-rock-beat.mid,muted.io/drum-patterns,UNCLEAR — no license stated on site or in ToS,rock,FLAG,"4-bar drum loop, GM percussion"
drums/muted-io/02-funk-groove.mid,muted.io/drum-patterns,UNCLEAR — no license stated on site or in ToS,funk,FLAG,"4-bar drum loop, GM percussion"
drums/muted-io/03-basic-edm-beat.mid,muted.io/drum-patterns,UNCLEAR — no license stated on site or in ToS,pop,FLAG,"4-bar drum loop, GM percussion"
drums/muted-io/04-classic-hip-hop-beat.mid,muted.io/drum-patterns,UNCLEAR — no license stated on site or in ToS,pop,FLAG,"4-bar drum loop, GM percussion"
drums/muted-io/05-jazz-swing.mid,muted.io/drum-patterns,UNCLEAR — no license stated on site or in ToS,jazz,FLAG,"4-bar drum loop, GM percussion"
drums/muted-io/06-reggae-beat.mid,muted.io/drum-patterns,UNCLEAR — no license stated on site or in ToS,latin,FLAG,"4-bar drum loop, GM percussion"
drums/muted-io/07-disco-beat.mid,muted.io/drum-patterns,UNCLEAR — no license stated on site or in ToS,funk,FLAG,"4-bar drum loop, GM percussion"
drums/muted-io/08-blues-shuffle.mid,muted.io/drum-patterns,UNCLEAR — no license stated on site or in ToS,rock,FLAG,"4-bar drum loop, GM percussion"
drums/muted-io/09-bossa-nova.mid,muted.io/drum-patterns,UNCLEAR — no license stated on site or in ToS,bossa,FLAG,"4-bar drum loop, GM percussion"
drums/muted-io/10-basic-rock-shuffle.mid,muted.io/drum-patterns,UNCLEAR — no license stated on site or in ToS,rock,FLAG,"4-bar drum loop, GM percussion"
drums/muted-io/11-heavy-metal-beat.mid,muted.io/drum-patterns,UNCLEAR — no license stated on site or in ToS,rock,FLAG,"4-bar drum loop, GM percussion"
drums/muted-io/12-latin-samba.mid,muted.io/drum-patterns,UNCLEAR — no license stated on site or in ToS,samba,FLAG,"4-bar drum loop, GM percussion"
drums/muted-io/13-funk-groove.mid,muted.io/drum-patterns,UNCLEAR — no license stated on site or in ToS,funk,FLAG,"4-bar drum loop, GM percussion"
drums/muted-io/14-breakbeat.mid,muted.io/drum-patterns,UNCLEAR — no license stated on site or in ToS,pop,FLAG,"4-bar drum loop, GM percussion"
drums/muted-io/15-downtempo.mid,muted.io/drum-patterns,UNCLEAR — no license stated on site or in ToS,hiphop,FLAG,"4-bar drum loop, GM percussion"
drums/muted-io/16-trap-beat.mid,muted.io/drum-patterns,UNCLEAR — no license stated on site or in ToS,pop,FLAG,"4-bar drum loop, GM percussion"
chords/free-midi-chords/01 - C Major - A minor/1 Triad/Major/I - C.mid,ldrolez/free-midi-chords,MIT,other,OK,"chord / progression, key folder in path"
chords/free-midi-chords/01 - C Major - A minor/1 Triad/Major/IV - F.mid,ldrolez/free-midi-chords,MIT,other,OK,"chord / progression, key folder in path"
chords/free-midi-chords/01 - C Major - A minor/1 Triad/Major/V - G.mid,ldrolez/free-midi-chords,MIT,other,OK,"chord / progression, key folder in path"
chords/free-midi-chords/01 - C Major - A minor/1 Triad/Major/ii - Dm.mid,ldrolez/free-midi-chords,MIT,other,OK,"chord / progression, key folder in path"
chords/free-midi-chords/01 - C Major - A minor/1 Triad/Major/iii - Em.mid,ldrolez/free-midi-chords,MIT,other,OK,"chord / progression, key folder in path"
chords/free-midi-chords/01 - C Major - A minor/1 Triad/Major/vi - Am.mid,ldrolez/free-midi-chords,MIT,other,OK,"chord / progression, key folder in path"
chords/free-midi-chords/01 - C Major - A minor/1 Triad/Major/vii - Bdim.mid,ldrolez/free-midi-chords,MIT,other,OK,"chord / progression, key folder in path"
chords/free-midi-chords/01 - C Major - A minor/1 Triad/Minor/III - C.mid,ldrolez/free-midi-chords,MIT,other,OK,"chord / progression, key folder in path"
chords/free-midi-chords/01 - C Major - A minor/1 Triad/Minor/VI - F.mid,ldrolez/free-midi-chords,MIT,other,OK,"chord / progression, key folder in path"
chords/free-midi-chords/01 - C Major - A minor/1 Triad/Minor/VII - G.mid,ldrolez/free-midi-chords,MIT,other,OK,"chord / progression, key folder in path"
chords/free-midi-chords/01 - C Major - A minor/1 Triad/Minor/i - Am.mid,ldrolez/free-midi-chords,MIT,other,OK,"chord / progression, key folder in path"
chords/free-midi-chords/01 - C Major - A minor/1 Triad/Minor/ii - Bdim.mid,ldrolez/free-midi-chords,MIT,other,OK,"chord / progression, key folder in path"
chords/free-midi-chords/01 - C Major - A minor/1 Triad/Minor/iv - Dm.mid,ldrolez/free-midi-chords,MIT,other,OK,"chord / progression, key folder in path"
chords/free-midi-chords/01 - C Major - A minor/1 Triad/Minor/v - Em.mid,ldrolez/free-midi-chords,MIT,other,OK,"chord / progression, key folder in path"
chords/free-midi-chords/01 - C Major - A minor/2 7th and 9th/Major/I - CM7.mid,ldrolez/free-midi-chords,MIT,other,OK,"chord / progression, key folder in path"
chords/free-midi-chords/01 - C Major - A minor/2 7th and 9th/Major/I - CM9.mid,ldrolez/free-midi-chords,MIT,other,OK,"chord / progression, key folder in path"
chords/free-midi-chords/01 - C Major - A minor/2 7th and 9th/Major/IV - FM7.mid,ldrolez/free-midi-chords,MIT,other,OK,"chord / progression, key folder in path"
chords/free-midi-chords/01 - C Major - A minor/2 7th and 9th/Major/IV - FM9.mid,ldrolez/free-midi-chords,MIT,other,OK,"chord / progression, key folder in path"
chords/free-midi-chords/01 - C Major - A minor/2 7th and 9th/Major/V - G7.mid,ldrolez/free-midi-chords,MIT,other,OK,"chord / progression, key folder in path"
chords/free-midi-chords/01 - C Major - A minor/2 7th and 9th/Major/V - G9.mid,ldrolez/free-midi-chords,MIT,other,OK,"chord / progression, key folder in path"
chords/free-midi-chords/01 - C Major - A minor/2 7th and 9th/Major/ii - Dm7.mid,ldrolez/free-midi-chords,MIT,other,OK,"chord / progression, key folder in path"
chords/free-midi-chords/01 - C Major - A minor/2 7th and 9th/Major/ii - Dm9.mid,ldrolez/free-midi-chords,MIT,other,OK,"chord / progression, key folder in path"
chords/free-midi-chords/01 - C Major - A minor/2 7th and 9th/Major/iii - Em7.mid,ldrolez/free-midi-chords,MIT,other,OK,"chord / progression, key folder in path"
chords/free-midi-chords/01 - C Major - A minor/2 7th and 9th/Major/iii - Em9.mid,ldrolez/free-midi-chords,MIT,other,OK,"chord / progression, key folder in path"
chords/free-midi-chords/01 - C Major - A minor/2 7th and 9th/Major/vi - Am7.mid,ldrolez/free-midi-chords,MIT,other,OK,"chord / progression, key folder in path"
chords/free-midi-chords/01 - C Major - A minor/2 7th and 9th/Major/vi - Am9.mid,ldrolez/free-midi-chords,MIT,other,OK,"chord / progression, key folder in path"
chords/free-midi-chords/01 - C Major - A minor/2 7th and 9th/Major/vii - Bm7-5.mid,ldrolez/free-midi-chords,MIT,other,OK,"chord / progression, key folder in path"
chords/free-midi-chords/01 - C Major - A minor/2 7th and 9th/Major/vii - Bm7b9b5.mid,ldrolez/free-midi-chords,MIT,other,OK,"chord / progression, key folder in path"
chords/free-midi-chords/01 - C Major - A minor/2 7th and 9th/Minor/III - CM7.mid,ldrolez/free-midi-chords,MIT,other,OK,"chord / progression, key folder in path"
chords/free-midi-chords/01 - C Major - A minor/2 7th and 9th/Minor/III - CM9.mid,ldrolez/free-midi-chords,MIT,other,OK,"chord / progression, key folder in path"
chords/free-midi-chords/01 - C Major - A minor/2 7th and 9th/Minor/VI - FM7.mid,ldrolez/free-midi-chords,MIT,other,OK,"chord / progression, key folder in path"
chords/free-midi-chords/01 - C Major - A minor/2 7th and 9th/Minor/VI - FM9.mid,ldrolez/free-midi-chords,MIT,other,OK,"chord / progression, key folder in path"
chords/free-midi-chords/01 - C Major - A minor/2 7th and 9th/Minor/VII - G7.mid,ldrolez/free-midi-chords,MIT,other,OK,"chord / progression, key folder in path"
chords/free-midi-chords/01 - C Major - A minor/2 7th and 9th/Minor/VII - G9.mid,ldrolez/free-midi-chords,MIT,other,OK,"chord / progression, key folder in path"
chords/free-midi-chords/01 - C Major - A minor/2 7th and 9th/Minor/i - Am7.mid,ldrolez/free-midi-chords,MIT,other,OK,"chord / progression, key folder in path"
chords/free-midi-chords/01 - C Major - A minor/2 7th and 9th/Minor/i - Am9.mid,ldrolez/free-midi-chords,MIT,other,OK,"chord / progression, key folder in path"
chords/free-midi-chords/01 - C Major - A minor/2 7th and 9th/Minor/ii - Bm7-5.mid,ldrolez/free-midi-chords,MIT,other,OK,"chord / progression, key folder in path"
chords/free-midi-chords/01 - C Major - A minor/2 7th and 9th/Minor/ii - Bm7b9b5.mid,ldrolez/free-midi-chords,MIT,other,OK,"chord / progression, key folder in path"
chords/free-midi-chords/01 - C Major - A minor/2 7th and 9th/Minor/iv - Dm7.mid,ldrolez/free-midi-chords,MIT,other,OK,"chord / progression, key folder in path"
chords/free-midi-chords/01 - C Major - A minor/2 7th and 9th/Minor/iv - Dm9.mid,ldrolez/free-midi-chords,MIT,other,OK,"chord / progression, key folder in path"
chords/free-midi-chords/01 - C Major - A minor/2 7th and 9th/Minor/v - Em7.mid,ldrolez/free-midi-chords,MIT,other,OK,"chord / progression, key folder in path"
chords/free-midi-chords/01 - C Major - A minor/2 7th and 9th/Minor/v - Em9.mid,ldrolez/free-midi-chords,MIT,other,OK,"chord / progression, key folder in path"
chords/free-midi-chords/01 - C Major - A minor/4 Progression/Major/C - I I IM-5 IM-5 IV IV V Vsus2 - Joyful Triumphant.mid,ldrolez/free-midi-chords,MIT,other,OK,"chord / progression, key folder in path"
chords/free-midi-chords/01 - C Major - A minor/4 Progression/Major/C - I I IV iii - Hopeful Nostalgic.mid,ldrolez/free-midi-chords,MIT,other,OK,"chord / progression, key folder in path"
chords/free-midi-chords/01 - C Major - A minor/4 Progression/Major/C - I I7 Idom7 I7 - Relaxed Playful.mid,ldrolez/free-midi-chords,MIT,other,OK,"chord / progression, key folder in path"
chords/free-midi-chords/01 - C Major - A minor/4 Progression/Major/C - I I7 Idom7 IV - Relaxed Nostalgic.mid,ldrolez/free-midi-chords,MIT,other,OK,"chord / progression, key folder in path"
chords/free-midi-chords/01 - C Major - A minor/4 Progression/Major/C - I IV Isus2 IV - Peaceful Hopeful.mid,ldrolez/free-midi-chords,MIT,other,OK,"chord / progression, key folder in path"
chords/free-midi-chords/01 - C Major - A minor/4 Progression/Major/C - I IV V - Joyful Excited.mid,ldrolez/free-midi-chords,MIT,other,OK,"chord / progression, key folder in path"
chords/free-midi-chords/01 - C Major - A minor/4 Progression/Major/C - I IV V IV - Joyful Triumphant.mid,ldrolez/free-midi-chords,MIT,other,OK,"chord / progression, key folder in path"
chords/free-midi-chords/01 - C Major - A minor/4 Progression/Major/C - I IV ii V - Joyful Triumphant.mid,ldrolez/free-midi-chords,MIT,other,OK,"chord / progression, key folder in path"
chords/free-midi-chords/01 - C Major - A minor/4 Progression/Major/C - I IV vi V - Joyful Hopeful.mid,ldrolez/free-midi-chords,MIT,other,OK,"chord / progression, key folder in path"
chords/free-midi-chords/01 - C Major - A minor/4 Progression/Major/C - I IV vii iii vi ii V I - Romantic Triumphant.mid,ldrolez/free-midi-chords,MIT,other,OK,"chord / progression, key folder in path"
chords/free-midi-chords/01 - C Major - A minor/4 Progression/Major/C - I V I IV - Joyful Playful.mid,ldrolez/free-midi-chords,MIT,other,OK,"chord / progression, key folder in path"
chords/free-midi-chords/01 - C Major - A minor/4 Progression/Major/C - I V IV vi - Romantic Hopeful.mid,ldrolez/free-midi-chords,MIT,other,OK,"chord / progression, key folder in path"
chords/free-midi-chords/01 - C Major - A minor/4 Progression/Major/C - I V vi IV - Hopeful Romantic.mid,ldrolez/free-midi-chords,MIT,other,OK,"chord / progression, key folder in path"
chords/free-midi-chords/01 - C Major - A minor/4 Progression/Major/C - I V vi V - Hopeful Romantic.mid,ldrolez/free-midi-chords,MIT,other,OK,"chord / progression, key folder in path"
chords/free-midi-chords/01 - C Major - A minor/4 Progression/Major/C - I V vi ii - Hopeful Romantic.mid,ldrolez/free-midi-chords,MIT,other,OK,"chord / progression, key folder in path"
chords/free-midi-chords/01 - C Major - A minor/4 Progression/Major/C - I V vi iii IV - Hopeful Joyful.mid,ldrolez/free-midi-chords,MIT,other,OK,"chord / progression, key folder in path"
chords/free-midi-chords/01 - C Major - A minor/4 Progression/Major/C - I V vi iii IV I IV V - Hopeful Joyful.mid,ldrolez/free-midi-chords,MIT,other,OK,"chord / progression, key folder in path"
chords/free-midi-chords/01 - C Major - A minor/4 Progression/Major/C - I iii IV vi - Romantic Nostalgic.mid,ldrolez/free-midi-chords,MIT,other,OK,"chord / progression, key folder in path"
chords/free-midi-chords/01 - C Major - A minor/4 Progression/Major/C - I iii vi IV - Romantic Hopeful.mid,ldrolez/free-midi-chords,MIT,other,OK,"chord / progression, key folder in path"
chords/free-midi-chords/01 - C Major - A minor/4 Progression/Major/C - I iii vi Isus4 - Tender Spiritual.mid,ldrolez/free-midi-chords,MIT,other,OK,"chord / progression, key folder in path"
chords/free-midi-chords/01 - C Major - A minor/4 Progression/Major/C - I vi I IV - Tender Nostalgic.mid,ldrolez/free-midi-chords,MIT,other,OK,"chord / progression, key folder in path"
chords/free-midi-chords/01 - C Major - A minor/4 Progression/Major/C - I vi IV V - Romantic Hopeful.mid,ldrolez/free-midi-chords,MIT,other,OK,"chord / progression, key folder in path"
chords/free-midi-chords/01 - C Major - A minor/4 Progression/Major/C - I vi IV iii - Nostalgic Romantic.mid,ldrolez/free-midi-chords,MIT,other,OK,"chord / progression, key folder in path"
chords/free-midi-chords/01 - C Major - A minor/4 Progression/Major/C - I vi ii IV - Tender Nostalgic.mid,ldrolez/free-midi-chords,MIT,other,OK,"chord / progression, key folder in path"
chords/free-midi-chords/01 - C Major - A minor/4 Progression/Major/C - I vi ii V - Nostalgic Romantic.mid,ldrolez/free-midi-chords,MIT,other,OK,"chord / progression, key folder in path"
chords/free-midi-chords/01 - C Major - A minor/4 Progression/Major/C - I7 V7 viadd9 IV7 - Playful Joyful.mid,ldrolez/free-midi-chords,MIT,other,OK,"chord / progression, key folder in path"
chords/free-midi-chords/01 - C Major - A minor/4 Progression/Major/C - IV I IV6 Iadd9 - Relaxed Joyful.mid,ldrolez/free-midi-chords,MIT,other,OK,"chord / progression, key folder in path"
chords/free-midi-chords/01 - C Major - A minor/4 Progression/Major/C - IV I V vi - Joyful Romantic.mid,ldrolez/free-midi-chords,MIT,other,OK,"chord / progression, key folder in path"
chords/free-midi-chords/01 - C Major - A minor/4 Progression/Major/C - IV I ii vi - Nostalgic Peaceful.mid,ldrolez/free-midi-chords,MIT,other,OK,"chord / progression, key folder in path"
chords/free-midi-chords/01 - C Major - A minor/4 Progression/Major/C - IV I iii IV - Playful Joyful.mid,ldrolez/free-midi-chords,MIT,other,OK,"chord / progression, key folder in path"
chords/free-midi-chords/01 - C Major - A minor/4 Progression/Major/C - IV IV I V - Joyful Hopeful.mid,ldrolez/free-midi-chords,MIT,other,OK,"chord / progression, key folder in path"
chords/free-midi-chords/01 - C Major - A minor/4 Progression/Major/C - IV vi I V - Hopeful Romantic.mid,ldrolez/free-midi-chords,MIT,other,OK,"chord / progression, key folder in path"
chords/free-midi-chords/01 - C Major - A minor/4 Progression/Major/C - IV vi IV vi - Nostalgic.mid,ldrolez/free-midi-chords,MIT,other,OK,"chord / progression, key folder in path"
chords/free-midi-chords/01 - C Major - A minor/4 Progression/Major/C - IV vi iii I - Nostalgic Playful.mid,ldrolez/free-midi-chords,MIT,other,OK,"chord / progression, key folder in path"
chords/free-midi-chords/01 - C Major - A minor/4 Progression/Major/C - Isus2 I vi7 visus4 - Playful Romantic.mid,ldrolez/free-midi-chords,MIT,other,OK,"chord / progression, key folder in path"
chords/free-midi-chords/01 - C Major - A minor/4 Progression/Major/C - V I vi V - Hopeful Romantic.mid,ldrolez/free-midi-chords,MIT,other,OK,"chord / progression, key folder in path"
chords/free-midi-chords/01 - C Major - A minor/4 Progression/Major/C - V IV vi I - Hopeful Triumphant.mid,ldrolez/free-midi-chords,MIT,other,OK,"chord / progression, key folder in path"
chords/free-midi-chords/01 - C Major - A minor/4 Progression/Major/C - V vi IV I - Hopeful Romantic.mid,ldrolez/free-midi-chords,MIT,other,OK,"chord / progression, key folder in path"
chords/free-midi-chords/01 - C Major - A minor/4 Progression/Major/C - ii IV V - Hopeful.mid,ldrolez/free-midi-chords,MIT,other,OK,"chord / progression, key folder in path"
chords/free-midi-chords/01 - C Major - A minor/4 Progression/Major/C - ii IV vi V - Romantic.mid,ldrolez/free-midi-chords,MIT,other,OK,"chord / progression, key folder in path"
chords/free-midi-chords/01 - C Major - A minor/4 Progression/Major/C - ii V I - Triumphant.mid,ldrolez/free-midi-chords,MIT,other,OK,"chord / progression, key folder in path"
chords/free-midi-chords/01 - C Major - A minor/4 Progression/Major/C - ii V I IV - Hopeful Triumphant.mid,ldrolez/free-midi-chords,MIT,other,OK,"chord / progression, key folder in path"
chords/free-midi-chords/01 - C Major - A minor/4 Progression/Major/C - ii7 Vadd9 I7 - Triumphant.mid,ldrolez/free-midi-chords,MIT,other,OK,"chord / progression, key folder in path"
chords/free-midi-chords/01 - C Major - A minor/4 Progression/Major/C - iii vi IV I - Romantic Nostalgic.mid,ldrolez/free-midi-chords,MIT,other,OK,"chord / progression, key folder in path"
chords/free-midi-chords/01 - C Major - A minor/4 Progression/Major/C - iim7 V7 iiim7 vi7 iim7 V7 - Romantic Nostalgic.mid,ldrolez/free-midi-chords,MIT,other,OK,"chord / progression, key folder in path"
chords/free-midi-chords/01 - C Major - A minor/4 Progression/Major/C - vi IV I V - Hopeful Romantic.mid,ldrolez/free-midi-chords,MIT,other,OK,"chord / progression, key folder in path"
chords/free-midi-chords/01 - C Major - A minor/4 Progression/Major/C - vi IV iii V - New Hopeful Romantic.mid,ldrolez/free-midi-chords,MIT,other,OK,"chord / progression, key folder in path"
chords/free-midi-chords/01 - C Major - A minor/4 Progression/Major/C - vi V IV V - Romantic Hopeful.mid,ldrolez/free-midi-chords,MIT,other,OK,"chord / progression, key folder in path"
chords/free-midi-chords/01 - C Major - A minor/4 Progression/Major/C - vi V IV V ii V I I - Triumphant Hopeful.mid,ldrolez/free-midi-chords,MIT,other,OK,"chord / progression, key folder in path"
chords/free-midi-chords/01 - C Major - A minor/4 Progression/Major/C - vi ii V I - Hopeful Romantic.mid,ldrolez/free-midi-chords,MIT,other,OK,"chord / progression, key folder in path"
chords/free-midi-chords/01 - C Major - A minor/4 Progression/Major/hiphop2 style/C - I I IM-5 IM-5 IV IV V Vsus2 - Joyful Triumphant.mid,ldrolez/free-midi-chords,MIT,other,OK,"chord / progression, key folder in path"
chords/free-midi-chords/01 - C Major - A minor/4 Progression/Major/hiphop2 style/C - I I IV iii - Hopeful Nostalgic.mid,ldrolez/free-midi-chords,MIT,other,OK,"chord / progression, key folder in path"
chords/free-midi-chords/01 - C Major - A minor/4 Progression/Major/hiphop2 style/C - I I7 Idom7 I7 - Relaxed Playful.mid,ldrolez/free-midi-chords,MIT,other,OK,"chord / progression, key folder in path"
chords/free-midi-chords/01 - C Major - A minor/4 Progression/Major/hiphop2 style/C - I I7 Idom7 IV - Relaxed Nostalgic.mid,ldrolez/free-midi-chords,MIT,other,OK,"chord / progression, key folder in path"
chords/free-midi-chords/01 - C Major - A minor/4 Progression/Major/hiphop2 style/C - I IV Isus2 IV - Peaceful Hopeful.mid,ldrolez/free-midi-chords,MIT,other,OK,"chord / progression, key folder in path"
chords/free-midi-chords/01 - C Major - A minor/4 Progression/Major/hiphop2 style/C - I IV V - Joyful Excited.mid,ldrolez/free-midi-chords,MIT,other,OK,"chord / progression, key folder in path"
chords/free-midi-chords/01 - C Major - A minor/4 Progression/Major/hiphop2 style/C - I IV V IV - Joyful Triumphant.mid,ldrolez/free-midi-chords,MIT,other,OK,"chord / progression, key folder in path"
chords/free-midi-chords/01 - C Major - A minor/4 Progression/Major/hiphop2 style/C - I IV ii V - Joyful Triumphant.mid,ldrolez/free-midi-chords,MIT,other,OK,"chord / progression, key folder in path"
chords/free-midi-chords/01 - C Major - A minor/4 Progression/Major/hiphop2 style/C - I IV vi V - Joyful Hopeful.mid,ldrolez/free-midi-chords,MIT,other,OK,"chord / progression, key folder in path"
chords/free-midi-chords/01 - C Major - A minor/4 Progression/Major/hiphop2 style/C - I IV vii iii vi ii V I - Romantic Triumphant.mid,ldrolez/free-midi-chords,MIT,other,OK,"chord / progression, key folder in path"
chords/free-midi-chords/01 - C Major - A minor/4 Progression/Major/hiphop2 style/C - I V I IV - Joyful Playful.mid,ldrolez/free-midi-chords,MIT,other,OK,"chord / progression, key folder in path"
chords/free-midi-chords/01 - C Major - A minor/4 Progression/Major/hiphop2 style/C - I V IV vi - Romantic Hopeful.mid,ldrolez/free-midi-chords,MIT,other,OK,"chord / progression, key folder in path"
chords/free-midi-chords/01 - C Major - A minor/4 Progression/Major/hiphop2 style/C - I V vi IV - Hopeful Romantic.mid,ldrolez/free-midi-chords,MIT,other,OK,"chord / progression, key folder in path"
chords/free-midi-chords/01 - C Major - A minor/4 Progression/Major/hiphop2 style/C - I V vi V - Hopeful Romantic.mid,ldrolez/free-midi-chords,MIT,other,OK,"chord / progression, key folder in path"
chords/free-midi-chords/01 - C Major - A minor/4 Progression/Major/hiphop2 style/C - I V vi ii - Hopeful Romantic.mid,ldrolez/free-midi-chords,MIT,other,OK,"chord / progression, key folder in path"
chords/free-midi-chords/01 - C Major - A minor/4 Progression/Major/hiphop2 style/C - I V vi iii IV - Hopeful Joyful.mid,ldrolez/free-midi-chords,MIT,other,OK,"chord / progression, key folder in path"
chords/free-midi-chords/01 - C Major - A minor/4 Progression/Major/hiphop2 style/C - I V vi iii IV I IV V - Hopeful Joyful.mid,ldrolez/free-midi-chords,MIT,other,OK,"chord / progression, key folder in path"
chords/free-midi-chords/01 - C Major - A minor/4 Progression/Major/hiphop2 style/C - I iii IV vi - Romantic Nostalgic.mid,ldrolez/free-midi-chords,MIT,other,OK,"chord / progression, key folder in path"
chords/free-midi-chords/01 - C Major - A minor/4 Progression/Major/hiphop2 style/C - I iii vi IV - Romantic Hopeful.mid,ldrolez/free-midi-chords,MIT,other,OK,"chord / progression, key folder in path"
chords/free-midi-chords/01 - C Major - A minor/4 Progression/Major/hiphop2 style/C - I iii vi Isus4 - Tender Spiritual.mid,ldrolez/free-midi-chords,MIT,other,OK,"chord / progression, key folder in path"
chords/free-midi-chords/01 - C Major - A minor/4 Progression/Major/hiphop2 style/C - I vi I IV - Tender Nostalgic.mid,ldrolez/free-midi-chords,MIT,other,OK,"chord / progression, key folder in path"
chords/free-midi-chords/01 - C Major - A minor/4 Progression/Major/hiphop2 style/C - I vi IV V - Romantic Hopeful.mid,ldrolez/free-midi-chords,MIT,other,OK,"chord / progression, key folder in path"
chords/free-midi-chords/01 - C Major - A minor/4 Progression/Major/hiphop2 style/C - I vi IV iii - Nostalgic Romantic.mid,ldrolez/free-midi-chords,MIT,other,OK,"chord / progression, key folder in path"
chords/free-midi-chords/01 - C Major - A minor/4 Progression/Major/hiphop2 style/C - I vi ii IV - Tender Nostalgic.mid,ldrolez/free-midi-chords,MIT,other,OK,"chord / progression, key folder in path"
chords/free-midi-chords/01 - C Major - A minor/4 Progression/Major/hiphop2 style/C - I vi ii V - Nostalgic Romantic.mid,ldrolez/free-midi-chords,MIT,other,OK,"chord / progression, key folder in path"
chords/free-midi-chords/01 - C Major - A minor/4 Progression/Major/hiphop2 style/C - I7 V7 viadd9 IV7 - Playful Joyful.mid,ldrolez/free-midi-chords,MIT,other,OK,"chord / progression, key folder in path"
chords/free-midi-chords/01 - C Major - A minor/4 Progression/Major/hiphop2 style/C - IV I IV6 Iadd9 - Relaxed Joyful.mid,ldrolez/free-midi-chords,MIT,other,OK,"chord / progression, key folder in path"
chords/free-midi-chords/01 - C Major - A minor/4 Progression/Major/hiphop2 style/C - IV I V vi - Joyful Romantic.mid,ldrolez/free-midi-chords,MIT,other,OK,"chord / progression, key folder in path"
chords/free-midi-chords/01 - C Major - A minor/4 Progression/Major/hiphop2 style/C - IV I ii vi - Nostalgic Peaceful.mid,ldrolez/free-midi-chords,MIT,other,OK,"chord / progression, key folder in path"
chords/free-midi-chords/01 - C Major - A minor/4 Progression/Major/hiphop2 style/C - IV I iii IV - Playful Joyful.mid,ldrolez/free-midi-chords,MIT,other,OK,"chord / progression, key folder in path"
chords/free-midi-chords/01 - C Major - A minor/4 Progression/Major/hiphop2 style/C - IV IV I V - Joyful Hopeful.mid,ldrolez/free-midi-chords,MIT,other,OK,"chord / progression, key folder in path"
chords/free-midi-chords/01 - C Major - A minor/4 Progression/Major/hiphop2 style/C - IV vi I V - Hopeful Romantic.mid,ldrolez/free-midi-chords,MIT,other,OK,"chord / progression, key folder in path"
chords/free-midi-chords/01 - C Major - A minor/4 Progression/Major/hiphop2 style/C - IV vi IV vi - Nostalgic.mid,ldrolez/free-midi-chords,MIT,other,OK,"chord / progression, key folder in path"
chords/free-midi-chords/01 - C Major - A minor/4 Progression/Major/hiphop2 style/C - IV vi iii I - Nostalgic Playful.mid,ldrolez/free-midi-chords,MIT,other,OK,"chord / progression, key folder in path"
chords/free-midi-chords/01 - C Major - A minor/4 Progression/Major/hiphop2 style/C - Isus2 I vi7 visus4 - Playful Romantic.mid,ldrolez/free-midi-chords,MIT,other,OK,"chord / progression, key folder in path"
chords/free-midi-chords/01 - C Major - A minor/4 Progression/Major/hiphop2 style/C - V I vi V - Hopeful Romantic.mid,ldrolez/free-midi-chords,MIT,other,OK,"chord / progression, key folder in path"
chords/free-midi-chords/01 - C Major - A minor/4 Progression/Major/hiphop2 style/C - V IV vi I - Hopeful Triumphant.mid,ldrolez/free-midi-chords,MIT,other,OK,"chord / progression, key folder in path"
chords/free-midi-chords/01 - C Major - A minor/4 Progression/Major/hiphop2 style/C - V vi IV I - Hopeful Romantic.mid,ldrolez/free-midi-chords,MIT,other,OK,"chord / progression, key folder in path"
chords/free-midi-chords/01 - C Major - A minor/4 Progression/Major/hiphop2 style/C - ii IV V - Hopeful.mid,ldrolez/free-midi-chords,MIT,other,OK,"chord / progression, key folder in path"
chords/free-midi-chords/01 - C Major - A minor/4 Progression/Major/hiphop2 style/C - ii IV vi V - Romantic.mid,ldrolez/free-midi-chords,MIT,other,OK,"chord / progression, key folder in path"
chords/free-midi-chords/01 - C Major - A minor/4 Progression/Major/hiphop2 style/C - ii V I - Triumphant.mid,ldrolez/free-midi-chords,MIT,other,OK,"chord / progression, key folder in path"
chords/free-midi-chords/01 - C Major - A minor/4 Progression/Major/hiphop2 style/C - ii V I IV - Hopeful Triumphant.mid,ldrolez/free-midi-chords,MIT,other,OK,"chord / progression, key folder in path"
chords/free-midi-chords/01 - C Major - A minor/4 Progression/Major/hiphop2 style/C - ii7 Vadd9 I7 - Triumphant.mid,ldrolez/free-midi-chords,MIT,other,OK,"chord / progression, key folder in path"
chords/free-midi-chords/01 - C Major - A minor/4 Progression/Major/hiphop2 style/C - iii vi IV I - Romantic Nostalgic.mid,ldrolez/free-midi-chords,MIT,other,OK,"chord / progression, key folder in path"
chords/free-midi-chords/01 - C Major - A minor/4 Progression/Major/hiphop2 style/C - iim7 V7 iiim7 vi7 iim7 V7 - Romantic Nostalgic.mid,ldrolez/free-midi-chords,MIT,other,OK,"chord / progression, key folder in path"
chords/free-midi-chords/01 - C Major - A minor/4 Progression/Major/hiphop2 style/C - vi IV I V - Hopeful Romantic.mid,ldrolez/free-midi-chords,MIT,other,OK,"chord / progression, key folder in path"
chords/free-midi-chords/01 - C Major - A minor/4 Progression/Major/hiphop2 style/C - vi IV iii V - New Hopeful Romantic.mid,ldrolez/free-midi-chords,MIT,other,OK,"chord / progression, key folder in path"
chords/free-midi-chords/01 - C Major - A minor/4 Progression/Major/hiphop2 style/C - vi V IV V - Romantic Hopeful.mid,ldrolez/free-midi-chords,MIT,other,OK,"chord / progression, key folder in path"
chords/free-midi-chords/01 - C Major - A minor/4 Progression/Major/hiphop2 style/C - vi V IV V ii V I I - Triumphant Hopeful.mid,ldrolez/free-midi-chords,MIT,other,OK,"chord / progression, key folder in path"
chords/free-midi-chords/01 - C Major - A minor/4 Progression/Major/hiphop2 style/C - vi ii V I - Hopeful Romantic.mid,ldrolez/free-midi-chords,MIT,other,OK,"chord / progression, key folder in path"
chords/free-midi-chords/01 - C Major - A minor/4 Progression/Major/pop style/C - I I IM-5 IM-5 IV IV V Vsus2 - Joyful Triumphant.mid,ldrolez/free-midi-chords,MIT,other,OK,"chord / progression, key folder in path"
chords/free-midi-chords/01 - C Major - A minor/4 Progression/Major/pop style/C - I I IV iii - Hopeful Nostalgic.mid,ldrolez/free-midi-chords,MIT,other,OK,"chord / progression, key folder in path"
chords/free-midi-chords/01 - C Major - A minor/4 Progression/Major/pop style/C - I I7 Idom7 I7 - Relaxed Playful.mid,ldrolez/free-midi-chords,MIT,other,OK,"chord / progression, key folder in path"
chords/free-midi-chords/01 - C Major - A minor/4 Progression/Major/pop style/C - I I7 Idom7 IV - Relaxed Nostalgic.mid,ldrolez/free-midi-chords,MIT,other,OK,"chord / progression, key folder in path"
chords/free-midi-chords/01 - C Major - A minor/4 Progression/Major/pop style/C - I IV Isus2 IV - Peaceful Hopeful.mid,ldrolez/free-midi-chords,MIT,other,OK,"chord / progression, key folder in path"
chords/free-midi-chords/01 - C Major - A minor/4 Progression/Major/pop style/C - I IV V - Joyful Excited.mid,ldrolez/free-midi-chords,MIT,other,OK,"chord / progression, key folder in path"
chords/free-midi-chords/01 - C Major - A minor/4 Progression/Major/pop style/C - I IV V IV - Joyful Triumphant.mid,ldrolez/free-midi-chords,MIT,other,OK,"chord / progression, key folder in path"
chords/free-midi-chords/01 - C Major - A minor/4 Progression/Major/pop style/C - I IV ii V - Joyful Triumphant.mid,ldrolez/free-midi-chords,MIT,other,OK,"chord / progression, key folder in path"
chords/free-midi-chords/01 - C Major - A minor/4 Progression/Major/pop style/C - I IV vi V - Joyful Hopeful.mid,ldrolez/free-midi-chords,MIT,other,OK,"chord / progression, key folder in path"
chords/free-midi-chords/01 - C Major - A minor/4 Progression/Major/pop style/C - I IV vii iii vi ii V I - Romantic Triumphant.mid,ldrolez/free-midi-chords,MIT,other,OK,"chord / progression, key folder in path"
chords/free-midi-chords/01 - C Major - A minor/4 Progression/Major/pop style/C - I V I IV - Joyful Playful.mid,ldrolez/free-midi-chords,MIT,other,OK,"chord / progression, key folder in path"
chords/free-midi-chords/01 - C Major - A minor/4 Progression/Major/pop style/C - I V IV vi - Romantic Hopeful.mid,ldrolez/free-midi-chords,MIT,other,OK,"chord / progression, key folder in path"
chords/free-midi-chords/01 - C Major - A minor/4 Progression/Major/pop style/C - I V vi IV - Hopeful Romantic.mid,ldrolez/free-midi-chords,MIT,other,OK,"chord / progression, key folder in path"
chords/free-midi-chords/01 - C Major - A minor/4 Progression/Major/pop style/C - I V vi V - Hopeful Romantic.mid,ldrolez/free-midi-chords,MIT,other,OK,"chord / progression, key folder in path"
chords/free-midi-chords/01 - C Major - A minor/4 Progression/Major/pop style/C - I V vi ii - Hopeful Romantic.mid,ldrolez/free-midi-chords,MIT,other,OK,"chord / progression, key folder in path"
chords/free-midi-chords/01 - C Major - A minor/4 Progression/Major/pop style/C - I V vi iii IV - Hopeful Joyful.mid,ldrolez/free-midi-chords,MIT,other,OK,"chord / progression, key folder in path"
chords/free-midi-chords/01 - C Major - A minor/4 Progression/Major/pop style/C - I V vi iii IV I IV V - Hopeful Joyful.mid,ldrolez/free-midi-chords,MIT,other,OK,"chord / progression, key folder in path"
chords/free-midi-chords/01 - C Major - A minor/4 Progression/Major/pop style/C - I iii IV vi - Romantic Nostalgic.mid,ldrolez/free-midi-chords,MIT,other,OK,"chord / progression, key folder in path"
chords/free-midi-chords/01 - C Major - A minor/4 Progression/Major/pop style/C - I iii vi IV - Romantic Hopeful.mid,ldrolez/free-midi-chords,MIT,other,OK,"chord / progression, key folder in path"
chords/free-midi-chords/01 - C Major - A minor/4 Progression/Major/pop style/C - I iii vi Isus4 - Tender Spiritual.mid,ldrolez/free-midi-chords,MIT,other,OK,"chord / progression, key folder in path"
chords/free-midi-chords/01 - C Major - A minor/4 Progression/Major/pop style/C - I vi I IV - Tender Nostalgic.mid,ldrolez/free-midi-chords,MIT,other,OK,"chord / progression, key folder in path"
chords/free-midi-chords/01 - C Major - A minor/4 Progression/Major/pop style/C - I vi IV V - Romantic Hopeful.mid,ldrolez/free-midi-chords,MIT,other,OK,"chord / progression, key folder in path"
chords/free-midi-chords/01 - C Major - A minor/4 Progression/Major/pop style/C - I vi IV iii - Nostalgic Romantic.mid,ldrolez/free-midi-chords,MIT,other,OK,"chord / progression, key folder in path"
chords/free-midi-chords/01 - C Major - A minor/4 Progression/Major/pop style/C - I vi ii IV - Tender Nostalgic.mid,ldrolez/free-midi-chords,MIT,other,OK,"chord / progression, key folder in path"
chords/free-midi-chords/01 - C Major - A minor/4 Progression/Major/pop style/C - I vi ii V - Nostalgic Romantic.mid,ldrolez/free-midi-chords,MIT,other,OK,"chord / progression, key folder in path"
chords/free-midi-chords/01 - C Major - A minor/4 Progression/Major/pop style/C - I7 V7 viadd9 IV7 - Playful Joyful.mid,ldrolez/free-midi-chords,MIT,other,OK,"chord / progression, key folder in path"
chords/free-midi-chords/01 - C Major - A minor/4 Progression/Major/pop style/C - IV I IV6 Iadd9 - Relaxed Joyful.mid,ldrolez/free-midi-chords,MIT,other,OK,"chord / progression, key folder in path"
chords/free-midi-chords/01 - C Major - A minor/4 Progression/Major/pop style/C - IV I V vi - Joyful Romantic.mid,ldrolez/free-midi-chords,MIT,other,OK,"chord / progression, key folder in path"
chords/free-midi-chords/01 - C Major - A minor/4 Progression/Major/pop style/C - IV I ii vi - Nostalgic Peaceful.mid,ldrolez/free-midi-chords,MIT,other,OK,"chord / progression, key folder in path"
chords/free-midi-chords/01 - C Major - A minor/4 Progression/Major/pop style/C - IV I iii IV - Playful Joyful.mid,ldrolez/free-midi-chords,MIT,other,OK,"chord / progression, key folder in path"
chords/free-midi-chords/01 - C Major - A minor/4 Progression/Major/pop style/C - IV IV I V - Joyful Hopeful.mid,ldrolez/free-midi-chords,MIT,other,OK,"chord / progression, key folder in path"
chords/free-midi-chords/01 - C Major - A minor/4 Progression/Major/pop style/C - IV vi I V - Hopeful Romantic.mid,ldrolez/free-midi-chords,MIT,other,OK,"chord / progression, key folder in path"
chords/free-midi-chords/01 - C Major - A minor/4 Progression/Major/pop style/C - IV vi IV vi - Nostalgic.mid,ldrolez/free-midi-chords,MIT,other,OK,"chord / progression, key folder in path"
chords/free-midi-chords/01 - C Major - A minor/4 Progression/Major/pop style/C - IV vi iii I - Nostalgic Playful.mid,ldrolez/free-midi-chords,MIT,other,OK,"chord / progression, key folder in path"
chords/free-midi-chords/01 - C Major - A minor/4 Progression/Major/pop style/C - Isus2 I vi7 visus4 - Playful Romantic.mid,ldrolez/free-midi-chords,MIT,other,OK,"chord / progression, key folder in path"
chords/free-midi-chords/01 - C Major - A minor/4 Progression/Major/pop style/C - V I vi V - Hopeful Romantic.mid,ldrolez/free-midi-chords,MIT,other,OK,"chord / progression, key folder in path"
chords/free-midi-chords/01 - C Major - A minor/4 Progression/Major/pop style/C - V IV vi I - Hopeful Triumphant.mid,ldrolez/free-midi-chords,MIT,other,OK,"chord / progression, key folder in path"
chords/free-midi-chords/01 - C Major - A minor/4 Progression/Major/pop style/C - V vi IV I - Hopeful Romantic.mid,ldrolez/free-midi-chords,MIT,other,OK,"chord / progression, key folder in path"
chords/free-midi-chords/01 - C Major - A minor/4 Progression/Major/pop style/C - ii IV V - Hopeful.mid,ldrolez/free-midi-chords,MIT,other,OK,"chord / progression, key folder in path"
chords/free-midi-chords/01 - C Major - A minor/4 Progression/Major/pop style/C - ii IV vi V - Romantic.mid,ldrolez/free-midi-chords,MIT,other,OK,"chord / progression, key folder in path"
chords/free-midi-chords/01 - C Major - A minor/4 Progression/Major/pop style/C - ii V I - Triumphant.mid,ldrolez/free-midi-chords,MIT,other,OK,"chord / progression, key folder in path"
chords/free-midi-chords/01 - C Major - A minor/4 Progression/Major/pop style/C - ii V I IV - Hopeful Triumphant.mid,ldrolez/free-midi-chords,MIT,other,OK,"chord / progression, key folder in path"
chords/free-midi-chords/01 - C Major - A minor/4 Progression/Major/pop style/C - ii7 Vadd9 I7 - Triumphant.mid,ldrolez/free-midi-chords,MIT,other,OK,"chord / progression, key folder in path"
chords/free-midi-chords/01 - C Major - A minor/4 Progression/Major/pop style/C - iii vi IV I - Romantic Nostalgic.mid,ldrolez/free-midi-chords,MIT,other,OK,"chord / progression, key folder in path"
chords/free-midi-chords/01 - C Major - A minor/4 Progression/Major/pop style/C - iim7 V7 iiim7 vi7 iim7 V7 - Romantic Nostalgic.mid,ldrolez/free-midi-chords,MIT,other,OK,"chord / progression, key folder in path"
chords/free-midi-chords/01 - C Major - A minor/4 Progression/Major/pop style/C - vi IV I V - Hopeful Romantic.mid,ldrolez/free-midi-chords,MIT,other,OK,"chord / progression, key folder in path"
chords/free-midi-chords/01 - C Major - A minor/4 Progression/Major/pop style/C - vi IV iii V - New Hopeful Romantic.mid,ldrolez/free-midi-chords,MIT,other,OK,"chord / progression, key folder in path"
chords/free-midi-chords/01 - C Major - A minor/4 Progression/Major/pop style/C - vi V IV V - Romantic Hopeful.mid,ldrolez/free-midi-chords,MIT,other,OK,"chord / progression, key folder in path"
chords/free-midi-chords/01 - C Major - A minor/4 Progression/Major/pop style/C - vi V IV V ii V I I - Triumphant Hopeful.mid,ldrolez/free-midi-chords,MIT,other,OK,"chord / progression, key folder in path"
chords/free-midi-chords/01 - C Major - A minor/4 Progression/Major/pop style/C - vi ii V I - Hopeful Romantic.mid,ldrolez/free-midi-chords,MIT,other,OK,"chord / progression, key folder in path"
chords/free-midi-chords/01 - C Major - A minor/4 Progression/Major/pop2 style/C - I I IM-5 IM-5 IV IV V Vsus2 - Joyful Triumphant.mid,ldrolez/free-midi-chords,MIT,other,OK,"chord / progression, key folder in path"
chords/free-midi-chords/01 - C Major - A minor/4 Progression/Major/pop2 style/C - I I IV iii - Hopeful Nostalgic.mid,ldrolez/free-midi-chords,MIT,other,OK,"chord / progression, key folder in path"
chords/free-midi-chords/01 - C Major - A minor/4 Progression/Major/pop2 style/C - I I7 Idom7 I7 - Relaxed Playful.mid,ldrolez/free-midi-chords,MIT,other,OK,"chord / progression, key folder in path"
chords/free-midi-chords/01 - C Major - A minor/4 Progression/Major/pop2 style/C - I I7 Idom7 IV - Relaxed Nostalgic.mid,ldrolez/free-midi-chords,MIT,other,OK,"chord / progression, key folder in path"
chords/free-midi-chords/01 - C Major - A minor/4 Progression/Major/pop2 style/C - I IV Isus2 IV - Peaceful Hopeful.mid,ldrolez/free-midi-chords,MIT,other,OK,"chord / progression, key folder in path"
chords/free-midi-chords/01 - C Major - A minor/4 Progression/Major/pop2 style/C - I IV V - Joyful Excited.mid,ldrolez/free-midi-chords,MIT,other,OK,"chord / progression, key folder in path"
chords/free-midi-chords/01 - C Major - A minor/4 Progression/Major/pop2 style/C - I IV V IV - Joyful Triumphant.mid,ldrolez/free-midi-chords,MIT,other,OK,"chord / progression, key folder in path"
chords/free-midi-chords/01 - C Major - A minor/4 Progression/Major/pop2 style/C - I IV ii V - Joyful Triumphant.mid,ldrolez/free-midi-chords,MIT,other,OK,"chord / progression, key folder in path"
chords/free-midi-chords/01 - C Major - A minor/4 Progression/Major/pop2 style/C - I IV vi V - Joyful Hopeful.mid,ldrolez/free-midi-chords,MIT,other,OK,"chord / progression, key folder in path"
chords/free-midi-chords/01 - C Major - A minor/4 Progression/Major/pop2 style/C - I IV vii iii vi ii V I - Romantic Triumphant.mid,ldrolez/free-midi-chords,MIT,other,OK,"chord / progression, key folder in path"
chords/free-midi-chords/01 - C Major - A minor/4 Progression/Major/pop2 style/C - I V I IV - Joyful Playful.mid,ldrolez/free-midi-chords,MIT,other,OK,"chord / progression, key folder in path"
chords/free-midi-chords/01 - C Major - A minor/4 Progression/Major/pop2 style/C - I V IV vi - Romantic Hopeful.mid,ldrolez/free-midi-chords,MIT,other,OK,"chord / progression, key folder in path"
chords/free-midi-chords/01 - C Major - A minor/4 Progression/Major/pop2 style/C - I V vi IV - Hopeful Romantic.mid,ldrolez/free-midi-chords,MIT,other,OK,"chord / progression, key folder in path"
chords/free-midi-chords/01 - C Major - A minor/4 Progression/Major/pop2 style/C - I V vi V - Hopeful Romantic.mid,ldrolez/free-midi-chords,MIT,other,OK,"chord / progression, key folder in path"
chords/free-midi-chords/01 - C Major - A minor/4 Progression/Major/pop2 style/C - I V vi ii - Hopeful Romantic.mid,ldrolez/free-midi-chords,MIT,other,OK,"chord / progression, key folder in path"
chords/free-midi-chords/01 - C Major - A minor/4 Progression/Major/pop2 style/C - I V vi iii IV - Hopeful Joyful.mid,ldrolez/free-midi-chords,MIT,other,OK,"chord / progression, key folder in path"
chords/free-midi-chords/01 - C Major - A minor/4 Progression/Major/pop2 style/C - I V vi iii IV I IV V - Hopeful Joyful.mid,ldrolez/free-midi-chords,MIT,other,OK,"chord / progression, key folder in path"
chords/free-midi-chords/01 - C Major - A minor/4 Progression/Major/pop2 style/C - I iii IV vi - Romantic Nostalgic.mid,ldrolez/free-midi-chords,MIT,other,OK,"chord / progression, key folder in path"
chords/free-midi-chords/01 - C Major - A minor/4 Progression/Major/pop2 style/C - I iii vi IV - Romantic Hopeful.mid,ldrolez/free-midi-chords,MIT,other,OK,"chord / progression, key folder in path"
chords/free-midi-chords/01 - C Major - A minor/4 Progression/Major/pop2 style/C - I iii vi Isus4 - Tender Spiritual.mid,ldrolez/free-midi-chords,MIT,other,OK,"chord / progression, key folder in path"
chords/free-midi-chords/01 - C Major - A minor/4 Progression/Major/pop2 style/C - I vi I IV - Tender Nostalgic.mid,ldrolez/free-midi-chords,MIT,other,OK,"chord / progression, key folder in path"
chords/free-midi-chords/01 - C Major - A minor/4 Progression/Major/pop2 style/C - I vi IV V - Romantic Hopeful.mid,ldrolez/free-midi-chords,MIT,other,OK,"chord / progression, key folder in path"
chords/free-midi-chords/01 - C Major - A minor/4 Progression/Major/pop2 style/C - I vi IV iii - Nostalgic Romantic.mid,ldrolez/free-midi-chords,MIT,other,OK,"chord / progression, key folder in path"
chords/free-midi-chords/01 - C Major - A minor/4 Progression/Major/pop2 style/C - I vi ii IV - Tender Nostalgic.mid,ldrolez/free-midi-chords,MIT,other,OK,"chord / progression, key folder in path"
chords/free-midi-chords/01 - C Major - A minor/4 Progression/Major/pop2 style/C - I vi ii V - Nostalgic Romantic.mid,ldrolez/free-midi-chords,MIT,other,OK,"chord / progression, key folder in path"
chords/free-midi-chords/01 - C Major - A minor/4 Progression/Major/pop2 style/C - I7 V7 viadd9 IV7 - Playful Joyful.mid,ldrolez/free-midi-chords,MIT,other,OK,"chord / progression, key folder in path"
chords/free-midi-chords/01 - C Major - A minor/4 Progression/Major/pop2 style/C - IV I IV6 Iadd9 - Relaxed Joyful.mid,ldrolez/free-midi-chords,MIT,other,OK,"chord / progression, key folder in path"
chords/free-midi-chords/01 - C Major - A minor/4 Progression/Major/pop2 style/C - IV I V vi - Joyful Romantic.mid,ldrolez/free-midi-chords,MIT,other,OK,"chord / progression, key folder in path"
chords/free-midi-chords/01 - C Major - A minor/4 Progression/Major/pop2 style/C - IV I ii vi - Nostalgic Peaceful.mid,ldrolez/free-midi-chords,MIT,other,OK,"chord / progression, key folder in path"
chords/free-midi-chords/01 - C Major - A minor/4 Progression/Major/pop2 style/C - IV I iii IV - Playful Joyful.mid,ldrolez/free-midi-chords,MIT,other,OK,"chord / progression, key folder in path"
chords/free-midi-chords/01 - C Major - A minor/4 Progression/Major/pop2 style/C - IV IV I V - Joyful Hopeful.mid,ldrolez/free-midi-chords,MIT,other,OK,"chord / progression, key folder in path"
chords/free-midi-chords/01 - C Major - A minor/4 Progression/Major/pop2 style/C - IV vi I V - Hopeful Romantic.mid,ldrolez/free-midi-chords,MIT,other,OK,"chord / progression, key folder in path"
chords/free-midi-chords/01 - C Major - A minor/4 Progression/Major/pop2 style/C - IV vi IV vi - Nostalgic.mid,ldrolez/free-midi-chords,MIT,other,OK,"chord / progression, key folder in path"
chords/free-midi-chords/01 - C Major - A minor/4 Progression/Major/pop2 style/C - IV vi iii I - Nostalgic Playful.mid,ldrolez/free-midi-chords,MIT,other,OK,"chord / progression, key folder in path"
chords/free-midi-chords/01 - C Major - A minor/4 Progression/Major/pop2 style/C - Isus2 I vi7 visus4 - Playful Romantic.mid,ldrolez/free-midi-chords,MIT,other,OK,"chord / progression, key folder in path"
chords/free-midi-chords/01 - C Major - A minor/4 Progression/Major/pop2 style/C - V I vi V - Hopeful Romantic.mid,ldrolez/free-midi-chords,MIT,other,OK,"chord / progression, key folder in path"
chords/free-midi-chords/01 - C Major - A minor/4 Progression/Major/pop2 style/C - V IV vi I - Hopeful Triumphant.mid,ldrolez/free-midi-chords,MIT,other,OK,"chord / progression, key folder in path"
chords/free-midi-chords/01 - C Major - A minor/4 Progression/Major/pop2 style/C - V vi IV I - Hopeful Romantic.mid,ldrolez/free-midi-chords,MIT,other,OK,"chord / progression, key folder in path"
chords/free-midi-chords/01 - C Major - A minor/4 Progression/Major/pop2 style/C - ii IV V - Hopeful.mid,ldrolez/free-midi-chords,MIT,other,OK,"chord / progression, key folder in path"
chords/free-midi-chords/01 - C Major - A minor/4 Progression/Major/pop2 style/C - ii IV vi V - Romantic.mid,ldrolez/free-midi-chords,MIT,other,OK,"chord / progression, key folder in path"
chords/free-midi-chords/01 - C Major - A minor/4 Progression/Major/pop2 style/C - ii V I - Triumphant.mid,ldrolez/free-midi-chords,MIT,other,OK,"chord / progression, key folder in path"
chords/free-midi-chords/01 - C Major - A minor/4 Progression/Major/pop2 style/C - ii V I IV - Hopeful Triumphant.mid,ldrolez/free-midi-chords,MIT,other,OK,"chord / progression, key folder in path"
chords/free-midi-chords/01 - C Major - A minor/4 Progression/Major/pop2 style/C - ii7 Vadd9 I7 - Triumphant.mid,ldrolez/free-midi-chords,MIT,other,OK,"chord / progression, key folder in path"
chords/free-midi-chords/01 - C Major - A minor/4 Progression/Major/pop2 style/C - iii vi IV I - Romantic Nostalgic.mid,ldrolez/free-midi-chords,MIT,other,OK,"chord / progression, key folder in path"
chords/free-midi-chords/01 - C Major - A minor/4 Progression/Major/pop2 style/C - iim7 V7 iiim7 vi7 iim7 V7 - Romantic Nostalgic.mid,ldrolez/free-midi-chords,MIT,other,OK,"chord / progression, key folder in path"
chords/free-midi-chords/01 - C Major - A minor/4 Progression/Major/pop2 style/C - vi IV I V - Hopeful Romantic.mid,ldrolez/free-midi-chords,MIT,other,OK,"chord / progression, key folder in path"
chords/free-midi-chords/01 - C Major - A minor/4 Progression/Major/pop2 style/C - vi IV iii V - New Hopeful Romantic.mid,ldrolez/free-midi-chords,MIT,other,OK,"chord / progression, key folder in path"
chords/free-midi-chords/01 - C Major - A minor/4 Progression/Major/pop2 style/C - vi V IV V - Romantic Hopeful.mid,ldrolez/free-midi-chords,MIT,other,OK,"chord / progression, key folder in path"
chords/free-midi-chords/01 - C Major - A minor/4 Progression/Major/pop2 style/C - vi V IV V ii V I I - Triumphant Hopeful.mid,ldrolez/free-midi-chords,MIT,other,OK,"chord / progression, key folder in path"
chords/free-midi-chords/01 - C Major - A minor/4 Progression/Major/pop2 style/C - vi ii V I - Hopeful Romantic.mid,ldrolez/free-midi-chords,MIT,other,OK,"chord / progression, key folder in path"
chords/free-midi-chords/01 - C Major - A minor/4 Progression/Major/soul style/C - I I IM-5 IM-5 IV IV V Vsus2 - Joyful Triumphant.mid,ldrolez/free-midi-chords,MIT,other,OK,"chord / progression, key folder in path"
chords/free-midi-chords/01 - C Major - A minor/4 Progression/Major/soul style/C - I I IV iii - Hopeful Nostalgic.mid,ldrolez/free-midi-chords,MIT,other,OK,"chord / progression, key folder in path"
chords/free-midi-chords/01 - C Major - A minor/4 Progression/Major/soul style/C - I I7 Idom7 I7 - Relaxed Playful.mid,ldrolez/free-midi-chords,MIT,other,OK,"chord / progression, key folder in path"
chords/free-midi-chords/01 - C Major - A minor/4 Progression/Major/soul style/C - I I7 Idom7 IV - Relaxed Nostalgic.mid,ldrolez/free-midi-chords,MIT,other,OK,"chord / progression, key folder in path"
chords/free-midi-chords/01 - C Major - A minor/4 Progression/Major/soul style/C - I IV Isus2 IV - Peaceful Hopeful.mid,ldrolez/free-midi-chords,MIT,other,OK,"chord / progression, key folder in path"
chords/free-midi-chords/01 - C Major - A minor/4 Progression/Major/soul style/C - I IV V - Joyful Excited.mid,ldrolez/free-midi-chords,MIT,other,OK,"chord / progression, key folder in path"
chords/free-midi-chords/01 - C Major - A minor/4 Progression/Major/soul style/C - I IV V IV - Joyful Triumphant.mid,ldrolez/free-midi-chords,MIT,other,OK,"chord / progression, key folder in path"
chords/free-midi-chords/01 - C Major - A minor/4 Progression/Major/soul style/C - I IV ii V - Joyful Triumphant.mid,ldrolez/free-midi-chords,MIT,other,OK,"chord / progression, key folder in path"
chords/free-midi-chords/01 - C Major - A minor/4 Progression/Major/soul style/C - I IV vi V - Joyful Hopeful.mid,ldrolez/free-midi-chords,MIT,other,OK,"chord / progression, key folder in path"
chords/free-midi-chords/01 - C Major - A minor/4 Progression/Major/soul style/C - I IV vii iii vi ii V I - Romantic Triumphant.mid,ldrolez/free-midi-chords,MIT,other,OK,"chord / progression, key folder in path"
chords/free-midi-chords/01 - C Major - A minor/4 Progression/Major/soul style/C - I V I IV - Joyful Playful.mid,ldrolez/free-midi-chords,MIT,other,OK,"chord / progression, key folder in path"
chords/free-midi-chords/01 - C Major - A minor/4 Progression/Major/soul style/C - I V IV vi - Romantic Hopeful.mid,ldrolez/free-midi-chords,MIT,other,OK,"chord / progression, key folder in path"
chords/free-midi-chords/01 - C Major - A minor/4 Progression/Major/soul style/C - I V vi IV - Hopeful Romantic.mid,ldrolez/free-midi-chords,MIT,other,OK,"chord / progression, key folder in path"
chords/free-midi-chords/01 - C Major - A minor/4 Progression/Major/soul style/C - I V vi V - Hopeful Romantic.mid,ldrolez/free-midi-chords,MIT,other,OK,"chord / progression, key folder in path"
chords/free-midi-chords/01 - C Major - A minor/4 Progression/Major/soul style/C - I V vi ii - Hopeful Romantic.mid,ldrolez/free-midi-chords,MIT,other,OK,"chord / progression, key folder in path"
chords/free-midi-chords/01 - C Major - A minor/4 Progression/Major/soul style/C - I V vi iii IV - Hopeful Joyful.mid,ldrolez/free-midi-chords,MIT,other,OK,"chord / progression, key folder in path"
chords/free-midi-chords/01 - C Major - A minor/4 Progression/Major/soul style/C - I V vi iii IV I IV V - Hopeful Joyful.mid,ldrolez/free-midi-chords,MIT,other,OK,"chord / progression, key folder in path"
chords/free-midi-chords/01 - C Major - A minor/4 Progression/Major/soul style/C - I iii IV vi - Romantic Nostalgic.mid,ldrolez/free-midi-chords,MIT,other,OK,"chord / progression, key folder in path"
chords/free-midi-chords/01 - C Major - A minor/4 Progression/Major/soul style/C - I iii vi IV - Romantic Hopeful.mid,ldrolez/free-midi-chords,MIT,other,OK,"chord / progression, key folder in path"
chords/free-midi-chords/01 - C Major - A minor/4 Progression/Major/soul style/C - I iii vi Isus4 - Tender Spiritual.mid,ldrolez/free-midi-chords,MIT,other,OK,"chord / progression, key folder in path"
chords/free-midi-chords/01 - C Major - A minor/4 Progression/Major/soul style/C - I vi I IV - Tender Nostalgic.mid,ldrolez/free-midi-chords,MIT,other,OK,"chord / progression, key folder in path"
chords/free-midi-chords/01 - C Major - A minor/4 Progression/Major/soul style/C - I vi IV V - Romantic Hopeful.mid,ldrolez/free-midi-chords,MIT,other,OK,"chord / progression, key folder in path"
chords/free-midi-chords/01 - C Major - A minor/4 Progression/Major/soul style/C - I vi IV iii - Nostalgic Romantic.mid,ldrolez/free-midi-chords,MIT,other,OK,"chord / progression, key folder in path"
chords/free-midi-chords/01 - C Major - A minor/4 Progression/Major/soul style/C - I vi ii IV - Tender Nostalgic.mid,ldrolez/free-midi-chords,MIT,other,OK,"chord / progression, key folder in path"
chords/free-midi-chords/01 - C Major - A minor/4 Progression/Major/soul style/C - I vi ii V - Nostalgic Romantic.mid,ldrolez/free-midi-chords,MIT,other,OK,"chord / progression, key folder in path"
chords/free-midi-chords/01 - C Major - A minor/4 Progression/Major/soul style/C - I7 V7 viadd9 IV7 - Playful Joyful.mid,ldrolez/free-midi-chords,MIT,other,OK,"chord / progression, key folder in path"
chords/free-midi-chords/01 - C Major - A minor/4 Progression/Major/soul style/C - IV I IV6 Iadd9 - Relaxed Joyful.mid,ldrolez/free-midi-chords,MIT,other,OK,"chord / progression, key folder in path"
chords/free-midi-chords/01 - C Major - A minor/4 Progression/Major/soul style/C - IV I V vi - Joyful Romantic.mid,ldrolez/free-midi-chords,MIT,other,OK,"chord / progression, key folder in path"
chords/free-midi-chords/01 - C Major - A minor/4 Progression/Major/soul style/C - IV I ii vi - Nostalgic Peaceful.mid,ldrolez/free-midi-chords,MIT,other,OK,"chord / progression, key folder in path"
chords/free-midi-chords/01 - C Major - A minor/4 Progression/Major/soul style/C - IV I iii IV - Playful Joyful.mid,ldrolez/free-midi-chords,MIT,other,OK,"chord / progression, key folder in path"
chords/free-midi-chords/01 - C Major - A minor/4 Progression/Major/soul style/C - IV IV I V - Joyful Hopeful.mid,ldrolez/free-midi-chords,MIT,other,OK,"chord / progression, key folder in path"
chords/free-midi-chords/01 - C Major - A minor/4 Progression/Major/soul style/C - IV vi I V - Hopeful Romantic.mid,ldrolez/free-midi-chords,MIT,other,OK,"chord / progression, key folder in path"
chords/free-midi-chords/01 - C Major - A minor/4 Progression/Major/soul style/C - IV vi IV vi - Nostalgic.mid,ldrolez/free-midi-chords,MIT,other,OK,"chord / progression, key folder in path"
chords/free-midi-chords/01 - C Major - A minor/4 Progression/Major/soul style/C - IV vi iii I - Nostalgic Playful.mid,ldrolez/free-midi-chords,MIT,other,OK,"chord / progression, key folder in path"
chords/free-midi-chords/01 - C Major - A minor/4 Progression/Major/soul style/C - Isus2 I vi7 visus4 - Playful Romantic.mid,ldrolez/free-midi-chords,MIT,other,OK,"chord / progression, key folder in path"
chords/free-midi-chords/01 - C Major - A minor/4 Progression/Major/soul style/C - V I vi V - Hopeful Romantic.mid,ldrolez/free-midi-chords,MIT,other,OK,"chord / progression, key folder in path"
chords/free-midi-chords/01 - C Major - A minor/4 Progression/Major/soul style/C - V IV vi I - Hopeful Triumphant.mid,ldrolez/free-midi-chords,MIT,other,OK,"chord / progression, key folder in path"
chords/free-midi-chords/01 - C Major - A minor/4 Progression/Major/soul style/C - V vi IV I - Hopeful Romantic.mid,ldrolez/free-midi-chords,MIT,other,OK,"chord / progression, key folder in path"
chords/free-midi-chords/01 - C Major - A minor/4 Progression/Major/soul style/C - ii IV V - Hopeful.mid,ldrolez/free-midi-chords,MIT,other,OK,"chord / progression, key folder in path"
chords/free-midi-chords/01 - C Major - A minor/4 Progression/Major/soul style/C - ii IV vi V - Romantic.mid,ldrolez/free-midi-chords,MIT,other,OK,"chord / progression, key folder in path"
chords/free-midi-chords/01 - C Major - A minor/4 Progression/Major/soul style/C - ii V I - Triumphant.mid,ldrolez/free-midi-chords,MIT,other,OK,"chord / progression, key folder in path"
chords/free-midi-chords/01 - C Major - A minor/4 Progression/Major/soul style/C - ii V I IV - Hopeful Triumphant.mid,ldrolez/free-midi-chords,MIT,other,OK,"chord / progression, key folder in path"
chords/free-midi-chords/01 - C Major - A minor/4 Progression/Major/soul style/C - ii7 Vadd9 I7 - Triumphant.mid,ldrolez/free-midi-chords,MIT,other,OK,"chord / progression, key folder in path"
chords/free-midi-chords/01 - C Major - A minor/4 Progression/Major/soul style/C - iii vi IV I - Romantic Nostalgic.mid,ldrolez/free-midi-chords,MIT,other,OK,"chord / progression, key folder in path"
chords/free-midi-chords/01 - C Major - A minor/4 Progression/Major/soul style/C - iim7 V7 iiim7 vi7 iim7 V7 - Romantic Nostalgic.mid,ldrolez/free-midi-chords,MIT,other,OK,"chord / progression, key folder in path"
chords/free-midi-chords/01 - C Major - A minor/4 Progression/Major/soul style/C - vi IV I V - Hopeful Romantic.mid,ldrolez/free-midi-chords,MIT,other,OK,"chord / progression, key folder in path"
chords/free-midi-chords/01 - C Major - A minor/4 Progression/Major/soul style/C - vi IV iii V - New Hopeful Romantic.mid,ldrolez/free-midi-chords,MIT,other,OK,"chord / progression, key folder in path"
chords/free-midi-chords/01 - C Major - A minor/4 Progression/Major/soul style/C - vi V IV V - Romantic Hopeful.mid,ldrolez/free-midi-chords,MIT,other,OK,"chord / progression, key folder in path"
chords/free-midi-chords/01 - C Major - A minor/4 Progression/Major/soul style/C - vi V IV V ii V I I - Triumphant Hopeful.mid,ldrolez/free-midi-chords,MIT,other,OK,"chord / progression, key folder in path"
chords/free-midi-chords/01 - C Major - A minor/4 Progression/Major/soul style/C - vi ii V I - Hopeful Romantic.mid,ldrolez/free-midi-chords,MIT,other,OK,"chord / progression, key folder in path"
chords/free-midi-chords/01 - C Major - A minor/4 Progression/Minor/A - VI III i v - Nostalgic Dark.mid,ldrolez/free-midi-chords,MIT,other,OK,"chord / progression, key folder in path"
chords/free-midi-chords/01 - C Major - A minor/4 Progression/Minor/A - VI VI i VII - Empowered.mid,ldrolez/free-midi-chords,MIT,other,OK,"chord / progression, key folder in path"
chords/free-midi-chords/01 - C Major - A minor/4 Progression/Minor/A - VI VII i III - Triumphant Nostalgic.mid,ldrolez/free-midi-chords,MIT,other,OK,"chord / progression, key folder in path"
chords/free-midi-chords/01 - C Major - A minor/4 Progression/Minor/A - VI VII v III - Rebellious Nostalgic.mid,ldrolez/free-midi-chords,MIT,other,OK,"chord / progression, key folder in path"
chords/free-midi-chords/01 - C Major - A minor/4 Progression/Minor/A - VI i v - Sad.mid,ldrolez/free-midi-chords,MIT,other,OK,"chord / progression, key folder in path"
chords/free-midi-chords/01 - C Major - A minor/4 Progression/Minor/A - VI i v III - Hopeful Nostalgic.mid,ldrolez/free-midi-chords,MIT,other,OK,"chord / progression, key folder in path"
chords/free-midi-chords/01 - C Major - A minor/4 Progression/Minor/A - VI iv i v - Hopeful Tender.mid,ldrolez/free-midi-chords,MIT,other,OK,"chord / progression, key folder in path"
chords/free-midi-chords/01 - C Major - A minor/4 Progression/Minor/A - VI7 VII i v VI7 VII i iv7 - New Empowered Nostalgic.mid,ldrolez/free-midi-chords,MIT,other,OK,"chord / progression, key folder in path"
chords/free-midi-chords/01 - C Major - A minor/4 Progression/Minor/A - VI7 VII6 i VII6 - New Nostalgic Hopeful.mid,ldrolez/free-midi-chords,MIT,other,OK,"chord / progression, key folder in path"
chords/free-midi-chords/01 - C Major - A minor/4 Progression/Minor/A - VII iv VII i - Spiritual.mid,ldrolez/free-midi-chords,MIT,other,OK,"chord / progression, key folder in path"
chords/free-midi-chords/01 - C Major - A minor/4 Progression/Minor/A - VII iv v i - Mysterious Dark.mid,ldrolez/free-midi-chords,MIT,other,OK,"chord / progression, key folder in path"
chords/free-midi-chords/01 - C Major - A minor/4 Progression/Minor/A - i III VII VI - Nostalgic Romantic.mid,ldrolez/free-midi-chords,MIT,other,OK,"chord / progression, key folder in path"
chords/free-midi-chords/01 - C Major - A minor/4 Progression/Minor/A - i III VII iv - New Empowered Nostalgic.mid,ldrolez/free-midi-chords,MIT,other,OK,"chord / progression, key folder in path"
chords/free-midi-chords/01 - C Major - A minor/4 Progression/Minor/A - i III iv VI - Nostalgic Romantic.mid,ldrolez/free-midi-chords,MIT,other,OK,"chord / progression, key folder in path"
chords/free-midi-chords/01 - C Major - A minor/4 Progression/Minor/A - i VI III VII - Nostalgic Hopeful.mid,ldrolez/free-midi-chords,MIT,other,OK,"chord / progression, key folder in path"
chords/free-midi-chords/01 - C Major - A minor/4 Progression/Minor/A - i VI III VII i VI69 III7 VII - Mysterious Spiritual.mid,ldrolez/free-midi-chords,MIT,other,OK,"chord / progression, key folder in path"
chords/free-midi-chords/01 - C Major - A minor/4 Progression/Minor/A - i VI VII - Triumphant Rebellious.mid,ldrolez/free-midi-chords,MIT,other,OK,"chord / progression, key folder in path"
chords/free-midi-chords/01 - C Major - A minor/4 Progression/Minor/A - i VI VII iv - Mysterious Nostalgic.mid,ldrolez/free-midi-chords,MIT,other,OK,"chord / progression, key folder in path"
chords/free-midi-chords/01 - C Major - A minor/4 Progression/Minor/A - i VI VII v - Mysterious Rebellious.mid,ldrolez/free-midi-chords,MIT,other,OK,"chord / progression, key folder in path"
chords/free-midi-chords/01 - C Major - A minor/4 Progression/Minor/A - i VI iv III - Sad Nostalgic.mid,ldrolez/free-midi-chords,MIT,other,OK,"chord / progression, key folder in path"
chords/free-midi-chords/01 - C Major - A minor/4 Progression/Minor/A - i VI iv ii - Sad Tender.mid,ldrolez/free-midi-chords,MIT,other,OK,"chord / progression, key folder in path"
chords/free-midi-chords/01 - C Major - A minor/4 Progression/Minor/A - i VI iv v - Sad Hopeful.mid,ldrolez/free-midi-chords,MIT,other,OK,"chord / progression, key folder in path"
chords/free-midi-chords/01 - C Major - A minor/4 Progression/Minor/A - i VII III VI - Rebellious Triumphant.mid,ldrolez/free-midi-chords,MIT,other,OK,"chord / progression, key folder in path"
chords/free-midi-chords/01 - C Major - A minor/4 Progression/Minor/A - i VII VI III - Nostalgic Hopeful.mid,ldrolez/free-midi-chords,MIT,other,OK,"chord / progression, key folder in path"
chords/free-midi-chords/01 - C Major - A minor/4 Progression/Minor/A - i VII VI III iv VI VII i - Mysterious Surprised.mid,ldrolez/free-midi-chords,MIT,other,OK,"chord / progression, key folder in path"
chords/free-midi-chords/01 - C Major - A minor/4 Progression/Minor/A - i VII VI VII - Rebellious Triumphant.mid,ldrolez/free-midi-chords,MIT,other,OK,"chord / progression, key folder in path"
chords/free-midi-chords/01 - C Major - A minor/4 Progression/Minor/A - i VII VI iv - Sad Romantic.mid,ldrolez/free-midi-chords,MIT,other,OK,"chord / progression, key folder in path"
chords/free-midi-chords/01 - C Major - A minor/4 Progression/Minor/A - i VII VIadd9 VII i v VI VIIsus4 - New Nostalgic Sad.mid,ldrolez/free-midi-chords,MIT,other,OK,"chord / progression, key folder in path"
chords/free-midi-chords/01 - C Major - A minor/4 Progression/Minor/A - i VII i v - Mysterious Nostalgic.mid,ldrolez/free-midi-chords,MIT,other,OK,"chord / progression, key folder in path"
chords/free-midi-chords/01 - C Major - A minor/4 Progression/Minor/A - i VII i v III VII i v i - Mysterious Surprised.mid,ldrolez/free-midi-chords,MIT,other,OK,"chord / progression, key folder in path"
chords/free-midi-chords/01 - C Major - A minor/4 Progression/Minor/A - i VII v VI - Mysterious Hopeful.mid,ldrolez/free-midi-chords,MIT,other,OK,"chord / progression, key folder in path"
chords/free-midi-chords/01 - C Major - A minor/4 Progression/Minor/A - i i iv iv v7 ii5 v v7 - Dark Mysterious.mid,ldrolez/free-midi-chords,MIT,other,OK,"chord / progression, key folder in path"
chords/free-midi-chords/01 - C Major - A minor/4 Progression/Minor/A - i ii v III i ii v VII - Mysterious Dramatic.mid,ldrolez/free-midi-chords,MIT,other,OK,"chord / progression, key folder in path"
chords/free-midi-chords/01 - C Major - A minor/4 Progression/Minor/A - i ii v i - Mysterious Triumphant.mid,ldrolez/free-midi-chords,MIT,other,OK,"chord / progression, key folder in path"
chords/free-midi-chords/01 - C Major - A minor/4 Progression/Minor/A - i iv III VI - Nostalgic Romantic.mid,ldrolez/free-midi-chords,MIT,other,OK,"chord / progression, key folder in path"
chords/free-midi-chords/01 - C Major - A minor/4 Progression/Minor/A - i iv VI v - Sad Hopeful.mid,ldrolez/free-midi-chords,MIT,other,OK,"chord / progression, key folder in path"
chords/free-midi-chords/01 - C Major - A minor/4 Progression/Minor/A - i iv VII i - Sad Nostalgic.mid,ldrolez/free-midi-chords,MIT,other,OK,"chord / progression, key folder in path"
chords/free-midi-chords/01 - C Major - A minor/4 Progression/Minor/A - i iv VII v i i ii V - Mysterious Surprised.mid,ldrolez/free-midi-chords,MIT,other,OK,"chord / progression, key folder in path"
chords/free-midi-chords/01 - C Major - A minor/4 Progression/Minor/A - i iv v - Sad Lonely.mid,ldrolez/free-midi-chords,MIT,other,OK,"chord / progression, key folder in path"
chords/free-midi-chords/01 - C Major - A minor/4 Progression/Minor/A - i iv v iv - Mysterious Sad.mid,ldrolez/free-midi-chords,MIT,other,OK,"chord / progression, key folder in path"
chords/free-midi-chords/01 - C Major - A minor/4 Progression/Minor/A - i v iv VII - Sad Rebellious.mid,ldrolez/free-midi-chords,MIT,other,OK,"chord / progression, key folder in path"
chords/free-midi-chords/01 - C Major - A minor/4 Progression/Minor/A - i vdim iv VI - Dark Nostalgic.mid,ldrolez/free-midi-chords,MIT,other,OK,"chord / progression, key folder in path"
chords/free-midi-chords/01 - C Major - A minor/4 Progression/Minor/A - i7 VI III7 VII6 i i7 III7 iv7 - Dark Nostalgic.mid,ldrolez/free-midi-chords,MIT,other,OK,"chord / progression, key folder in path"
chords/free-midi-chords/01 - C Major - A minor/4 Progression/Minor/A - i7 VII VI7 iv7 - Nostalgic Romantic.mid,ldrolez/free-midi-chords,MIT,other,OK,"chord / progression, key folder in path"
chords/free-midi-chords/01 - C Major - A minor/4 Progression/Minor/A - ii VI i iv - Sad Hopeful.mid,ldrolez/free-midi-chords,MIT,other,OK,"chord / progression, key folder in path"
chords/free-midi-chords/01 - C Major - A minor/4 Progression/Minor/A - ii v i - Peaceful Hopeful.mid,ldrolez/free-midi-chords,MIT,other,OK,"chord / progression, key folder in path"
chords/free-midi-chords/01 - C Major - A minor/4 Progression/Minor/A - ii v i iv - Peaceful Nostalgic.mid,ldrolez/free-midi-chords,MIT,other,OK,"chord / progression, key folder in path"
chords/free-midi-chords/01 - C Major - A minor/4 Progression/Minor/A - im7 ivsus4 v7 isus4 - Mysterious Tender.mid,ldrolez/free-midi-chords,MIT,other,OK,"chord / progression, key folder in path"
chords/free-midi-chords/01 - C Major - A minor/4 Progression/Minor/A - iv III VII i - Nostalgic Mysterious.mid,ldrolez/free-midi-chords,MIT,other,OK,"chord / progression, key folder in path"
chords/free-midi-chords/01 - C Major - A minor/4 Progression/Minor/A - iv III vsus4 VI iv i III VI - Nostalgic Mysterious.mid,ldrolez/free-midi-chords,MIT,other,OK,"chord / progression, key folder in path"
chords/free-midi-chords/01 - C Major - A minor/4 Progression/Minor/A - iv VI VII i - Triumphant.mid,ldrolez/free-midi-chords,MIT,other,OK,"chord / progression, key folder in path"
chords/free-midi-chords/01 - C Major - A minor/4 Progression/Minor/A - iv VI v VII - Mysterious Hopeful.mid,ldrolez/free-midi-chords,MIT,other,OK,"chord / progression, key folder in path"
chords/free-midi-chords/01 - C Major - A minor/4 Progression/Minor/A - iv i v VI - Nostalgic Hopeful.mid,ldrolez/free-midi-chords,MIT,other,OK,"chord / progression, key folder in path"
chords/free-midi-chords/01 - C Major - A minor/4 Progression/Minor/A - iv v VI VII - Mysterious Rebellious.mid,ldrolez/free-midi-chords,MIT,other,OK,"chord / progression, key folder in path"
chords/free-midi-chords/01 - C Major - A minor/4 Progression/Minor/A - v VI III i - Hopeful Nostalgic.mid,ldrolez/free-midi-chords,MIT,other,OK,"chord / progression, key folder in path"
chords/free-midi-chords/01 - C Major - A minor/4 Progression/Minor/A - v VI v i - Sad.mid,ldrolez/free-midi-chords,MIT,other,OK,"chord / progression, key folder in path"
chords/free-midi-chords/01 - C Major - A minor/4 Progression/Minor/A - v i iv VII - Dark Rebellious.mid,ldrolez/free-midi-chords,MIT,other,OK,"chord / progression, key folder in path"
chords/free-midi-chords/01 - C Major - A minor/4 Progression/Minor/A - v iv i - Lonely.mid,ldrolez/free-midi-chords,MIT,other,OK,"chord / progression, key folder in path"
chords/free-midi-chords/01 - C Major - A minor/4 Progression/Minor/hiphop2 style/A - VI III i v - Nostalgic Dark.mid,ldrolez/free-midi-chords,MIT,other,OK,"chord / progression, key folder in path"
chords/free-midi-chords/01 - C Major - A minor/4 Progression/Minor/hiphop2 style/A - VI VI i VII - Empowered.mid,ldrolez/free-midi-chords,MIT,other,OK,"chord / progression, key folder in path"
chords/free-midi-chords/01 - C Major - A minor/4 Progression/Minor/hiphop2 style/A - VI VII i III - Triumphant Nostalgic.mid,ldrolez/free-midi-chords,MIT,other,OK,"chord / progression, key folder in path"
chords/free-midi-chords/01 - C Major - A minor/4 Progression/Minor/hiphop2 style/A - VI VII v III - Rebellious Nostalgic.mid,ldrolez/free-midi-chords,MIT,other,OK,"chord / progression, key folder in path"
chords/free-midi-chords/01 - C Major - A minor/4 Progression/Minor/hiphop2 style/A - VI i v - Sad.mid,ldrolez/free-midi-chords,MIT,other,OK,"chord / progression, key folder in path"
chords/free-midi-chords/01 - C Major - A minor/4 Progression/Minor/hiphop2 style/A - VI i v III - Hopeful Nostalgic.mid,ldrolez/free-midi-chords,MIT,other,OK,"chord / progression, key folder in path"
chords/free-midi-chords/01 - C Major - A minor/4 Progression/Minor/hiphop2 style/A - VI iv i v - Hopeful Tender.mid,ldrolez/free-midi-chords,MIT,other,OK,"chord / progression, key folder in path"
chords/free-midi-chords/01 - C Major - A minor/4 Progression/Minor/hiphop2 style/A - VI7 VII i v VI7 VII i iv7 - New Empowered Nostalgic.mid,ldrolez/free-midi-chords,MIT,other,OK,"chord / progression, key folder in path"
chords/free-midi-chords/01 - C Major - A minor/4 Progression/Minor/hiphop2 style/A - VI7 VII6 i VII6 - New Nostalgic Hopeful.mid,ldrolez/free-midi-chords,MIT,other,OK,"chord / progression, key folder in path"
chords/free-midi-chords/01 - C Major - A minor/4 Progression/Minor/hiphop2 style/A - VII iv VII i - Spiritual.mid,ldrolez/free-midi-chords,MIT,other,OK,"chord / progression, key folder in path"
chords/free-midi-chords/01 - C Major - A minor/4 Progression/Minor/hiphop2 style/A - VII iv v i - Mysterious Dark.mid,ldrolez/free-midi-chords,MIT,other,OK,"chord / progression, key folder in path"
chords/free-midi-chords/01 - C Major - A minor/4 Progression/Minor/hiphop2 style/A - i III VII VI - Nostalgic Romantic.mid,ldrolez/free-midi-chords,MIT,other,OK,"chord / progression, key folder in path"
chords/free-midi-chords/01 - C Major - A minor/4 Progression/Minor/hiphop2 style/A - i III VII iv - New Empowered Nostalgic.mid,ldrolez/free-midi-chords,MIT,other,OK,"chord / progression, key folder in path"
chords/free-midi-chords/01 - C Major - A minor/4 Progression/Minor/hiphop2 style/A - i III iv VI - Nostalgic Romantic.mid,ldrolez/free-midi-chords,MIT,other,OK,"chord / progression, key folder in path"
chords/free-midi-chords/01 - C Major - A minor/4 Progression/Minor/hiphop2 style/A - i VI III VII - Nostalgic Hopeful.mid,ldrolez/free-midi-chords,MIT,other,OK,"chord / progression, key folder in path"
chords/free-midi-chords/01 - C Major - A minor/4 Progression/Minor/hiphop2 style/A - i VI III VII i VI69 III7 VII - Mysterious Spiritual.mid,ldrolez/free-midi-chords,MIT,other,OK,"chord / progression, key folder in path"
chords/free-midi-chords/01 - C Major - A minor/4 Progression/Minor/hiphop2 style/A - i VI VII - Triumphant Rebellious.mid,ldrolez/free-midi-chords,MIT,other,OK,"chord / progression, key folder in path"
chords/free-midi-chords/01 - C Major - A minor/4 Progression/Minor/hiphop2 style/A - i VI VII iv - Mysterious Nostalgic.mid,ldrolez/free-midi-chords,MIT,other,OK,"chord / progression, key folder in path"
chords/free-midi-chords/01 - C Major - A minor/4 Progression/Minor/hiphop2 style/A - i VI VII v - Mysterious Rebellious.mid,ldrolez/free-midi-chords,MIT,other,OK,"chord / progression, key folder in path"
chords/free-midi-chords/01 - C Major - A minor/4 Progression/Minor/hiphop2 style/A - i VI iv III - Sad Nostalgic.mid,ldrolez/free-midi-chords,MIT,other,OK,"chord / progression, key folder in path"
chords/free-midi-chords/01 - C Major - A minor/4 Progression/Minor/hiphop2 style/A - i VI iv ii - Sad Tender.mid,ldrolez/free-midi-chords,MIT,other,OK,"chord / progression, key folder in path"
chords/free-midi-chords/01 - C Major - A minor/4 Progression/Minor/hiphop2 style/A - i VI iv v - Sad Hopeful.mid,ldrolez/free-midi-chords,MIT,other,OK,"chord / progression, key folder in path"
chords/free-midi-chords/01 - C Major - A minor/4 Progression/Minor/hiphop2 style/A - i VII III VI - Rebellious Triumphant.mid,ldrolez/free-midi-chords,MIT,other,OK,"chord / progression, key folder in path"
chords/free-midi-chords/01 - C Major - A minor/4 Progression/Minor/hiphop2 style/A - i VII VI III - Nostalgic Hopeful.mid,ldrolez/free-midi-chords,MIT,other,OK,"chord / progression, key folder in path"
chords/free-midi-chords/01 - C Major - A minor/4 Progression/Minor/hiphop2 style/A - i VII VI III iv VI VII i - Mysterious Surprised.mid,ldrolez/free-midi-chords,MIT,other,OK,"chord / progression, key folder in path"
chords/free-midi-chords/01 - C Major - A minor/4 Progression/Minor/hiphop2 style/A - i VII VI VII - Rebellious Triumphant.mid,ldrolez/free-midi-chords,MIT,other,OK,"chord / progression, key folder in path"
chords/free-midi-chords/01 - C Major - A minor/4 Progression/Minor/hiphop2 style/A - i VII VI iv - Sad Romantic.mid,ldrolez/free-midi-chords,MIT,other,OK,"chord / progression, key folder in path"
chords/free-midi-chords/01 - C Major - A minor/4 Progression/Minor/hiphop2 style/A - i VII VIadd9 VII i v VI VIIsus4 - New Nostalgic Sad.mid,ldrolez/free-midi-chords,MIT,other,OK,"chord / progression, key folder in path"
chords/free-midi-chords/01 - C Major - A minor/4 Progression/Minor/hiphop2 style/A - i VII i v - Mysterious Nostalgic.mid,ldrolez/free-midi-chords,MIT,other,OK,"chord / progression, key folder in path"
chords/free-midi-chords/01 - C Major - A minor/4 Progression/Minor/hiphop2 style/A - i VII i v III VII i v i - Mysterious Surprised.mid,ldrolez/free-midi-chords,MIT,other,OK,"chord / progression, key folder in path"
chords/free-midi-chords/01 - C Major - A minor/4 Progression/Minor/hiphop2 style/A - i VII v VI - Mysterious Hopeful.mid,ldrolez/free-midi-chords,MIT,other,OK,"chord / progression, key folder in path"
chords/free-midi-chords/01 - C Major - A minor/4 Progression/Minor/hiphop2 style/A - i i iv iv v7 ii5 v v7 - Dark Mysterious.mid,ldrolez/free-midi-chords,MIT,other,OK,"chord / progression, key folder in path"
chords/free-midi-chords/01 - C Major - A minor/4 Progression/Minor/hiphop2 style/A - i ii v III i ii v VII - Mysterious Dramatic.mid,ldrolez/free-midi-chords,MIT,other,OK,"chord / progression, key folder in path"
chords/free-midi-chords/01 - C Major - A minor/4 Progression/Minor/hiphop2 style/A - i ii v i - Mysterious Triumphant.mid,ldrolez/free-midi-chords,MIT,other,OK,"chord / progression, key folder in path"
chords/free-midi-chords/01 - C Major - A minor/4 Progression/Minor/hiphop2 style/A - i iv III VI - Nostalgic Romantic.mid,ldrolez/free-midi-chords,MIT,other,OK,"chord / progression, key folder in path"
chords/free-midi-chords/01 - C Major - A minor/4 Progression/Minor/hiphop2 style/A - i iv VI v - Sad Hopeful.mid,ldrolez/free-midi-chords,MIT,other,OK,"chord / progression, key folder in path"
chords/free-midi-chords/01 - C Major - A minor/4 Progression/Minor/hiphop2 style/A - i iv VII i - Sad Nostalgic.mid,ldrolez/free-midi-chords,MIT,other,OK,"chord / progression, key folder in path"
chords/free-midi-chords/01 - C Major - A minor/4 Progression/Minor/hiphop2 style/A - i iv VII v i i ii V - Mysterious Surprised.mid,ldrolez/free-midi-chords,MIT,other,OK,"chord / progression, key folder in path"
chords/free-midi-chords/01 - C Major - A minor/4 Progression/Minor/hiphop2 style/A - i iv v - Sad Lonely.mid,ldrolez/free-midi-chords,MIT,other,OK,"chord / progression, key folder in path"
chords/free-midi-chords/01 - C Major - A minor/4 Progression/Minor/hiphop2 style/A - i iv v iv - Mysterious Sad.mid,ldrolez/free-midi-chords,MIT,other,OK,"chord / progression, key folder in path"
chords/free-midi-chords/01 - C Major - A minor/4 Progression/Minor/hiphop2 style/A - i v iv VII - Sad Rebellious.mid,ldrolez/free-midi-chords,MIT,other,OK,"chord / progression, key folder in path"
chords/free-midi-chords/01 - C Major - A minor/4 Progression/Minor/hiphop2 style/A - i vdim iv VI - Dark Nostalgic.mid,ldrolez/free-midi-chords,MIT,other,OK,"chord / progression, key folder in path"
chords/free-midi-chords/01 - C Major - A minor/4 Progression/Minor/hiphop2 style/A - i7 VI III7 VII6 i i7 III7 iv7 - Dark Nostalgic.mid,ldrolez/free-midi-chords,MIT,other,OK,"chord / progression, key folder in path"
chords/free-midi-chords/01 - C Major - A minor/4 Progression/Minor/hiphop2 style/A - i7 VII VI7 iv7 - Nostalgic Romantic.mid,ldrolez/free-midi-chords,MIT,other,OK,"chord / progression, key folder in path"
chords/free-midi-chords/01 - C Major - A minor/4 Progression/Minor/hiphop2 style/A - ii VI i iv - Sad Hopeful.mid,ldrolez/free-midi-chords,MIT,other,OK,"chord / progression, key folder in path"
chords/free-midi-chords/01 - C Major - A minor/4 Progression/Minor/hiphop2 style/A - ii v i - Peaceful Hopeful.mid,ldrolez/free-midi-chords,MIT,other,OK,"chord / progression, key folder in path"
chords/free-midi-chords/01 - C Major - A minor/4 Progression/Minor/hiphop2 style/A - ii v i iv - Peaceful Nostalgic.mid,ldrolez/free-midi-chords,MIT,other,OK,"chord / progression, key folder in path"
chords/free-midi-chords/01 - C Major - A minor/4 Progression/Minor/hiphop2 style/A - im7 ivsus4 v7 isus4 - Mysterious Tender.mid,ldrolez/free-midi-chords,MIT,other,OK,"chord / progression, key folder in path"
chords/free-midi-chords/01 - C Major - A minor/4 Progression/Minor/hiphop2 style/A - iv III VII i - Nostalgic Mysterious.mid,ldrolez/free-midi-chords,MIT,other,OK,"chord / progression, key folder in path"
chords/free-midi-chords/01 - C Major - A minor/4 Progression/Minor/hiphop2 style/A - iv III vsus4 VI iv i III VI - Nostalgic Mysterious.mid,ldrolez/free-midi-chords,MIT,other,OK,"chord / progression, key folder in path"
chords/free-midi-chords/01 - C Major - A minor/4 Progression/Minor/hiphop2 style/A - iv VI VII i - Triumphant.mid,ldrolez/free-midi-chords,MIT,other,OK,"chord / progression, key folder in path"
chords/free-midi-chords/01 - C Major - A minor/4 Progression/Minor/hiphop2 style/A - iv VI v VII - Mysterious Hopeful.mid,ldrolez/free-midi-chords,MIT,other,OK,"chord / progression, key folder in path"
chords/free-midi-chords/01 - C Major - A minor/4 Progression/Minor/hiphop2 style/A - iv i v VI - Nostalgic Hopeful.mid,ldrolez/free-midi-chords,MIT,other,OK,"chord / progression, key folder in path"
chords/free-midi-chords/01 - C Major - A minor/4 Progression/Minor/hiphop2 style/A - iv v VI VII - Mysterious Rebellious.mid,ldrolez/free-midi-chords,MIT,other,OK,"chord / progression, key folder in path"
chords/free-midi-chords/01 - C Major - A minor/4 Progression/Minor/hiphop2 style/A - v VI III i - Hopeful Nostalgic.mid,ldrolez/free-midi-chords,MIT,other,OK,"chord / progression, key folder in path"
chords/free-midi-chords/01 - C Major - A minor/4 Progression/Minor/hiphop2 style/A - v VI v i - Sad.mid,ldrolez/free-midi-chords,MIT,other,OK,"chord / progression, key folder in path"
chords/free-midi-chords/01 - C Major - A minor/4 Progression/Minor/hiphop2 style/A - v i iv VII - Dark Rebellious.mid,ldrolez/free-midi-chords,MIT,other,OK,"chord / progression, key folder in path"
chords/free-midi-chords/01 - C Major - A minor/4 Progression/Minor/hiphop2 style/A - v iv i - Lonely.mid,ldrolez/free-midi-chords,MIT,other,OK,"chord / progression, key folder in path"
chords/free-midi-chords/01 - C Major - A minor/4 Progression/Minor/pop style/A - VI III i v - Nostalgic Dark.mid,ldrolez/free-midi-chords,MIT,other,OK,"chord / progression, key folder in path"
chords/free-midi-chords/01 - C Major - A minor/4 Progression/Minor/pop style/A - VI VI i VII - Empowered.mid,ldrolez/free-midi-chords,MIT,other,OK,"chord / progression, key folder in path"
chords/free-midi-chords/01 - C Major - A minor/4 Progression/Minor/pop style/A - VI VII i III - Triumphant Nostalgic.mid,ldrolez/free-midi-chords,MIT,other,OK,"chord / progression, key folder in path"
chords/free-midi-chords/01 - C Major - A minor/4 Progression/Minor/pop style/A - VI VII v III - Rebellious Nostalgic.mid,ldrolez/free-midi-chords,MIT,other,OK,"chord / progression, key folder in path"
chords/free-midi-chords/01 - C Major - A minor/4 Progression/Minor/pop style/A - VI i v - Sad.mid,ldrolez/free-midi-chords,MIT,other,OK,"chord / progression, key folder in path"
chords/free-midi-chords/01 - C Major - A minor/4 Progression/Minor/pop style/A - VI i v III - Hopeful Nostalgic.mid,ldrolez/free-midi-chords,MIT,other,OK,"chord / progression, key folder in path"
chords/free-midi-chords/01 - C Major - A minor/4 Progression/Minor/pop style/A - VI iv i v - Hopeful Tender.mid,ldrolez/free-midi-chords,MIT,other,OK,"chord / progression, key folder in path"
chords/free-midi-chords/01 - C Major - A minor/4 Progression/Minor/pop style/A - VI7 VII i v VI7 VII i iv7 - New Empowered Nostalgic.mid,ldrolez/free-midi-chords,MIT,other,OK,"chord / progression, key folder in path"
chords/free-midi-chords/01 - C Major - A minor/4 Progression/Minor/pop style/A - VI7 VII6 i VII6 - New Nostalgic Hopeful.mid,ldrolez/free-midi-chords,MIT,other,OK,"chord / progression, key folder in path"
chords/free-midi-chords/01 - C Major - A minor/4 Progression/Minor/pop style/A - VII iv VII i - Spiritual.mid,ldrolez/free-midi-chords,MIT,other,OK,"chord / progression, key folder in path"
chords/free-midi-chords/01 - C Major - A minor/4 Progression/Minor/pop style/A - VII iv v i - Mysterious Dark.mid,ldrolez/free-midi-chords,MIT,other,OK,"chord / progression, key folder in path"
chords/free-midi-chords/01 - C Major - A minor/4 Progression/Minor/pop style/A - i III VII VI - Nostalgic Romantic.mid,ldrolez/free-midi-chords,MIT,other,OK,"chord / progression, key folder in path"
chords/free-midi-chords/01 - C Major - A minor/4 Progression/Minor/pop style/A - i III VII iv - New Empowered Nostalgic.mid,ldrolez/free-midi-chords,MIT,other,OK,"chord / progression, key folder in path"
chords/free-midi-chords/01 - C Major - A minor/4 Progression/Minor/pop style/A - i III iv VI - Nostalgic Romantic.mid,ldrolez/free-midi-chords,MIT,other,OK,"chord / progression, key folder in path"
chords/free-midi-chords/01 - C Major - A minor/4 Progression/Minor/pop style/A - i VI III VII - Nostalgic Hopeful.mid,ldrolez/free-midi-chords,MIT,other,OK,"chord / progression, key folder in path"
chords/free-midi-chords/01 - C Major - A minor/4 Progression/Minor/pop style/A - i VI III VII i VI69 III7 VII - Mysterious Spiritual.mid,ldrolez/free-midi-chords,MIT,other,OK,"chord / progression, key folder in path"
chords/free-midi-chords/01 - C Major - A minor/4 Progression/Minor/pop style/A - i VI VII - Triumphant Rebellious.mid,ldrolez/free-midi-chords,MIT,other,OK,"chord / progression, key folder in path"
chords/free-midi-chords/01 - C Major - A minor/4 Progression/Minor/pop style/A - i VI VII iv - Mysterious Nostalgic.mid,ldrolez/free-midi-chords,MIT,other,OK,"chord / progression, key folder in path"
chords/free-midi-chords/01 - C Major - A minor/4 Progression/Minor/pop style/A - i VI VII v - Mysterious Rebellious.mid,ldrolez/free-midi-chords,MIT,other,OK,"chord / progression, key folder in path"
chords/free-midi-chords/01 - C Major - A minor/4 Progression/Minor/pop style/A - i VI iv III - Sad Nostalgic.mid,ldrolez/free-midi-chords,MIT,other,OK,"chord / progression, key folder in path"
chords/free-midi-chords/01 - C Major - A minor/4 Progression/Minor/pop style/A - i VI iv ii - Sad Tender.mid,ldrolez/free-midi-chords,MIT,other,OK,"chord / progression, key folder in path"
chords/free-midi-chords/01 - C Major - A minor/4 Progression/Minor/pop style/A - i VI iv v - Sad Hopeful.mid,ldrolez/free-midi-chords,MIT,other,OK,"chord / progression, key folder in path"
chords/free-midi-chords/01 - C Major - A minor/4 Progression/Minor/pop style/A - i VII III VI - Rebellious Triumphant.mid,ldrolez/free-midi-chords,MIT,other,OK,"chord / progression, key folder in path"
chords/free-midi-chords/01 - C Major - A minor/4 Progression/Minor/pop style/A - i VII VI III - Nostalgic Hopeful.mid,ldrolez/free-midi-chords,MIT,other,OK,"chord / progression, key folder in path"
chords/free-midi-chords/01 - C Major - A minor/4 Progression/Minor/pop style/A - i VII VI III iv VI VII i - Mysterious Surprised.mid,ldrolez/free-midi-chords,MIT,other,OK,"chord / progression, key folder in path"
chords/free-midi-chords/01 - C Major - A minor/4 Progression/Minor/pop style/A - i VII VI VII - Rebellious Triumphant.mid,ldrolez/free-midi-chords,MIT,other,OK,"chord / progression, key folder in path"
chords/free-midi-chords/01 - C Major - A minor/4 Progression/Minor/pop style/A - i VII VI iv - Sad Romantic.mid,ldrolez/free-midi-chords,MIT,other,OK,"chord / progression, key folder in path"
chords/free-midi-chords/01 - C Major - A minor/4 Progression/Minor/pop style/A - i VII VIadd9 VII i v VI VIIsus4 - New Nostalgic Sad.mid,ldrolez/free-midi-chords,MIT,other,OK,"chord / progression, key folder in path"
chords/free-midi-chords/01 - C Major - A minor/4 Progression/Minor/pop style/A - i VII i v - Mysterious Nostalgic.mid,ldrolez/free-midi-chords,MIT,other,OK,"chord / progression, key folder in path"
chords/free-midi-chords/01 - C Major - A minor/4 Progression/Minor/pop style/A - i VII i v III VII i v i - Mysterious Surprised.mid,ldrolez/free-midi-chords,MIT,other,OK,"chord / progression, key folder in path"
chords/free-midi-chords/01 - C Major - A minor/4 Progression/Minor/pop style/A - i VII v VI - Mysterious Hopeful.mid,ldrolez/free-midi-chords,MIT,other,OK,"chord / progression, key folder in path"
chords/free-midi-chords/01 - C Major - A minor/4 Progression/Minor/pop style/A - i i iv iv v7 ii5 v v7 - Dark Mysterious.mid,ldrolez/free-midi-chords,MIT,other,OK,"chord / progression, key folder in path"
chords/free-midi-chords/01 - C Major - A minor/4 Progression/Minor/pop style/A - i ii v III i ii v VII - Mysterious Dramatic.mid,ldrolez/free-midi-chords,MIT,other,OK,"chord / progression, key folder in path"
chords/free-midi-chords/01 - C Major - A minor/4 Progression/Minor/pop style/A - i ii v i - Mysterious Triumphant.mid,ldrolez/free-midi-chords,MIT,other,OK,"chord / progression, key folder in path"
chords/free-midi-chords/01 - C Major - A minor/4 Progression/Minor/pop style/A - i iv III VI - Nostalgic Romantic.mid,ldrolez/free-midi-chords,MIT,other,OK,"chord / progression, key folder in path"
chords/free-midi-chords/01 - C Major - A minor/4 Progression/Minor/pop style/A - i iv VI v - Sad Hopeful.mid,ldrolez/free-midi-chords,MIT,other,OK,"chord / progression, key folder in path"
chords/free-midi-chords/01 - C Major - A minor/4 Progression/Minor/pop style/A - i iv VII i - Sad Nostalgic.mid,ldrolez/free-midi-chords,MIT,other,OK,"chord / progression, key folder in path"
chords/free-midi-chords/01 - C Major - A minor/4 Progression/Minor/pop style/A - i iv VII v i i ii V - Mysterious Surprised.mid,ldrolez/free-midi-chords,MIT,other,OK,"chord / progression, key folder in path"
chords/free-midi-chords/01 - C Major - A minor/4 Progression/Minor/pop style/A - i iv v - Sad Lonely.mid,ldrolez/free-midi-chords,MIT,other,OK,"chord / progression, key folder in path"
chords/free-midi-chords/01 - C Major - A minor/4 Progression/Minor/pop style/A - i iv v iv - Mysterious Sad.mid,ldrolez/free-midi-chords,MIT,other,OK,"chord / progression, key folder in path"
chords/free-midi-chords/01 - C Major - A minor/4 Progression/Minor/pop style/A - i v iv VII - Sad Rebellious.mid,ldrolez/free-midi-chords,MIT,other,OK,"chord / progression, key folder in path"
chords/free-midi-chords/01 - C Major - A minor/4 Progression/Minor/pop style/A - i vdim iv VI - Dark Nostalgic.mid,ldrolez/free-midi-chords,MIT,other,OK,"chord / progression, key folder in path"
chords/free-midi-chords/01 - C Major - A minor/4 Progression/Minor/pop style/A - i7 VI III7 VII6 i i7 III7 iv7 - Dark Nostalgic.mid,ldrolez/free-midi-chords,MIT,other,OK,"chord / progression, key folder in path"
chords/free-midi-chords/01 - C Major - A minor/4 Progression/Minor/pop style/A - i7 VII VI7 iv7 - Nostalgic Romantic.mid,ldrolez/free-midi-chords,MIT,other,OK,"chord / progression, key folder in path"
chords/free-midi-chords/01 - C Major - A minor/4 Progression/Minor/pop style/A - ii VI i iv - Sad Hopeful.mid,ldrolez/free-midi-chords,MIT,other,OK,"chord / progression, key folder in path"
chords/free-midi-chords/01 - C Major - A minor/4 Progression/Minor/pop style/A - ii v i - Peaceful Hopeful.mid,ldrolez/free-midi-chords,MIT,other,OK,"chord / progression, key folder in path"
chords/free-midi-chords/01 - C Major - A minor/4 Progression/Minor/pop style/A - ii v i iv - Peaceful Nostalgic.mid,ldrolez/free-midi-chords,MIT,other,OK,"chord / progression, key folder in path"
chords/free-midi-chords/01 - C Major - A minor/4 Progression/Minor/pop style/A - im7 ivsus4 v7 isus4 - Mysterious Tender.mid,ldrolez/free-midi-chords,MIT,other,OK,"chord / progression, key folder in path"
chords/free-midi-chords/01 - C Major - A minor/4 Progression/Minor/pop style/A - iv III VII i - Nostalgic Mysterious.mid,ldrolez/free-midi-chords,MIT,other,OK,"chord / progression, key folder in path"
chords/free-midi-chords/01 - C Major - A minor/4 Progression/Minor/pop style/A - iv III vsus4 VI iv i III VI - Nostalgic Mysterious.mid,ldrolez/free-midi-chords,MIT,other,OK,"chord / progression, key folder in path"
chords/free-midi-chords/01 - C Major - A minor/4 Progression/Minor/pop style/A - iv VI VII i - Triumphant.mid,ldrolez/free-midi-chords,MIT,other,OK,"chord / progression, key folder in path"
chords/free-midi-chords/01 - C Major - A minor/4 Progression/Minor/pop style/A - iv VI v VII - Mysterious Hopeful.mid,ldrolez/free-midi-chords,MIT,other,OK,"chord / progression, key folder in path"
chords/free-midi-chords/01 - C Major - A minor/4 Progression/Minor/pop style/A - iv i v VI - Nostalgic Hopeful.mid,ldrolez/free-midi-chords,MIT,other,OK,"chord / progression, key folder in path"
chords/free-midi-chords/01 - C Major - A minor/4 Progression/Minor/pop style/A - iv v VI VII - Mysterious Rebellious.mid,ldrolez/free-midi-chords,MIT,other,OK,"chord / progression, key folder in path"
chords/free-midi-chords/01 - C Major - A minor/4 Progression/Minor/pop style/A - v VI III i - Hopeful Nostalgic.mid,ldrolez/free-midi-chords,MIT,other,OK,"chord / progression, key folder in path"
chords/free-midi-chords/01 - C Major - A minor/4 Progression/Minor/pop style/A - v VI v i - Sad.mid,ldrolez/free-midi-chords,MIT,other,OK,"chord / progression, key folder in path"
chords/free-midi-chords/01 - C Major - A minor/4 Progression/Minor/pop style/A - v i iv VII - Dark Rebellious.mid,ldrolez/free-midi-chords,MIT,other,OK,"chord / progression, key folder in path"
chords/free-midi-chords/01 - C Major - A minor/4 Progression/Minor/pop style/A - v iv i - Lonely.mid,ldrolez/free-midi-chords,MIT,other,OK,"chord / progression, key folder in path"
chords/free-midi-chords/01 - C Major - A minor/4 Progression/Minor/pop2 style/A - VI III i v - Nostalgic Dark.mid,ldrolez/free-midi-chords,MIT,other,OK,"chord / progression, key folder in path"
chords/free-midi-chords/01 - C Major - A minor/4 Progression/Minor/pop2 style/A - VI VI i VII - Empowered.mid,ldrolez/free-midi-chords,MIT,other,OK,"chord / progression, key folder in path"
chords/free-midi-chords/01 - C Major - A minor/4 Progression/Minor/pop2 style/A - VI VII i III - Triumphant Nostalgic.mid,ldrolez/free-midi-chords,MIT,other,OK,"chord / progression, key folder in path"
chords/free-midi-chords/01 - C Major - A minor/4 Progression/Minor/pop2 style/A - VI VII v III - Rebellious Nostalgic.mid,ldrolez/free-midi-chords,MIT,other,OK,"chord / progression, key folder in path"
chords/free-midi-chords/01 - C Major - A minor/4 Progression/Minor/pop2 style/A - VI i v - Sad.mid,ldrolez/free-midi-chords,MIT,other,OK,"chord / progression, key folder in path"
chords/free-midi-chords/01 - C Major - A minor/4 Progression/Minor/pop2 style/A - VI i v III - Hopeful Nostalgic.mid,ldrolez/free-midi-chords,MIT,other,OK,"chord / progression, key folder in path"
chords/free-midi-chords/01 - C Major - A minor/4 Progression/Minor/pop2 style/A - VI iv i v - Hopeful Tender.mid,ldrolez/free-midi-chords,MIT,other,OK,"chord / progression, key folder in path"
chords/free-midi-chords/01 - C Major - A minor/4 Progression/Minor/pop2 style/A - VI7 VII i v VI7 VII i iv7 - New Empowered Nostalgic.mid,ldrolez/free-midi-chords,MIT,other,OK,"chord / progression, key folder in path"
chords/free-midi-chords/01 - C Major - A minor/4 Progression/Minor/pop2 style/A - VI7 VII6 i VII6 - New Nostalgic Hopeful.mid,ldrolez/free-midi-chords,MIT,other,OK,"chord / progression, key folder in path"
chords/free-midi-chords/01 - C Major - A minor/4 Progression/Minor/pop2 style/A - VII iv VII i - Spiritual.mid,ldrolez/free-midi-chords,MIT,other,OK,"chord / progression, key folder in path"
chords/free-midi-chords/01 - C Major - A minor/4 Progression/Minor/pop2 style/A - VII iv v i - Mysterious Dark.mid,ldrolez/free-midi-chords,MIT,other,OK,"chord / progression, key folder in path"
chords/free-midi-chords/01 - C Major - A minor/4 Progression/Minor/pop2 style/A - i III VII VI - Nostalgic Romantic.mid,ldrolez/free-midi-chords,MIT,other,OK,"chord / progression, key folder in path"
chords/free-midi-chords/01 - C Major - A minor/4 Progression/Minor/pop2 style/A - i III VII iv - New Empowered Nostalgic.mid,ldrolez/free-midi-chords,MIT,other,OK,"chord / progression, key folder in path"
chords/free-midi-chords/01 - C Major - A minor/4 Progression/Minor/pop2 style/A - i III iv VI - Nostalgic Romantic.mid,ldrolez/free-midi-chords,MIT,other,OK,"chord / progression, key folder in path"
chords/free-midi-chords/01 - C Major - A minor/4 Progression/Minor/pop2 style/A - i VI III VII - Nostalgic Hopeful.mid,ldrolez/free-midi-chords,MIT,other,OK,"chord / progression, key folder in path"
chords/free-midi-chords/01 - C Major - A minor/4 Progression/Minor/pop2 style/A - i VI III VII i VI69 III7 VII - Mysterious Spiritual.mid,ldrolez/free-midi-chords,MIT,other,OK,"chord / progression, key folder in path"
chords/free-midi-chords/01 - C Major - A minor/4 Progression/Minor/pop2 style/A - i VI VII - Triumphant Rebellious.mid,ldrolez/free-midi-chords,MIT,other,OK,"chord / progression, key folder in path"
chords/free-midi-chords/01 - C Major - A minor/4 Progression/Minor/pop2 style/A - i VI VII iv - Mysterious Nostalgic.mid,ldrolez/free-midi-chords,MIT,other,OK,"chord / progression, key folder in path"
chords/free-midi-chords/01 - C Major - A minor/4 Progression/Minor/pop2 style/A - i VI VII v - Mysterious Rebellious.mid,ldrolez/free-midi-chords,MIT,other,OK,"chord / progression, key folder in path"
chords/free-midi-chords/01 - C Major - A minor/4 Progression/Minor/pop2 style/A - i VI iv III - Sad Nostalgic.mid,ldrolez/free-midi-chords,MIT,other,OK,"chord / progression, key folder in path"
chords/free-midi-chords/01 - C Major - A minor/4 Progression/Minor/pop2 style/A - i VI iv ii - Sad Tender.mid,ldrolez/free-midi-chords,MIT,other,OK,"chord / progression, key folder in path"
chords/free-midi-chords/01 - C Major - A minor/4 Progression/Minor/pop2 style/A - i VI iv v - Sad Hopeful.mid,ldrolez/free-midi-chords,MIT,other,OK,"chord / progression, key folder in path"
chords/free-midi-chords/01 - C Major - A minor/4 Progression/Minor/pop2 style/A - i VII III VI - Rebellious Triumphant.mid,ldrolez/free-midi-chords,MIT,other,OK,"chord / progression, key folder in path"
chords/free-midi-chords/01 - C Major - A minor/4 Progression/Minor/pop2 style/A - i VII VI III - Nostalgic Hopeful.mid,ldrolez/free-midi-chords,MIT,other,OK,"chord / progression, key folder in path"
chords/free-midi-chords/01 - C Major - A minor/4 Progression/Minor/pop2 style/A - i VII VI III iv VI VII i - Mysterious Surprised.mid,ldrolez/free-midi-chords,MIT,other,OK,"chord / progression, key folder in path"
chords/free-midi-chords/01 - C Major - A minor/4 Progression/Minor/pop2 style/A - i VII VI VII - Rebellious Triumphant.mid,ldrolez/free-midi-chords,MIT,other,OK,"chord / progression, key folder in path"
chords/free-midi-chords/01 - C Major - A minor/4 Progression/Minor/pop2 style/A - i VII VI iv - Sad Romantic.mid,ldrolez/free-midi-chords,MIT,other,OK,"chord / progression, key folder in path"
chords/free-midi-chords/01 - C Major - A minor/4 Progression/Minor/pop2 style/A - i VII VIadd9 VII i v VI VIIsus4 - New Nostalgic Sad.mid,ldrolez/free-midi-chords,MIT,other,OK,"chord / progression, key folder in path"
chords/free-midi-chords/01 - C Major - A minor/4 Progression/Minor/pop2 style/A - i VII i v - Mysterious Nostalgic.mid,ldrolez/free-midi-chords,MIT,other,OK,"chord / progression, key folder in path"
chords/free-midi-chords/01 - C Major - A minor/4 Progression/Minor/pop2 style/A - i VII i v III VII i v i - Mysterious Surprised.mid,ldrolez/free-midi-chords,MIT,other,OK,"chord / progression, key folder in path"
chords/free-midi-chords/01 - C Major - A minor/4 Progression/Minor/pop2 style/A - i VII v VI - Mysterious Hopeful.mid,ldrolez/free-midi-chords,MIT,other,OK,"chord / progression, key folder in path"
chords/free-midi-chords/01 - C Major - A minor/4 Progression/Minor/pop2 style/A - i i iv iv v7 ii5 v v7 - Dark Mysterious.mid,ldrolez/free-midi-chords,MIT,other,OK,"chord / progression, key folder in path"
chords/free-midi-chords/01 - C Major - A minor/4 Progression/Minor/pop2 style/A - i ii v III i ii v VII - Mysterious Dramatic.mid,ldrolez/free-midi-chords,MIT,other,OK,"chord / progression, key folder in path"
chords/free-midi-chords/01 - C Major - A minor/4 Progression/Minor/pop2 style/A - i ii v i - Mysterious Triumphant.mid,ldrolez/free-midi-chords,MIT,other,OK,"chord / progression, key folder in path"
chords/free-midi-chords/01 - C Major - A minor/4 Progression/Minor/pop2 style/A - i iv III VI - Nostalgic Romantic.mid,ldrolez/free-midi-chords,MIT,other,OK,"chord / progression, key folder in path"
chords/free-midi-chords/01 - C Major - A minor/4 Progression/Minor/pop2 style/A - i iv VI v - Sad Hopeful.mid,ldrolez/free-midi-chords,MIT,other,OK,"chord / progression, key folder in path"
chords/free-midi-chords/01 - C Major - A minor/4 Progression/Minor/pop2 style/A - i iv VII i - Sad Nostalgic.mid,ldrolez/free-midi-chords,MIT,other,OK,"chord / progression, key folder in path"
chords/free-midi-chords/01 - C Major - A minor/4 Progression/Minor/pop2 style/A - i iv VII v i i ii V - Mysterious Surprised.mid,ldrolez/free-midi-chords,MIT,other,OK,"chord / progression, key folder in path"
chords/free-midi-chords/01 - C Major - A minor/4 Progression/Minor/pop2 style/A - i iv v - Sad Lonely.mid,ldrolez/free-midi-chords,MIT,other,OK,"chord / progression, key folder in path"
chords/free-midi-chords/01 - C Major - A minor/4 Progression/Minor/pop2 style/A - i iv v iv - Mysterious Sad.mid,ldrolez/free-midi-chords,MIT,other,OK,"chord / progression, key folder in path"
chords/free-midi-chords/01 - C Major - A minor/4 Progression/Minor/pop2 style/A - i v iv VII - Sad Rebellious.mid,ldrolez/free-midi-chords,MIT,other,OK,"chord / progression, key folder in path"
chords/free-midi-chords/01 - C Major - A minor/4 Progression/Minor/pop2 style/A - i vdim iv VI - Dark Nostalgic.mid,ldrolez/free-midi-chords,MIT,other,OK,"chord / progression, key folder in path"
chords/free-midi-chords/01 - C Major - A minor/4 Progression/Minor/pop2 style/A - i7 VI III7 VII6 i i7 III7 iv7 - Dark Nostalgic.mid,ldrolez/free-midi-chords,MIT,other,OK,"chord / progression, key folder in path"
chords/free-midi-chords/01 - C Major - A minor/4 Progression/Minor/pop2 style/A - i7 VII VI7 iv7 - Nostalgic Romantic.mid,ldrolez/free-midi-chords,MIT,other,OK,"chord / progression, key folder in path"
chords/free-midi-chords/01 - C Major - A minor/4 Progression/Minor/pop2 style/A - ii VI i iv - Sad Hopeful.mid,ldrolez/free-midi-chords,MIT,other,OK,"chord / progression, key folder in path"
chords/free-midi-chords/01 - C Major - A minor/4 Progression/Minor/pop2 style/A - ii v i - Peaceful Hopeful.mid,ldrolez/free-midi-chords,MIT,other,OK,"chord / progression, key folder in path"
chords/free-midi-chords/01 - C Major - A minor/4 Progression/Minor/pop2 style/A - ii v i iv - Peaceful Nostalgic.mid,ldrolez/free-midi-chords,MIT,other,OK,"chord / progression, key folder in path"
chords/free-midi-chords/01 - C Major - A minor/4 Progression/Minor/pop2 style/A - im7 ivsus4 v7 isus4 - Mysterious Tender.mid,ldrolez/free-midi-chords,MIT,other,OK,"chord / progression, key folder in path"
chords/free-midi-chords/01 - C Major - A minor/4 Progression/Minor/pop2 style/A - iv III VII i - Nostalgic Mysterious.mid,ldrolez/free-midi-chords,MIT,other,OK,"chord / progression, key folder in path"
chords/free-midi-chords/01 - C Major - A minor/4 Progression/Minor/pop2 style/A - iv III vsus4 VI iv i III VI - Nostalgic Mysterious.mid,ldrolez/free-midi-chords,MIT,other,OK,"chord / progression, key folder in path"
chords/free-midi-chords/01 - C Major - A minor/4 Progression/Minor/pop2 style/A - iv VI VII i - Triumphant.mid,ldrolez/free-midi-chords,MIT,other,OK,"chord / progression, key folder in path"
chords/free-midi-chords/01 - C Major - A minor/4 Progression/Minor/pop2 style/A - iv VI v VII - Mysterious Hopeful.mid,ldrolez/free-midi-chords,MIT,other,OK,"chord / progression, key folder in path"
chords/free-midi-chords/01 - C Major - A minor/4 Progression/Minor/pop2 style/A - iv i v VI - Nostalgic Hopeful.mid,ldrolez/free-midi-chords,MIT,other,OK,"chord / progression, key folder in path"
chords/free-midi-chords/01 - C Major - A minor/4 Progression/Minor/pop2 style/A - iv v VI VII - Mysterious Rebellious.mid,ldrolez/free-midi-chords,MIT,other,OK,"chord / progression, key folder in path"
chords/free-midi-chords/01 - C Major - A minor/4 Progression/Minor/pop2 style/A - v VI III i - Hopeful Nostalgic.mid,ldrolez/free-midi-chords,MIT,other,OK,"chord / progression, key folder in path"
chords/free-midi-chords/01 - C Major - A minor/4 Progression/Minor/pop2 style/A - v VI v i - Sad.mid,ldrolez/free-midi-chords,MIT,other,OK,"chord / progression, key folder in path"
chords/free-midi-chords/01 - C Major - A minor/4 Progression/Minor/pop2 style/A - v i iv VII - Dark Rebellious.mid,ldrolez/free-midi-chords,MIT,other,OK,"chord / progression, key folder in path"
chords/free-midi-chords/01 - C Major - A minor/4 Progression/Minor/pop2 style/A - v iv i - Lonely.mid,ldrolez/free-midi-chords,MIT,other,OK,"chord / progression, key folder in path"
chords/free-midi-chords/01 - C Major - A minor/4 Progression/Minor/soul style/A - VI III i v - Nostalgic Dark.mid,ldrolez/free-midi-chords,MIT,other,OK,"chord / progression, key folder in path"
chords/free-midi-chords/01 - C Major - A minor/4 Progression/Minor/soul style/A - VI VI i VII - Empowered.mid,ldrolez/free-midi-chords,MIT,other,OK,"chord / progression, key folder in path"
chords/free-midi-chords/01 - C Major - A minor/4 Progression/Minor/soul style/A - VI VII i III - Triumphant Nostalgic.mid,ldrolez/free-midi-chords,MIT,other,OK,"chord / progression, key folder in path"
chords/free-midi-chords/01 - C Major - A minor/4 Progression/Minor/soul style/A - VI VII v III - Rebellious Nostalgic.mid,ldrolez/free-midi-chords,MIT,other,OK,"chord / progression, key folder in path"
chords/free-midi-chords/01 - C Major - A minor/4 Progression/Minor/soul style/A - VI i v - Sad.mid,ldrolez/free-midi-chords,MIT,other,OK,"chord / progression, key folder in path"
chords/free-midi-chords/01 - C Major - A minor/4 Progression/Minor/soul style/A - VI i v III - Hopeful Nostalgic.mid,ldrolez/free-midi-chords,MIT,other,OK,"chord / progression, key folder in path"
chords/free-midi-chords/01 - C Major - A minor/4 Progression/Minor/soul style/A - VI iv i v - Hopeful Tender.mid,ldrolez/free-midi-chords,MIT,other,OK,"chord / progression, key folder in path"
chords/free-midi-chords/01 - C Major - A minor/4 Progression/Minor/soul style/A - VI7 VII i v VI7 VII i iv7 - New Empowered Nostalgic.mid,ldrolez/free-midi-chords,MIT,other,OK,"chord / progression, key folder in path"
chords/free-midi-chords/01 - C Major - A minor/4 Progression/Minor/soul style/A - VI7 VII6 i VII6 - New Nostalgic Hopeful.mid,ldrolez/free-midi-chords,MIT,other,OK,"chord / progression, key folder in path"
chords/free-midi-chords/01 - C Major - A minor/4 Progression/Minor/soul style/A - VII iv VII i - Spiritual.mid,ldrolez/free-midi-chords,MIT,other,OK,"chord / progression, key folder in path"
chords/free-midi-chords/01 - C Major - A minor/4 Progression/Minor/soul style/A - VII iv v i - Mysterious Dark.mid,ldrolez/free-midi-chords,MIT,other,OK,"chord / progression, key folder in path"
chords/free-midi-chords/01 - C Major - A minor/4 Progression/Minor/soul style/A - i III VII VI - Nostalgic Romantic.mid,ldrolez/free-midi-chords,MIT,other,OK,"chord / progression, key folder in path"
chords/free-midi-chords/01 - C Major - A minor/4 Progression/Minor/soul style/A - i III VII iv - New Empowered Nostalgic.mid,ldrolez/free-midi-chords,MIT,other,OK,"chord / progression, key folder in path"
chords/free-midi-chords/01 - C Major - A minor/4 Progression/Minor/soul style/A - i III iv VI - Nostalgic Romantic.mid,ldrolez/free-midi-chords,MIT,other,OK,"chord / progression, key folder in path"
chords/free-midi-chords/01 - C Major - A minor/4 Progression/Minor/soul style/A - i VI III VII - Nostalgic Hopeful.mid,ldrolez/free-midi-chords,MIT,other,OK,"chord / progression, key folder in path"
chords/free-midi-chords/01 - C Major - A minor/4 Progression/Minor/soul style/A - i VI III VII i VI69 III7 VII - Mysterious Spiritual.mid,ldrolez/free-midi-chords,MIT,other,OK,"chord / progression, key folder in path"
chords/free-midi-chords/01 - C Major - A minor/4 Progression/Minor/soul style/A - i VI VII - Triumphant Rebellious.mid,ldrolez/free-midi-chords,MIT,other,OK,"chord / progression, key folder in path"
chords/free-midi-chords/01 - C Major - A minor/4 Progression/Minor/soul style/A - i VI VII iv - Mysterious Nostalgic.mid,ldrolez/free-midi-chords,MIT,other,OK,"chord / progression, key folder in path"
chords/free-midi-chords/01 - C Major - A minor/4 Progression/Minor/soul style/A - i VI VII v - Mysterious Rebellious.mid,ldrolez/free-midi-chords,MIT,other,OK,"chord / progression, key folder in path"
chords/free-midi-chords/01 - C Major - A minor/4 Progression/Minor/soul style/A - i VI iv III - Sad Nostalgic.mid,ldrolez/free-midi-chords,MIT,other,OK,"chord / progression, key folder in path"
chords/free-midi-chords/01 - C Major - A minor/4 Progression/Minor/soul style/A - i VI iv ii - Sad Tender.mid,ldrolez/free-midi-chords,MIT,other,OK,"chord / progression, key folder in path"
chords/free-midi-chords/01 - C Major - A minor/4 Progression/Minor/soul style/A - i VI iv v - Sad Hopeful.mid,ldrolez/free-midi-chords,MIT,other,OK,"chord / progression, key folder in path"
chords/free-midi-chords/01 - C Major - A minor/4 Progression/Minor/soul style/A - i VII III VI - Rebellious Triumphant.mid,ldrolez/free-midi-chords,MIT,other,OK,"chord / progression, key folder in path"
chords/free-midi-chords/01 - C Major - A minor/4 Progression/Minor/soul style/A - i VII VI III - Nostalgic Hopeful.mid,ldrolez/free-midi-chords,MIT,other,OK,"chord / progression, key folder in path"
chords/free-midi-chords/01 - C Major - A minor/4 Progression/Minor/soul style/A - i VII VI III iv VI VII i - Mysterious Surprised.mid,ldrolez/free-midi-chords,MIT,other,OK,"chord / progression, key folder in path"
chords/free-midi-chords/01 - C Major - A minor/4 Progression/Minor/soul style/A - i VII VI VII - Rebellious Triumphant.mid,ldrolez/free-midi-chords,MIT,other,OK,"chord / progression, key folder in path"
chords/free-midi-chords/01 - C Major - A minor/4 Progression/Minor/soul style/A - i VII VI iv - Sad Romantic.mid,ldrolez/free-midi-chords,MIT,other,OK,"chord / progression, key folder in path"
chords/free-midi-chords/01 - C Major - A minor/4 Progression/Minor/soul style/A - i VII VIadd9 VII i v VI VIIsus4 - New Nostalgic Sad.mid,ldrolez/free-midi-chords,MIT,other,OK,"chord / progression, key folder in path"
chords/free-midi-chords/01 - C Major - A minor/4 Progression/Minor/soul style/A - i VII i v - Mysterious Nostalgic.mid,ldrolez/free-midi-chords,MIT,other,OK,"chord / progression, key folder in path"
chords/free-midi-chords/01 - C Major - A minor/4 Progression/Minor/soul style/A - i VII i v III VII i v i - Mysterious Surprised.mid,ldrolez/free-midi-chords,MIT,other,OK,"chord / progression, key folder in path"
chords/free-midi-chords/01 - C Major - A minor/4 Progression/Minor/soul style/A - i VII v VI - Mysterious Hopeful.mid,ldrolez/free-midi-chords,MIT,other,OK,"chord / progression, key folder in path"
chords/free-midi-chords/01 - C Major - A minor/4 Progression/Minor/soul style/A - i i iv iv v7 ii5 v v7 - Dark Mysterious.mid,ldrolez/free-midi-chords,MIT,other,OK,"chord / progression, key folder in path"
chords/free-midi-chords/01 - C Major - A minor/4 Progression/Minor/soul style/A - i ii v III i ii v VII - Mysterious Dramatic.mid,ldrolez/free-midi-chords,MIT,other,OK,"chord / progression, key folder in path"
chords/free-midi-chords/01 - C Major - A minor/4 Progression/Minor/soul style/A - i ii v i - Mysterious Triumphant.mid,ldrolez/free-midi-chords,MIT,other,OK,"chord / progression, key folder in path"
chords/free-midi-chords/01 - C Major - A minor/4 Progression/Minor/soul style/A - i iv III VI - Nostalgic Romantic.mid,ldrolez/free-midi-chords,MIT,other,OK,"chord / progression, key folder in path"
chords/free-midi-chords/01 - C Major - A minor/4 Progression/Minor/soul style/A - i iv VI v - Sad Hopeful.mid,ldrolez/free-midi-chords,MIT,other,OK,"chord / progression, key folder in path"
chords/free-midi-chords/01 - C Major - A minor/4 Progression/Minor/soul style/A - i iv VII i - Sad Nostalgic.mid,ldrolez/free-midi-chords,MIT,other,OK,"chord / progression, key folder in path"
chords/free-midi-chords/01 - C Major - A minor/4 Progression/Minor/soul style/A - i iv VII v i i ii V - Mysterious Surprised.mid,ldrolez/free-midi-chords,MIT,other,OK,"chord / progression, key folder in path"
chords/free-midi-chords/01 - C Major - A minor/4 Progression/Minor/soul style/A - i iv v - Sad Lonely.mid,ldrolez/free-midi-chords,MIT,other,OK,"chord / progression, key folder in path"
chords/free-midi-chords/01 - C Major - A minor/4 Progression/Minor/soul style/A - i iv v iv - Mysterious Sad.mid,ldrolez/free-midi-chords,MIT,other,OK,"chord / progression, key folder in path"
chords/free-midi-chords/01 - C Major - A minor/4 Progression/Minor/soul style/A - i v iv VII - Sad Rebellious.mid,ldrolez/free-midi-chords,MIT,other,OK,"chord / progression, key folder in path"
chords/free-midi-chords/01 - C Major - A minor/4 Progression/Minor/soul style/A - i vdim iv VI - Dark Nostalgic.mid,ldrolez/free-midi-chords,MIT,other,OK,"chord / progression, key folder in path"
chords/free-midi-chords/01 - C Major - A minor/4 Progression/Minor/soul style/A - i7 VI III7 VII6 i i7 III7 iv7 - Dark Nostalgic.mid,ldrolez/free-midi-chords,MIT,other,OK,"chord / progression, key folder in path"
chords/free-midi-chords/01 - C Major - A minor/4 Progression/Minor/soul style/A - i7 VII VI7 iv7 - Nostalgic Romantic.mid,ldrolez/free-midi-chords,MIT,other,OK,"chord / progression, key folder in path"
chords/free-midi-chords/01 - C Major - A minor/4 Progression/Minor/soul style/A - ii VI i iv - Sad Hopeful.mid,ldrolez/free-midi-chords,MIT,other,OK,"chord / progression, key folder in path"
chords/free-midi-chords/01 - C Major - A minor/4 Progression/Minor/soul style/A - ii v i - Peaceful Hopeful.mid,ldrolez/free-midi-chords,MIT,other,OK,"chord / progression, key folder in path"
chords/free-midi-chords/01 - C Major - A minor/4 Progression/Minor/soul style/A - ii v i iv - Peaceful Nostalgic.mid,ldrolez/free-midi-chords,MIT,other,OK,"chord / progression, key folder in path"
chords/free-midi-chords/01 - C Major - A minor/4 Progression/Minor/soul style/A - im7 ivsus4 v7 isus4 - Mysterious Tender.mid,ldrolez/free-midi-chords,MIT,other,OK,"chord / progression, key folder in path"
chords/free-midi-chords/01 - C Major - A minor/4 Progression/Minor/soul style/A - iv III VII i - Nostalgic Mysterious.mid,ldrolez/free-midi-chords,MIT,other,OK,"chord / progression, key folder in path"
chords/free-midi-chords/01 - C Major - A minor/4 Progression/Minor/soul style/A - iv III vsus4 VI iv i III VI - Nostalgic Mysterious.mid,ldrolez/free-midi-chords,MIT,other,OK,"chord / progression, key folder in path"
chords/free-midi-chords/01 - C Major - A minor/4 Progression/Minor/soul style/A - iv VI VII i - Triumphant.mid,ldrolez/free-midi-chords,MIT,other,OK,"chord / progression, key folder in path"
chords/free-midi-chords/01 - C Major - A minor/4 Progression/Minor/soul style/A - iv VI v VII - Mysterious Hopeful.mid,ldrolez/free-midi-chords,MIT,other,OK,"chord / progression, key folder in path"
chords/free-midi-chords/01 - C Major - A minor/4 Progression/Minor/soul style/A - iv i v VI - Nostalgic Hopeful.mid,ldrolez/free-midi-chords,MIT,other,OK,"chord / progression, key folder in path"
chords/free-midi-chords/01 - C Major - A minor/4 Progression/Minor/soul style/A - iv v VI VII - Mysterious Rebellious.mid,ldrolez/free-midi-chords,MIT,other,OK,"chord / progression, key folder in path"
chords/free-midi-chords/01 - C Major - A minor/4 Progression/Minor/soul style/A - v VI III i - Hopeful Nostalgic.mid,ldrolez/free-midi-chords,MIT,other,OK,"chord / progression, key folder in path"
chords/free-midi-chords/01 - C Major - A minor/4 Progression/Minor/soul style/A - v VI v i - Sad.mid,ldrolez/free-midi-chords,MIT,other,OK,"chord / progression, key folder in path"
chords/free-midi-chords/01 - C Major - A minor/4 Progression/Minor/soul style/A - v i iv VII - Dark Rebellious.mid,ldrolez/free-midi-chords,MIT,other,OK,"chord / progression, key folder in path"
chords/free-midi-chords/01 - C Major - A minor/4 Progression/Minor/soul style/A - v iv i - Lonely.mid,ldrolez/free-midi-chords,MIT,other,OK,"chord / progression, key folder in path"
chords/free-midi-chords/01 - C Major - A minor/4 Progression/Modal/C - I I7 I9 IV ivm - Romantic Nostalgic.mid,ldrolez/free-midi-chords,MIT,other,OK,"chord / progression, key folder in path"
chords/free-midi-chords/01 - C Major - A minor/4 Progression/Modal/C - I I7 Idom7 IV ivm I - Relaxed Nostalgic.mid,ldrolez/free-midi-chords,MIT,other,OK,"chord / progression, key folder in path"
chords/free-midi-chords/01 - C Major - A minor/4 Progression/Modal/C - I I7 Idom7 IV ivm I ivm6 Vdom7 - Relaxed Romantic.mid,ldrolez/free-midi-chords,MIT,other,OK,"chord / progression, key folder in path"
chords/free-midi-chords/01 - C Major - A minor/4 Progression/Modal/C - I IIIM vi V - Joyful Hopeful.mid,ldrolez/free-midi-chords,MIT,other,OK,"chord / progression, key folder in path"
chords/free-midi-chords/01 - C Major - A minor/4 Progression/Modal/C - I IIM IV I - Joyful Triumphant.mid,ldrolez/free-midi-chords,MIT,other,OK,"chord / progression, key folder in path"
chords/free-midi-chords/01 - C Major - A minor/4 Progression/Modal/C - I IIM iii V6 - Surprised Triumphant.mid,ldrolez/free-midi-chords,MIT,other,OK,"chord / progression, key folder in path"
chords/free-midi-chords/01 - C Major - A minor/4 Progression/Modal/C - I IV V bVIIM - Triumphant Rebellious.mid,ldrolez/free-midi-chords,MIT,other,OK,"chord / progression, key folder in path"
chords/free-midi-chords/01 - C Major - A minor/4 Progression/Modal/C - I IV bIIIM bVIM - Nostalgic Mysterious.mid,ldrolez/free-midi-chords,MIT,other,OK,"chord / progression, key folder in path"
chords/free-midi-chords/01 - C Major - A minor/4 Progression/Modal/C - I IV bVIIM IV - Joyful Rebellious.mid,ldrolez/free-midi-chords,MIT,other,OK,"chord / progression, key folder in path"
chords/free-midi-chords/01 - C Major - A minor/4 Progression/Modal/C - I V bVIIM IV - Triumphant Rebellious.mid,ldrolez/free-midi-chords,MIT,other,OK,"chord / progression, key folder in path"
chords/free-midi-chords/01 - C Major - A minor/4 Progression/Modal/C - I V ivm bVIM - Surprised Mysterious.mid,ldrolez/free-midi-chords,MIT,other,OK,"chord / progression, key folder in path"
chords/free-midi-chords/01 - C Major - A minor/4 Progression/Modal/C - I bIIIM IV I - Romantic.mid,ldrolez/free-midi-chords,MIT,other,OK,"chord / progression, key folder in path"
chords/free-midi-chords/01 - C Major - A minor/4 Progression/Modal/C - I bIIIM bVIIM I - Triumphant Rebellious.mid,ldrolez/free-midi-chords,MIT,other,OK,"chord / progression, key folder in path"
chords/free-midi-chords/01 - C Major - A minor/4 Progression/Modal/C - I bIIIM bVIIM IV - Triumphant Mysterious.mid,ldrolez/free-midi-chords,MIT,other,OK,"chord / progression, key folder in path"
chords/free-midi-chords/01 - C Major - A minor/4 Progression/Modal/C - I bIIIM bVIM bVIIM - Triumphant Hopeful.mid,ldrolez/free-midi-chords,MIT,other,OK,"chord / progression, key folder in path"
chords/free-midi-chords/01 - C Major - A minor/4 Progression/Modal/C - I bIIM I iii - Surprised Mysterious.mid,ldrolez/free-midi-chords,MIT,other,OK,"chord / progression, key folder in path"
chords/free-midi-chords/01 - C Major - A minor/4 Progression/Modal/C - I bIIM7 bIIIM6 bIIM7 I im bVIIM bIIM - Surprised Mysterious.mid,ldrolez/free-midi-chords,MIT,other,OK,"chord / progression, key folder in path"
chords/free-midi-chords/01 - C Major - A minor/4 Progression/Modal/C - I bVIIM I I bVIM V - Triumphant Hopeful.mid,ldrolez/free-midi-chords,MIT,other,OK,"chord / progression, key folder in path"
chords/free-midi-chords/01 - C Major - A minor/4 Progression/Modal/C - I bVIIM IV V - Joyful Triumphant.mid,ldrolez/free-midi-chords,MIT,other,OK,"chord / progression, key folder in path"
chords/free-midi-chords/01 - C Major - A minor/4 Progression/Modal/C - I bVIIM bVIM IV IVsus4 IV - Hopeful Nostalgic.mid,ldrolez/free-midi-chords,MIT,other,OK,"chord / progression, key folder in path"
chords/free-midi-chords/01 - C Major - A minor/4 Progression/Modal/C - I bVIIM bVIM bIIM - Triumphant Rebellious.mid,ldrolez/free-midi-chords,MIT,other,OK,"chord / progression, key folder in path"
chords/free-midi-chords/01 - C Major - A minor/4 Progression/Modal/C - I bVIM I bIIM - Surprised Mysterious.mid,ldrolez/free-midi-chords,MIT,other,OK,"chord / progression, key folder in path"
chords/free-midi-chords/01 - C Major - A minor/4 Progression/Modal/C - I bVIM IV bIIIM bVIIM - Mysterious Nostalgic.mid,ldrolez/free-midi-chords,MIT,other,OK,"chord / progression, key folder in path"
chords/free-midi-chords/01 - C Major - A minor/4 Progression/Modal/C - I bVIM bVIIM ivm - New Empowered Nostalgic.mid,ldrolez/free-midi-chords,MIT,other,OK,"chord / progression, key folder in path"
chords/free-midi-chords/01 - C Major - A minor/4 Progression/Modal/C - I im bVII6 bVIM - New Nostalgic Mysterious.mid,ldrolez/free-midi-chords,MIT,other,OK,"chord / progression, key folder in path"
chords/free-midi-chords/01 - C Major - A minor/4 Progression/Modal/C - I ivm bIIIM bVIIM - Mysterious Nostalgic.mid,ldrolez/free-midi-chords,MIT,other,OK,"chord / progression, key folder in path"
chords/free-midi-chords/01 - C Major - A minor/4 Progression/Modal/C - I vi bVIM V - New Surprised Mysterious.mid,ldrolez/free-midi-chords,MIT,other,OK,"chord / progression, key folder in path"
chords/free-midi-chords/01 - C Major - A minor/4 Progression/Modal/C - I5 iii II5 #IVm IV5 vi V5 viim - Excited Triumphant.mid,ldrolez/free-midi-chords,MIT,other,OK,"chord / progression, key folder in path"
chords/free-midi-chords/01 - C Major - A minor/4 Progression/Modal/C - I7 bIdom7 III7 ii7 V7 - Playful Surprised.mid,ldrolez/free-midi-chords,MIT,other,OK,"chord / progression, key folder in path"
chords/free-midi-chords/01 - C Major - A minor/4 Progression/Modal/C - IIIM V VIsus4 VIM I IIM - Triumphant Surprised.mid,ldrolez/free-midi-chords,MIT,other,OK,"chord / progression, key folder in path"
chords/free-midi-chords/01 - C Major - A minor/4 Progression/Modal/C - IV V ii im bIIIM IV - Hopeful Nostalgic.mid,ldrolez/free-midi-chords,MIT,other,OK,"chord / progression, key folder in path"
chords/free-midi-chords/01 - C Major - A minor/4 Progression/Modal/C - VIM bVIM im bVIIM - Surprised Rebellious.mid,ldrolez/free-midi-chords,MIT,other,OK,"chord / progression, key folder in path"
chords/free-midi-chords/01 - C Major - A minor/4 Progression/Modal/C - bIIIM V7 I - Cadence.mid,ldrolez/free-midi-chords,MIT,other,OK,"chord / progression, key folder in path"
chords/free-midi-chords/01 - C Major - A minor/4 Progression/Modal/C - bIIIM ii bIIM I - Mysterious Surprised.mid,ldrolez/free-midi-chords,MIT,other,OK,"chord / progression, key folder in path"
chords/free-midi-chords/01 - C Major - A minor/4 Progression/Modal/C - bIIM bVIM biii bviim - Mysterious Surprised.mid,ldrolez/free-midi-chords,MIT,other,OK,"chord / progression, key folder in path"
chords/free-midi-chords/01 - C Major - A minor/4 Progression/Modal/C - bIIM ivm biii im - Mysterious Dark.mid,ldrolez/free-midi-chords,MIT,other,OK,"chord / progression, key folder in path"
chords/free-midi-chords/01 - C Major - A minor/4 Progression/Modal/C - bVIIM V7 I - Cadence.mid,ldrolez/free-midi-chords,MIT,other,OK,"chord / progression, key folder in path"
chords/free-midi-chords/01 - C Major - A minor/4 Progression/Modal/C - bVIIM bIIM bIIIM im - Mysterious Rebellious.mid,ldrolez/free-midi-chords,MIT,other,OK,"chord / progression, key folder in path"
chords/free-midi-chords/01 - C Major - A minor/4 Progression/Modal/C - bVIM bIIIM bVIIM IV I - Triumphant Mysterious.mid,ldrolez/free-midi-chords,MIT,other,OK,"chord / progression, key folder in path"
chords/free-midi-chords/01 - C Major - A minor/4 Progression/Modal/C - bVIM bVIIm im bIIM - Mysterious Dark.mid,ldrolez/free-midi-chords,MIT,other,OK,"chord / progression, key folder in path"
chords/free-midi-chords/01 - C Major - A minor/4 Progression/Modal/C - bVIM vi im bVIIM - Hopeful Mysterious.mid,ldrolez/free-midi-chords,MIT,other,OK,"chord / progression, key folder in path"
chords/free-midi-chords/01 - C Major - A minor/4 Progression/Modal/C - bVIM7 ivmadd9 I - Spiritual Nostalgic.mid,ldrolez/free-midi-chords,MIT,other,OK,"chord / progression, key folder in path"
chords/free-midi-chords/01 - C Major - A minor/4 Progression/Modal/C - ii IVM vm bVIIM - Mysterious Nostalgic.mid,ldrolez/free-midi-chords,MIT,other,OK,"chord / progression, key folder in path"
chords/free-midi-chords/01 - C Major - A minor/4 Progression/Modal/C - ii bIIM I bVIIM - Mysterious Rebellious.mid,ldrolez/free-midi-chords,MIT,other,OK,"chord / progression, key folder in path"
chords/free-midi-chords/01 - C Major - A minor/4 Progression/Modal/C - ii bVIIM7 I - Hopeful Triumphant.mid,ldrolez/free-midi-chords,MIT,other,OK,"chord / progression, key folder in path"
chords/free-midi-chords/01 - C Major - A minor/4 Progression/Modal/C - iii im iii im7 - New Anguished Mysterious.mid,ldrolez/free-midi-chords,MIT,other,OK,"chord / progression, key folder in path"
chords/free-midi-chords/01 - C Major - A minor/4 Progression/Modal/C - im V bVIIM IV bVIM bIIIM ivm V - Mysterious Rebellious.mid,ldrolez/free-midi-chords,MIT,other,OK,"chord / progression, key folder in path"
chords/free-midi-chords/01 - C Major - A minor/4 Progression/Modal/C - im VIM IIIM bIIM - Nostalgic Surprised.mid,ldrolez/free-midi-chords,MIT,other,OK,"chord / progression, key folder in path"
chords/free-midi-chords/01 - C Major - A minor/4 Progression/Modal/C - im VIM bi V - Mysterious Triumphant.mid,ldrolez/free-midi-chords,MIT,other,OK,"chord / progression, key folder in path"
chords/free-midi-chords/01 - C Major - A minor/4 Progression/Modal/C - im bIIIM IV V - New Mysterious Triumphant.mid,ldrolez/free-midi-chords,MIT,other,OK,"chord / progression, key folder in path"
chords/free-midi-chords/01 - C Major - A minor/4 Progression/Modal/C - im bIIIM IV bVIM - Mysterious Hopeful.mid,ldrolez/free-midi-chords,MIT,other,OK,"chord / progression, key folder in path"
chords/free-midi-chords/01 - C Major - A minor/4 Progression/Modal/C - im bIIIM bVIIM IV - Romantic Nostalgic.mid,ldrolez/free-midi-chords,MIT,other,OK,"chord / progression, key folder in path"
chords/free-midi-chords/01 - C Major - A minor/4 Progression/Modal/C - im bIIIM bVIM V - Mysterious Triumphant.mid,ldrolez/free-midi-chords,MIT,other,OK,"chord / progression, key folder in path"
chords/free-midi-chords/01 - C Major - A minor/4 Progression/Modal/C - im bIIIsus2 IV - Mysterious Hopeful.mid,ldrolez/free-midi-chords,MIT,other,OK,"chord / progression, key folder in path"
chords/free-midi-chords/01 - C Major - A minor/4 Progression/Modal/C - im bIIM bIIIM bIIM - Mysterious Dark.mid,ldrolez/free-midi-chords,MIT,other,OK,"chord / progression, key folder in path"
chords/free-midi-chords/01 - C Major - A minor/4 Progression/Modal/C - im bIIM biim6 ivm - Mysterious Tender.mid,ldrolez/free-midi-chords,MIT,other,OK,"chord / progression, key folder in path"
chords/free-midi-chords/01 - C Major - A minor/4 Progression/Modal/C - im bIIM im7 bviim - Mysterious Spiritual.mid,ldrolez/free-midi-chords,MIT,other,OK,"chord / progression, key folder in path"
chords/free-midi-chords/01 - C Major - A minor/4 Progression/Modal/C - im bIIM ivm IIIM bIIM ivm IIIM IIIM - Mysterious Nostalgic.mid,ldrolez/free-midi-chords,MIT,other,OK,"chord / progression, key folder in path"
chords/free-midi-chords/01 - C Major - A minor/4 Progression/Modal/C - im bIIM vm im7 - Mysterious Dark.mid,ldrolez/free-midi-chords,MIT,other,OK,"chord / progression, key folder in path"
chords/free-midi-chords/01 - C Major - A minor/4 Progression/Modal/C - im bVIIM IV im - Cadence.mid,ldrolez/free-midi-chords,MIT,other,OK,"chord / progression, key folder in path"
chords/free-midi-chords/01 - C Major - A minor/4 Progression/Modal/C - im bVIIM IV im - New Nostalgic Mysterious.mid,ldrolez/free-midi-chords,MIT,other,OK,"chord / progression, key folder in path"
chords/free-midi-chords/01 - C Major - A minor/4 Progression/Modal/C - im bVIIM bIIM vm - Mysterious Rebellious.mid,ldrolez/free-midi-chords,MIT,other,OK,"chord / progression, key folder in path"
chords/free-midi-chords/01 - C Major - A minor/4 Progression/Modal/C - im bVIM im IV - New Nostalgic Hopeful.mid,ldrolez/free-midi-chords,MIT,other,OK,"chord / progression, key folder in path"
chords/free-midi-chords/01 - C Major - A minor/4 Progression/Modal/C - im bVIM ivm V - Triumphant.mid,ldrolez/free-midi-chords,MIT,other,OK,"chord / progression, key folder in path"
chords/free-midi-chords/01 - C Major - A minor/4 Progression/Modal/C - im bviim bVIM bIIM - Mysterious Hopeful.mid,ldrolez/free-midi-chords,MIT,other,OK,"chord / progression, key folder in path"
chords/free-midi-chords/01 - C Major - A minor/4 Progression/Modal/C - im ii vm IV - Nostalgic Hopeful.mid,ldrolez/free-midi-chords,MIT,other,OK,"chord / progression, key folder in path"
chords/free-midi-chords/01 - C Major - A minor/4 Progression/Modal/C - im ivm9 bIIM im - Mysterious Nostalgic.mid,ldrolez/free-midi-chords,MIT,other,OK,"chord / progression, key folder in path"
chords/free-midi-chords/01 - C Major - A minor/4 Progression/Modal/C - im ivm9 bIIM im vm ivm7 bIIM im7 - Mysterious Tender.mid,ldrolez/free-midi-chords,MIT,other,OK,"chord / progression, key folder in path"
chords/free-midi-chords/01 - C Major - A minor/4 Progression/Modal/C - im viim im bii - New Mysterious Fearful.mid,ldrolez/free-midi-chords,MIT,other,OK,"chord / progression, key folder in path"
chords/free-midi-chords/01 - C Major - A minor/4 Progression/Modal/C - im vm bVIIM IV - New Hopeful Nostalgic.mid,ldrolez/free-midi-chords,MIT,other,OK,"chord / progression, key folder in path"
chords/free-midi-chords/01 - C Major - A minor/4 Progression/Modal/C - im vm bVIM bIIM - Mysterious Hopeful.mid,ldrolez/free-midi-chords,MIT,other,OK,"chord / progression, key folder in path"
chords/free-midi-chords/01 - C Major - A minor/4 Progression/Modal/C - im vm isus4 I - Hopeful Spiritual.mid,ldrolez/free-midi-chords,MIT,other,OK,"chord / progression, key folder in path"
chords/free-midi-chords/01 - C Major - A minor/4 Progression/Modal/C - im vm ivm bIIM7 - Mysterious Dark.mid,ldrolez/free-midi-chords,MIT,other,OK,"chord / progression, key folder in path"
chords/free-midi-chords/01 - C Major - A minor/4 Progression/Modal/C - ivm IIIM bIIM I - Cadence.mid,ldrolez/free-midi-chords,MIT,other,OK,"chord / progression, key folder in path"
chords/free-midi-chords/01 - C Major - A minor/4 Progression/Modal/C - ivm bIIIM bIIM I - Cadence.mid,ldrolez/free-midi-chords,MIT,other,OK,"chord / progression, key folder in path"
chords/free-midi-chords/01 - C Major - A minor/4 Progression/Modal/C - ivm bIIIM bVIM I - Cadence.mid,ldrolez/free-midi-chords,MIT,other,OK,"chord / progression, key folder in path"
chords/free-midi-chords/01 - C Major - A minor/4 Progression/Modal/C - ivm bIIIM iim7 V - Mysterious Tender.mid,ldrolez/free-midi-chords,MIT,other,OK,"chord / progression, key folder in path"
chords/free-midi-chords/01 - C Major - A minor/4 Progression/Modal/C - ivm im bviim bVIM - Dark.mid,ldrolez/free-midi-chords,MIT,other,OK,"chord / progression, key folder in path"
chords/free-midi-chords/01 - C Major - A minor/4 Progression/Modal/C - vdim vdim ivm bIIIM - Fearful Mysterious.mid,ldrolez/free-midi-chords,MIT,other,OK,"chord / progression, key folder in path"
chords/free-midi-chords/01 - C Major - A minor/4 Progression/Modal/C - vi IV I IIM - Hopeful Peaceful.mid,ldrolez/free-midi-chords,MIT,other,OK,"chord / progression, key folder in path"
chords/free-midi-chords/01 - C Major - A minor/4 Progression/Modal/C - vi bVIM bVIIM I - Hopeful Triumphant.mid,ldrolez/free-midi-chords,MIT,other,OK,"chord / progression, key folder in path"
chords/free-midi-chords/01 - C Major - A minor/4 Progression/Modal/C - vi viim V vi #IVdim V - Nostalgic Dark.mid,ldrolez/free-midi-chords,MIT,other,OK,"chord / progression, key folder in path"
chords/free-midi-chords/01 - C Major - A minor/4 Progression/Modal/hiphop2 style/C - I I7 I9 IV ivm - Romantic Nostalgic.mid,ldrolez/free-midi-chords,MIT,other,OK,"chord / progression, key folder in path"
chords/free-midi-chords/01 - C Major - A minor/4 Progression/Modal/hiphop2 style/C - I I7 Idom7 IV ivm I - Relaxed Nostalgic.mid,ldrolez/free-midi-chords,MIT,other,OK,"chord / progression, key folder in path"
chords/free-midi-chords/01 - C Major - A minor/4 Progression/Modal/hiphop2 style/C - I I7 Idom7 IV ivm I ivm6 Vdom7 - Relaxed Romantic.mid,ldrolez/free-midi-chords,MIT,other,OK,"chord / progression, key folder in path"
chords/free-midi-chords/01 - C Major - A minor/4 Progression/Modal/hiphop2 style/C - I IIIM vi V - Joyful Hopeful.mid,ldrolez/free-midi-chords,MIT,other,OK,"chord / progression, key folder in path"
chords/free-midi-chords/01 - C Major - A minor/4 Progression/Modal/hiphop2 style/C - I IIM IV I - Joyful Triumphant.mid,ldrolez/free-midi-chords,MIT,other,OK,"chord / progression, key folder in path"
chords/free-midi-chords/01 - C Major - A minor/4 Progression/Modal/hiphop2 style/C - I IIM iii V6 - Surprised Triumphant.mid,ldrolez/free-midi-chords,MIT,other,OK,"chord / progression, key folder in path"
chords/free-midi-chords/01 - C Major - A minor/4 Progression/Modal/hiphop2 style/C - I IV V bVIIM - Triumphant Rebellious.mid,ldrolez/free-midi-chords,MIT,other,OK,"chord / progression, key folder in path"
chords/free-midi-chords/01 - C Major - A minor/4 Progression/Modal/hiphop2 style/C - I IV bIIIM bVIM - Nostalgic Mysterious.mid,ldrolez/free-midi-chords,MIT,other,OK,"chord / progression, key folder in path"
chords/free-midi-chords/01 - C Major - A minor/4 Progression/Modal/hiphop2 style/C - I IV bVIIM IV - Joyful Rebellious.mid,ldrolez/free-midi-chords,MIT,other,OK,"chord / progression, key folder in path"
chords/free-midi-chords/01 - C Major - A minor/4 Progression/Modal/hiphop2 style/C - I V bVIIM IV - Triumphant Rebellious.mid,ldrolez/free-midi-chords,MIT,other,OK,"chord / progression, key folder in path"
chords/free-midi-chords/01 - C Major - A minor/4 Progression/Modal/hiphop2 style/C - I V ivm bVIM - Surprised Mysterious.mid,ldrolez/free-midi-chords,MIT,other,OK,"chord / progression, key folder in path"
chords/free-midi-chords/01 - C Major - A minor/4 Progression/Modal/hiphop2 style/C - I bIIIM IV I - Romantic.mid,ldrolez/free-midi-chords,MIT,other,OK,"chord / progression, key folder in path"
chords/free-midi-chords/01 - C Major - A minor/4 Progression/Modal/hiphop2 style/C - I bIIIM bVIIM I - Triumphant Rebellious.mid,ldrolez/free-midi-chords,MIT,other,OK,"chord / progression, key folder in path"
chords/free-midi-chords/01 - C Major - A minor/4 Progression/Modal/hiphop2 style/C - I bIIIM bVIIM IV - Triumphant Mysterious.mid,ldrolez/free-midi-chords,MIT,other,OK,"chord / progression, key folder in path"
chords/free-midi-chords/01 - C Major - A minor/4 Progression/Modal/hiphop2 style/C - I bIIIM bVIM bVIIM - Triumphant Hopeful.mid,ldrolez/free-midi-chords,MIT,other,OK,"chord / progression, key folder in path"
chords/free-midi-chords/01 - C Major - A minor/4 Progression/Modal/hiphop2 style/C - I bIIM I iii - Surprised Mysterious.mid,ldrolez/free-midi-chords,MIT,other,OK,"chord / progression, key folder in path"
chords/free-midi-chords/01 - C Major - A minor/4 Progression/Modal/hiphop2 style/C - I bIIM7 bIIIM6 bIIM7 I im bVIIM bIIM - Surprised Mysterious.mid,ldrolez/free-midi-chords,MIT,other,OK,"chord / progression, key folder in path"
chords/free-midi-chords/01 - C Major - A minor/4 Progression/Modal/hiphop2 style/C - I bVIIM I I bVIM V - Triumphant Hopeful.mid,ldrolez/free-midi-chords,MIT,other,OK,"chord / progression, key folder in path"
chords/free-midi-chords/01 - C Major - A minor/4 Progression/Modal/hiphop2 style/C - I bVIIM IV V - Joyful Triumphant.mid,ldrolez/free-midi-chords,MIT,other,OK,"chord / progression, key folder in path"
chords/free-midi-chords/01 - C Major - A minor/4 Progression/Modal/hiphop2 style/C - I bVIIM bVIM IV IVsus4 IV - Hopeful Nostalgic.mid,ldrolez/free-midi-chords,MIT,other,OK,"chord / progression, key folder in path"
chords/free-midi-chords/01 - C Major - A minor/4 Progression/Modal/hiphop2 style/C - I bVIIM bVIM bIIM - Triumphant Rebellious.mid,ldrolez/free-midi-chords,MIT,other,OK,"chord / progression, key folder in path"
chords/free-midi-chords/01 - C Major - A minor/4 Progression/Modal/hiphop2 style/C - I bVIM I bIIM - Surprised Mysterious.mid,ldrolez/free-midi-chords,MIT,other,OK,"chord / progression, key folder in path"
chords/free-midi-chords/01 - C Major - A minor/4 Progression/Modal/hiphop2 style/C - I bVIM IV bIIIM bVIIM - Mysterious Nostalgic.mid,ldrolez/free-midi-chords,MIT,other,OK,"chord / progression, key folder in path"
chords/free-midi-chords/01 - C Major - A minor/4 Progression/Modal/hiphop2 style/C - I bVIM bVIIM ivm - New Empowered Nostalgic.mid,ldrolez/free-midi-chords,MIT,other,OK,"chord / progression, key folder in path"
chords/free-midi-chords/01 - C Major - A minor/4 Progression/Modal/hiphop2 style/C - I im bVII6 bVIM - New Nostalgic Mysterious.mid,ldrolez/free-midi-chords,MIT,other,OK,"chord / progression, key folder in path"
chords/free-midi-chords/01 - C Major - A minor/4 Progression/Modal/hiphop2 style/C - I ivm bIIIM bVIIM - Mysterious Nostalgic.mid,ldrolez/free-midi-chords,MIT,other,OK,"chord / progression, key folder in path"
chords/free-midi-chords/01 - C Major - A minor/4 Progression/Modal/hiphop2 style/C - I vi bVIM V - New Surprised Mysterious.mid,ldrolez/free-midi-chords,MIT,other,OK,"chord / progression, key folder in path"
chords/free-midi-chords/01 - C Major - A minor/4 Progression/Modal/hiphop2 style/C - I5 iii II5 #IVm IV5 vi V5 viim - Excited Triumphant.mid,ldrolez/free-midi-chords,MIT,other,OK,"chord / progression, key folder in path"
chords/free-midi-chords/01 - C Major - A minor/4 Progression/Modal/hiphop2 style/C - I7 bIdom7 III7 ii7 V7 - Playful Surprised.mid,ldrolez/free-midi-chords,MIT,other,OK,"chord / progression, key folder in path"
chords/free-midi-chords/01 - C Major - A minor/4 Progression/Modal/hiphop2 style/C - IIIM V VIsus4 VIM I IIM - Triumphant Surprised.mid,ldrolez/free-midi-chords,MIT,other,OK,"chord / progression, key folder in path"
chords/free-midi-chords/01 - C Major - A minor/4 Progression/Modal/hiphop2 style/C - IV V ii im bIIIM IV - Hopeful Nostalgic.mid,ldrolez/free-midi-chords,MIT,other,OK,"chord / progression, key folder in path"
chords/free-midi-chords/01 - C Major - A minor/4 Progression/Modal/hiphop2 style/C - VIM bVIM im bVIIM - Surprised Rebellious.mid,ldrolez/free-midi-chords,MIT,other,OK,"chord / progression, key folder in path"
chords/free-midi-chords/01 - C Major - A minor/4 Progression/Modal/hiphop2 style/C - bIIIM V7 I - Cadence.mid,ldrolez/free-midi-chords,MIT,other,OK,"chord / progression, key folder in path"
chords/free-midi-chords/01 - C Major - A minor/4 Progression/Modal/hiphop2 style/C - bIIIM ii bIIM I - Mysterious Surprised.mid,ldrolez/free-midi-chords,MIT,other,OK,"chord / progression, key folder in path"
chords/free-midi-chords/01 - C Major - A minor/4 Progression/Modal/hiphop2 style/C - bIIM bVIM biii bviim - Mysterious Surprised.mid,ldrolez/free-midi-chords,MIT,other,OK,"chord / progression, key folder in path"
chords/free-midi-chords/01 - C Major - A minor/4 Progression/Modal/hiphop2 style/C - bIIM ivm biii im - Mysterious Dark.mid,ldrolez/free-midi-chords,MIT,other,OK,"chord / progression, key folder in path"
chords/free-midi-chords/01 - C Major - A minor/4 Progression/Modal/hiphop2 style/C - bVIIM V7 I - Cadence.mid,ldrolez/free-midi-chords,MIT,other,OK,"chord / progression, key folder in path"
chords/free-midi-chords/01 - C Major - A minor/4 Progression/Modal/hiphop2 style/C - bVIIM bIIM bIIIM im - Mysterious Rebellious.mid,ldrolez/free-midi-chords,MIT,other,OK,"chord / progression, key folder in path"
chords/free-midi-chords/01 - C Major - A minor/4 Progression/Modal/hiphop2 style/C - bVIM bIIIM bVIIM IV I - Triumphant Mysterious.mid,ldrolez/free-midi-chords,MIT,other,OK,"chord / progression, key folder in path"
chords/free-midi-chords/01 - C Major - A minor/4 Progression/Modal/hiphop2 style/C - bVIM bVIIm im bIIM - Mysterious Dark.mid,ldrolez/free-midi-chords,MIT,other,OK,"chord / progression, key folder in path"
chords/free-midi-chords/01 - C Major - A minor/4 Progression/Modal/hiphop2 style/C - bVIM vi im bVIIM - Hopeful Mysterious.mid,ldrolez/free-midi-chords,MIT,other,OK,"chord / progression, key folder in path"
chords/free-midi-chords/01 - C Major - A minor/4 Progression/Modal/hiphop2 style/C - bVIM7 ivmadd9 I - Spiritual Nostalgic.mid,ldrolez/free-midi-chords,MIT,other,OK,"chord / progression, key folder in path"
chords/free-midi-chords/01 - C Major - A minor/4 Progression/Modal/hiphop2 style/C - ii IVM vm bVIIM - Mysterious Nostalgic.mid,ldrolez/free-midi-chords,MIT,other,OK,"chord / progression, key folder in path"
chords/free-midi-chords/01 - C Major - A minor/4 Progression/Modal/hiphop2 style/C - ii bIIM I bVIIM - Mysterious Rebellious.mid,ldrolez/free-midi-chords,MIT,other,OK,"chord / progression, key folder in path"
chords/free-midi-chords/01 - C Major - A minor/4 Progression/Modal/hiphop2 style/C - ii bVIIM7 I - Hopeful Triumphant.mid,ldrolez/free-midi-chords,MIT,other,OK,"chord / progression, key folder in path"
chords/free-midi-chords/01 - C Major - A minor/4 Progression/Modal/hiphop2 style/C - iii im iii im7 - New Anguished Mysterious.mid,ldrolez/free-midi-chords,MIT,other,OK,"chord / progression, key folder in path"
chords/free-midi-chords/01 - C Major - A minor/4 Progression/Modal/hiphop2 style/C - im V bVIIM IV bVIM bIIIM ivm V - Mysterious Rebellious.mid,ldrolez/free-midi-chords,MIT,other,OK,"chord / progression, key folder in path"
chords/free-midi-chords/01 - C Major - A minor/4 Progression/Modal/hiphop2 style/C - im VIM IIIM bIIM - Nostalgic Surprised.mid,ldrolez/free-midi-chords,MIT,other,OK,"chord / progression, key folder in path"
chords/free-midi-chords/01 - C Major - A minor/4 Progression/Modal/hiphop2 style/C - im VIM bi V - Mysterious Triumphant.mid,ldrolez/free-midi-chords,MIT,other,OK,"chord / progression, key folder in path"
chords/free-midi-chords/01 - C Major - A minor/4 Progression/Modal/hiphop2 style/C - im bIIIM IV V - New Mysterious Triumphant.mid,ldrolez/free-midi-chords,MIT,other,OK,"chord / progression, key folder in path"
chords/free-midi-chords/01 - C Major - A minor/4 Progression/Modal/hiphop2 style/C - im bIIIM IV bVIM - Mysterious Hopeful.mid,ldrolez/free-midi-chords,MIT,other,OK,"chord / progression, key folder in path"
chords/free-midi-chords/01 - C Major - A minor/4 Progression/Modal/hiphop2 style/C - im bIIIM bVIIM IV - Romantic Nostalgic.mid,ldrolez/free-midi-chords,MIT,other,OK,"chord / progression, key folder in path"
chords/free-midi-chords/01 - C Major - A minor/4 Progression/Modal/hiphop2 style/C - im bIIIM bVIM V - Mysterious Triumphant.mid,ldrolez/free-midi-chords,MIT,other,OK,"chord / progression, key folder in path"
chords/free-midi-chords/01 - C Major - A minor/4 Progression/Modal/hiphop2 style/C - im bIIIsus2 IV - Mysterious Hopeful.mid,ldrolez/free-midi-chords,MIT,other,OK,"chord / progression, key folder in path"
chords/free-midi-chords/01 - C Major - A minor/4 Progression/Modal/hiphop2 style/C - im bIIM bIIIM bIIM - Mysterious Dark.mid,ldrolez/free-midi-chords,MIT,other,OK,"chord / progression, key folder in path"
chords/free-midi-chords/01 - C Major - A minor/4 Progression/Modal/hiphop2 style/C - im bIIM biim6 ivm - Mysterious Tender.mid,ldrolez/free-midi-chords,MIT,other,OK,"chord / progression, key folder in path"
chords/free-midi-chords/01 - C Major - A minor/4 Progression/Modal/hiphop2 style/C - im bIIM im7 bviim - Mysterious Spiritual.mid,ldrolez/free-midi-chords,MIT,other,OK,"chord / progression, key folder in path"
chords/free-midi-chords/01 - C Major - A minor/4 Progression/Modal/hiphop2 style/C - im bIIM ivm IIIM bIIM ivm IIIM IIIM - Mysterious Nostalgic.mid,ldrolez/free-midi-chords,MIT,other,OK,"chord / progression, key folder in path"
chords/free-midi-chords/01 - C Major - A minor/4 Progression/Modal/hiphop2 style/C - im bIIM vm im7 - Mysterious Dark.mid,ldrolez/free-midi-chords,MIT,other,OK,"chord / progression, key folder in path"
chords/free-midi-chords/01 - C Major - A minor/4 Progression/Modal/hiphop2 style/C - im bVIIM IV im - Cadence.mid,ldrolez/free-midi-chords,MIT,other,OK,"chord / progression, key folder in path"
chords/free-midi-chords/01 - C Major - A minor/4 Progression/Modal/hiphop2 style/C - im bVIIM IV im - New Nostalgic Mysterious.mid,ldrolez/free-midi-chords,MIT,other,OK,"chord / progression, key folder in path"
chords/free-midi-chords/01 - C Major - A minor/4 Progression/Modal/hiphop2 style/C - im bVIIM bIIM vm - Mysterious Rebellious.mid,ldrolez/free-midi-chords,MIT,other,OK,"chord / progression, key folder in path"
chords/free-midi-chords/01 - C Major - A minor/4 Progression/Modal/hiphop2 style/C - im bVIM im IV - New Nostalgic Hopeful.mid,ldrolez/free-midi-chords,MIT,other,OK,"chord / progression, key folder in path"
chords/free-midi-chords/01 - C Major - A minor/4 Progression/Modal/hiphop2 style/C - im bVIM ivm V - Triumphant.mid,ldrolez/free-midi-chords,MIT,other,OK,"chord / progression, key folder in path"
chords/free-midi-chords/01 - C Major - A minor/4 Progression/Modal/hiphop2 style/C - im bviim bVIM bIIM - Mysterious Hopeful.mid,ldrolez/free-midi-chords,MIT,other,OK,"chord / progression, key folder in path"
chords/free-midi-chords/01 - C Major - A minor/4 Progression/Modal/hiphop2 style/C - im ii vm IV - Nostalgic Hopeful.mid,ldrolez/free-midi-chords,MIT,other,OK,"chord / progression, key folder in path"
chords/free-midi-chords/01 - C Major - A minor/4 Progression/Modal/hiphop2 style/C - im ivm9 bIIM im - Mysterious Nostalgic.mid,ldrolez/free-midi-chords,MIT,other,OK,"chord / progression, key folder in path"
chords/free-midi-chords/01 - C Major - A minor/4 Progression/Modal/hiphop2 style/C - im ivm9 bIIM im vm ivm7 bIIM im7 - Mysterious Tender.mid,ldrolez/free-midi-chords,MIT,other,OK,"chord / progression, key folder in path"
chords/free-midi-chords/01 - C Major - A minor/4 Progression/Modal/hiphop2 style/C - im viim im bii - New Mysterious Fearful.mid,ldrolez/free-midi-chords,MIT,other,OK,"chord / progression, key folder in path"
chords/free-midi-chords/01 - C Major - A minor/4 Progression/Modal/hiphop2 style/C - im vm bVIIM IV - New Hopeful Nostalgic.mid,ldrolez/free-midi-chords,MIT,other,OK,"chord / progression, key folder in path"
chords/free-midi-chords/01 - C Major - A minor/4 Progression/Modal/hiphop2 style/C - im vm bVIM bIIM - Mysterious Hopeful.mid,ldrolez/free-midi-chords,MIT,other,OK,"chord / progression, key folder in path"
chords/free-midi-chords/01 - C Major - A minor/4 Progression/Modal/hiphop2 style/C - im vm isus4 I - Hopeful Spiritual.mid,ldrolez/free-midi-chords,MIT,other,OK,"chord / progression, key folder in path"
chords/free-midi-chords/01 - C Major - A minor/4 Progression/Modal/hiphop2 style/C - im vm ivm bIIM7 - Mysterious Dark.mid,ldrolez/free-midi-chords,MIT,other,OK,"chord / progression, key folder in path"
chords/free-midi-chords/01 - C Major - A minor/4 Progression/Modal/hiphop2 style/C - ivm IIIM bIIM I - Cadence.mid,ldrolez/free-midi-chords,MIT,other,OK,"chord / progression, key folder in path"
chords/free-midi-chords/01 - C Major - A minor/4 Progression/Modal/hiphop2 style/C - ivm bIIIM bIIM I - Cadence.mid,ldrolez/free-midi-chords,MIT,other,OK,"chord / progression, key folder in path"
chords/free-midi-chords/01 - C Major - A minor/4 Progression/Modal/hiphop2 style/C - ivm bIIIM bVIM I - Cadence.mid,ldrolez/free-midi-chords,MIT,other,OK,"chord / progression, key folder in path"
chords/free-midi-chords/01 - C Major - A minor/4 Progression/Modal/hiphop2 style/C - ivm bIIIM iim7 V - Mysterious Tender.mid,ldrolez/free-midi-chords,MIT,other,OK,"chord / progression, key folder in path"
chords/free-midi-chords/01 - C Major - A minor/4 Progression/Modal/hiphop2 style/C - ivm im bviim bVIM - Dark.mid,ldrolez/free-midi-chords,MIT,other,OK,"chord / progression, key folder in path"
chords/free-midi-chords/01 - C Major - A minor/4 Progression/Modal/hiphop2 style/C - vdim vdim ivm bIIIM - Fearful Mysterious.mid,ldrolez/free-midi-chords,MIT,other,OK,"chord / progression, key folder in path"
chords/free-midi-chords/01 - C Major - A minor/4 Progression/Modal/hiphop2 style/C - vi IV I IIM - Hopeful Peaceful.mid,ldrolez/free-midi-chords,MIT,other,OK,"chord / progression, key folder in path"
chords/free-midi-chords/01 - C Major - A minor/4 Progression/Modal/hiphop2 style/C - vi bVIM bVIIM I - Hopeful Triumphant.mid,ldrolez/free-midi-chords,MIT,other,OK,"chord / progression, key folder in path"
chords/free-midi-chords/01 - C Major - A minor/4 Progression/Modal/hiphop2 style/C - vi viim V vi #IVdim V - Nostalgic Dark.mid,ldrolez/free-midi-chords,MIT,other,OK,"chord / progression, key folder in path"
chords/free-midi-chords/01 - C Major - A minor/4 Progression/Modal/pop style/C - I I7 I9 IV ivm - Romantic Nostalgic.mid,ldrolez/free-midi-chords,MIT,other,OK,"chord / progression, key folder in path"
chords/free-midi-chords/01 - C Major - A minor/4 Progression/Modal/pop style/C - I I7 Idom7 IV ivm I - Relaxed Nostalgic.mid,ldrolez/free-midi-chords,MIT,other,OK,"chord / progression, key folder in path"
chords/free-midi-chords/01 - C Major - A minor/4 Progression/Modal/pop style/C - I I7 Idom7 IV ivm I ivm6 Vdom7 - Relaxed Romantic.mid,ldrolez/free-midi-chords,MIT,other,OK,"chord / progression, key folder in path"
chords/free-midi-chords/01 - C Major - A minor/4 Progression/Modal/pop style/C - I IIIM vi V - Joyful Hopeful.mid,ldrolez/free-midi-chords,MIT,other,OK,"chord / progression, key folder in path"
chords/free-midi-chords/01 - C Major - A minor/4 Progression/Modal/pop style/C - I IIM IV I - Joyful Triumphant.mid,ldrolez/free-midi-chords,MIT,other,OK,"chord / progression, key folder in path"
chords/free-midi-chords/01 - C Major - A minor/4 Progression/Modal/pop style/C - I IIM iii V6 - Surprised Triumphant.mid,ldrolez/free-midi-chords,MIT,other,OK,"chord / progression, key folder in path"
chords/free-midi-chords/01 - C Major - A minor/4 Progression/Modal/pop style/C - I IV V bVIIM - Triumphant Rebellious.mid,ldrolez/free-midi-chords,MIT,other,OK,"chord / progression, key folder in path"
chords/free-midi-chords/01 - C Major - A minor/4 Progression/Modal/pop style/C - I IV bIIIM bVIM - Nostalgic Mysterious.mid,ldrolez/free-midi-chords,MIT,other,OK,"chord / progression, key folder in path"
chords/free-midi-chords/01 - C Major - A minor/4 Progression/Modal/pop style/C - I IV bVIIM IV - Joyful Rebellious.mid,ldrolez/free-midi-chords,MIT,other,OK,"chord / progression, key folder in path"
chords/free-midi-chords/01 - C Major - A minor/4 Progression/Modal/pop style/C - I V bVIIM IV - Triumphant Rebellious.mid,ldrolez/free-midi-chords,MIT,other,OK,"chord / progression, key folder in path"
chords/free-midi-chords/01 - C Major - A minor/4 Progression/Modal/pop style/C - I V ivm bVIM - Surprised Mysterious.mid,ldrolez/free-midi-chords,MIT,other,OK,"chord / progression, key folder in path"
chords/free-midi-chords/01 - C Major - A minor/4 Progression/Modal/pop style/C - I bIIIM IV I - Romantic.mid,ldrolez/free-midi-chords,MIT,other,OK,"chord / progression, key folder in path"
chords/free-midi-chords/01 - C Major - A minor/4 Progression/Modal/pop style/C - I bIIIM bVIIM I - Triumphant Rebellious.mid,ldrolez/free-midi-chords,MIT,other,OK,"chord / progression, key folder in path"
chords/free-midi-chords/01 - C Major - A minor/4 Progression/Modal/pop style/C - I bIIIM bVIIM IV - Triumphant Mysterious.mid,ldrolez/free-midi-chords,MIT,other,OK,"chord / progression, key folder in path"
chords/free-midi-chords/01 - C Major - A minor/4 Progression/Modal/pop style/C - I bIIIM bVIM bVIIM - Triumphant Hopeful.mid,ldrolez/free-midi-chords,MIT,other,OK,"chord / progression, key folder in path"
chords/free-midi-chords/01 - C Major - A minor/4 Progression/Modal/pop style/C - I bIIM I iii - Surprised Mysterious.mid,ldrolez/free-midi-chords,MIT,other,OK,"chord / progression, key folder in path"
chords/free-midi-chords/01 - C Major - A minor/4 Progression/Modal/pop style/C - I bIIM7 bIIIM6 bIIM7 I im bVIIM bIIM - Surprised Mysterious.mid,ldrolez/free-midi-chords,MIT,other,OK,"chord / progression, key folder in path"
chords/free-midi-chords/01 - C Major - A minor/4 Progression/Modal/pop style/C - I bVIIM I I bVIM V - Triumphant Hopeful.mid,ldrolez/free-midi-chords,MIT,other,OK,"chord / progression, key folder in path"
chords/free-midi-chords/01 - C Major - A minor/4 Progression/Modal/pop style/C - I bVIIM IV V - Joyful Triumphant.mid,ldrolez/free-midi-chords,MIT,other,OK,"chord / progression, key folder in path"
chords/free-midi-chords/01 - C Major - A minor/4 Progression/Modal/pop style/C - I bVIIM bVIM IV IVsus4 IV - Hopeful Nostalgic.mid,ldrolez/free-midi-chords,MIT,other,OK,"chord / progression, key folder in path"
chords/free-midi-chords/01 - C Major - A minor/4 Progression/Modal/pop style/C - I bVIIM bVIM bIIM - Triumphant Rebellious.mid,ldrolez/free-midi-chords,MIT,other,OK,"chord / progression, key folder in path"
chords/free-midi-chords/01 - C Major - A minor/4 Progression/Modal/pop style/C - I bVIM I bIIM - Surprised Mysterious.mid,ldrolez/free-midi-chords,MIT,other,OK,"chord / progression, key folder in path"
chords/free-midi-chords/01 - C Major - A minor/4 Progression/Modal/pop style/C - I bVIM IV bIIIM bVIIM - Mysterious Nostalgic.mid,ldrolez/free-midi-chords,MIT,other,OK,"chord / progression, key folder in path"
chords/free-midi-chords/01 - C Major - A minor/4 Progression/Modal/pop style/C - I bVIM bVIIM ivm - New Empowered Nostalgic.mid,ldrolez/free-midi-chords,MIT,other,OK,"chord / progression, key folder in path"
chords/free-midi-chords/01 - C Major - A minor/4 Progression/Modal/pop style/C - I im bVII6 bVIM - New Nostalgic Mysterious.mid,ldrolez/free-midi-chords,MIT,other,OK,"chord / progression, key folder in path"
chords/free-midi-chords/01 - C Major - A minor/4 Progression/Modal/pop style/C - I ivm bIIIM bVIIM - Mysterious Nostalgic.mid,ldrolez/free-midi-chords,MIT,other,OK,"chord / progression, key folder in path"
chords/free-midi-chords/01 - C Major - A minor/4 Progression/Modal/pop style/C - I vi bVIM V - New Surprised Mysterious.mid,ldrolez/free-midi-chords,MIT,other,OK,"chord / progression, key folder in path"
chords/free-midi-chords/01 - C Major - A minor/4 Progression/Modal/pop style/C - I5 iii II5 #IVm IV5 vi V5 viim - Excited Triumphant.mid,ldrolez/free-midi-chords,MIT,other,OK,"chord / progression, key folder in path"
chords/free-midi-chords/01 - C Major - A minor/4 Progression/Modal/pop style/C - I7 bIdom7 III7 ii7 V7 - Playful Surprised.mid,ldrolez/free-midi-chords,MIT,other,OK,"chord / progression, key folder in path"
chords/free-midi-chords/01 - C Major - A minor/4 Progression/Modal/pop style/C - IIIM V VIsus4 VIM I IIM - Triumphant Surprised.mid,ldrolez/free-midi-chords,MIT,other,OK,"chord / progression, key folder in path"
chords/free-midi-chords/01 - C Major - A minor/4 Progression/Modal/pop style/C - IV V ii im bIIIM IV - Hopeful Nostalgic.mid,ldrolez/free-midi-chords,MIT,other,OK,"chord / progression, key folder in path"
chords/free-midi-chords/01 - C Major - A minor/4 Progression/Modal/pop style/C - VIM bVIM im bVIIM - Surprised Rebellious.mid,ldrolez/free-midi-chords,MIT,other,OK,"chord / progression, key folder in path"
chords/free-midi-chords/01 - C Major - A minor/4 Progression/Modal/pop style/C - bIIIM V7 I - Cadence.mid,ldrolez/free-midi-chords,MIT,other,OK,"chord / progression, key folder in path"
chords/free-midi-chords/01 - C Major - A minor/4 Progression/Modal/pop style/C - bIIIM ii bIIM I - Mysterious Surprised.mid,ldrolez/free-midi-chords,MIT,other,OK,"chord / progression, key folder in path"
chords/free-midi-chords/01 - C Major - A minor/4 Progression/Modal/pop style/C - bIIM bVIM biii bviim - Mysterious Surprised.mid,ldrolez/free-midi-chords,MIT,other,OK,"chord / progression, key folder in path"
chords/free-midi-chords/01 - C Major - A minor/4 Progression/Modal/pop style/C - bIIM ivm biii im - Mysterious Dark.mid,ldrolez/free-midi-chords,MIT,other,OK,"chord / progression, key folder in path"
chords/free-midi-chords/01 - C Major - A minor/4 Progression/Modal/pop style/C - bVIIM V7 I - Cadence.mid,ldrolez/free-midi-chords,MIT,other,OK,"chord / progression, key folder in path"
chords/free-midi-chords/01 - C Major - A minor/4 Progression/Modal/pop style/C - bVIIM bIIM bIIIM im - Mysterious Rebellious.mid,ldrolez/free-midi-chords,MIT,other,OK,"chord / progression, key folder in path"
chords/free-midi-chords/01 - C Major - A minor/4 Progression/Modal/pop style/C - bVIM bIIIM bVIIM IV I - Triumphant Mysterious.mid,ldrolez/free-midi-chords,MIT,other,OK,"chord / progression, key folder in path"
chords/free-midi-chords/01 - C Major - A minor/4 Progression/Modal/pop style/C - bVIM bVIIm im bIIM - Mysterious Dark.mid,ldrolez/free-midi-chords,MIT,other,OK,"chord / progression, key folder in path"
chords/free-midi-chords/01 - C Major - A minor/4 Progression/Modal/pop style/C - bVIM vi im bVIIM - Hopeful Mysterious.mid,ldrolez/free-midi-chords,MIT,other,OK,"chord / progression, key folder in path"
chords/free-midi-chords/01 - C Major - A minor/4 Progression/Modal/pop style/C - bVIM7 ivmadd9 I - Spiritual Nostalgic.mid,ldrolez/free-midi-chords,MIT,other,OK,"chord / progression, key folder in path"
chords/free-midi-chords/01 - C Major - A minor/4 Progression/Modal/pop style/C - ii IVM vm bVIIM - Mysterious Nostalgic.mid,ldrolez/free-midi-chords,MIT,other,OK,"chord / progression, key folder in path"
chords/free-midi-chords/01 - C Major - A minor/4 Progression/Modal/pop style/C - ii bIIM I bVIIM - Mysterious Rebellious.mid,ldrolez/free-midi-chords,MIT,other,OK,"chord / progression, key folder in path"
chords/free-midi-chords/01 - C Major - A minor/4 Progression/Modal/pop style/C - ii bVIIM7 I - Hopeful Triumphant.mid,ldrolez/free-midi-chords,MIT,other,OK,"chord / progression, key folder in path"
chords/free-midi-chords/01 - C Major - A minor/4 Progression/Modal/pop style/C - iii im iii im7 - New Anguished Mysterious.mid,ldrolez/free-midi-chords,MIT,other,OK,"chord / progression, key folder in path"
chords/free-midi-chords/01 - C Major - A minor/4 Progression/Modal/pop style/C - im V bVIIM IV bVIM bIIIM ivm V - Mysterious Rebellious.mid,ldrolez/free-midi-chords,MIT,other,OK,"chord / progression, key folder in path"
chords/free-midi-chords/01 - C Major - A minor/4 Progression/Modal/pop style/C - im VIM IIIM bIIM - Nostalgic Surprised.mid,ldrolez/free-midi-chords,MIT,other,OK,"chord / progression, key folder in path"
chords/free-midi-chords/01 - C Major - A minor/4 Progression/Modal/pop style/C - im VIM bi V - Mysterious Triumphant.mid,ldrolez/free-midi-chords,MIT,other,OK,"chord / progression, key folder in path"
chords/free-midi-chords/01 - C Major - A minor/4 Progression/Modal/pop style/C - im bIIIM IV V - New Mysterious Triumphant.mid,ldrolez/free-midi-chords,MIT,other,OK,"chord / progression, key folder in path"
chords/free-midi-chords/01 - C Major - A minor/4 Progression/Modal/pop style/C - im bIIIM IV bVIM - Mysterious Hopeful.mid,ldrolez/free-midi-chords,MIT,other,OK,"chord / progression, key folder in path"
chords/free-midi-chords/01 - C Major - A minor/4 Progression/Modal/pop style/C - im bIIIM bVIIM IV - Romantic Nostalgic.mid,ldrolez/free-midi-chords,MIT,other,OK,"chord / progression, key folder in path"
chords/free-midi-chords/01 - C Major - A minor/4 Progression/Modal/pop style/C - im bIIIM bVIM V - Mysterious Triumphant.mid,ldrolez/free-midi-chords,MIT,other,OK,"chord / progression, key folder in path"
chords/free-midi-chords/01 - C Major - A minor/4 Progression/Modal/pop style/C - im bIIIsus2 IV - Mysterious Hopeful.mid,ldrolez/free-midi-chords,MIT,other,OK,"chord / progression, key folder in path"
chords/free-midi-chords/01 - C Major - A minor/4 Progression/Modal/pop style/C - im bIIM bIIIM bIIM - Mysterious Dark.mid,ldrolez/free-midi-chords,MIT,other,OK,"chord / progression, key folder in path"
chords/free-midi-chords/01 - C Major - A minor/4 Progression/Modal/pop style/C - im bIIM biim6 ivm - Mysterious Tender.mid,ldrolez/free-midi-chords,MIT,other,OK,"chord / progression, key folder in path"
chords/free-midi-chords/01 - C Major - A minor/4 Progression/Modal/pop style/C - im bIIM im7 bviim - Mysterious Spiritual.mid,ldrolez/free-midi-chords,MIT,other,OK,"chord / progression, key folder in path"
chords/free-midi-chords/01 - C Major - A minor/4 Progression/Modal/pop style/C - im bIIM ivm IIIM bIIM ivm IIIM IIIM - Mysterious Nostalgic.mid,ldrolez/free-midi-chords,MIT,other,OK,"chord / progression, key folder in path"
chords/free-midi-chords/01 - C Major - A minor/4 Progression/Modal/pop style/C - im bIIM vm im7 - Mysterious Dark.mid,ldrolez/free-midi-chords,MIT,other,OK,"chord / progression, key folder in path"
chords/free-midi-chords/01 - C Major - A minor/4 Progression/Modal/pop style/C - im bVIIM IV im - Cadence.mid,ldrolez/free-midi-chords,MIT,other,OK,"chord / progression, key folder in path"
chords/free-midi-chords/01 - C Major - A minor/4 Progression/Modal/pop style/C - im bVIIM IV im - New Nostalgic Mysterious.mid,ldrolez/free-midi-chords,MIT,other,OK,"chord / progression, key folder in path"
chords/free-midi-chords/01 - C Major - A minor/4 Progression/Modal/pop style/C - im bVIIM bIIM vm - Mysterious Rebellious.mid,ldrolez/free-midi-chords,MIT,other,OK,"chord / progression, key folder in path"
chords/free-midi-chords/01 - C Major - A minor/4 Progression/Modal/pop style/C - im bVIM im IV - New Nostalgic Hopeful.mid,ldrolez/free-midi-chords,MIT,other,OK,"chord / progression, key folder in path"
chords/free-midi-chords/01 - C Major - A minor/4 Progression/Modal/pop style/C - im bVIM ivm V - Triumphant.mid,ldrolez/free-midi-chords,MIT,other,OK,"chord / progression, key folder in path"
chords/free-midi-chords/01 - C Major - A minor/4 Progression/Modal/pop style/C - im bviim bVIM bIIM - Mysterious Hopeful.mid,ldrolez/free-midi-chords,MIT,other,OK,"chord / progression, key folder in path"
chords/free-midi-chords/01 - C Major - A minor/4 Progression/Modal/pop style/C - im ii vm IV - Nostalgic Hopeful.mid,ldrolez/free-midi-chords,MIT,other,OK,"chord / progression, key folder in path"
chords/free-midi-chords/01 - C Major - A minor/4 Progression/Modal/pop style/C - im ivm9 bIIM im - Mysterious Nostalgic.mid,ldrolez/free-midi-chords,MIT,other,OK,"chord / progression, key folder in path"
chords/free-midi-chords/01 - C Major - A minor/4 Progression/Modal/pop style/C - im ivm9 bIIM im vm ivm7 bIIM im7 - Mysterious Tender.mid,ldrolez/free-midi-chords,MIT,other,OK,"chord / progression, key folder in path"
chords/free-midi-chords/01 - C Major - A minor/4 Progression/Modal/pop style/C - im viim im bii - New Mysterious Fearful.mid,ldrolez/free-midi-chords,MIT,other,OK,"chord / progression, key folder in path"
chords/free-midi-chords/01 - C Major - A minor/4 Progression/Modal/pop style/C - im vm bVIIM IV - New Hopeful Nostalgic.mid,ldrolez/free-midi-chords,MIT,other,OK,"chord / progression, key folder in path"
chords/free-midi-chords/01 - C Major - A minor/4 Progression/Modal/pop style/C - im vm bVIM bIIM - Mysterious Hopeful.mid,ldrolez/free-midi-chords,MIT,other,OK,"chord / progression, key folder in path"
chords/free-midi-chords/01 - C Major - A minor/4 Progression/Modal/pop style/C - im vm isus4 I - Hopeful Spiritual.mid,ldrolez/free-midi-chords,MIT,other,OK,"chord / progression, key folder in path"
chords/free-midi-chords/01 - C Major - A minor/4 Progression/Modal/pop style/C - im vm ivm bIIM7 - Mysterious Dark.mid,ldrolez/free-midi-chords,MIT,other,OK,"chord / progression, key folder in path"
chords/free-midi-chords/01 - C Major - A minor/4 Progression/Modal/pop style/C - ivm IIIM bIIM I - Cadence.mid,ldrolez/free-midi-chords,MIT,other,OK,"chord / progression, key folder in path"
chords/free-midi-chords/01 - C Major - A minor/4 Progression/Modal/pop style/C - ivm bIIIM bIIM I - Cadence.mid,ldrolez/free-midi-chords,MIT,other,OK,"chord / progression, key folder in path"
chords/free-midi-chords/01 - C Major - A minor/4 Progression/Modal/pop style/C - ivm bIIIM bVIM I - Cadence.mid,ldrolez/free-midi-chords,MIT,other,OK,"chord / progression, key folder in path"
chords/free-midi-chords/01 - C Major - A minor/4 Progression/Modal/pop style/C - ivm bIIIM iim7 V - Mysterious Tender.mid,ldrolez/free-midi-chords,MIT,other,OK,"chord / progression, key folder in path"
chords/free-midi-chords/01 - C Major - A minor/4 Progression/Modal/pop style/C - ivm im bviim bVIM - Dark.mid,ldrolez/free-midi-chords,MIT,other,OK,"chord / progression, key folder in path"
chords/free-midi-chords/01 - C Major - A minor/4 Progression/Modal/pop style/C - vdim vdim ivm bIIIM - Fearful Mysterious.mid,ldrolez/free-midi-chords,MIT,other,OK,"chord / progression, key folder in path"
chords/free-midi-chords/01 - C Major - A minor/4 Progression/Modal/pop style/C - vi IV I IIM - Hopeful Peaceful.mid,ldrolez/free-midi-chords,MIT,other,OK,"chord / progression, key folder in path"
chords/free-midi-chords/01 - C Major - A minor/4 Progression/Modal/pop style/C - vi bVIM bVIIM I - Hopeful Triumphant.mid,ldrolez/free-midi-chords,MIT,other,OK,"chord / progression, key folder in path"
chords/free-midi-chords/01 - C Major - A minor/4 Progression/Modal/pop style/C - vi viim V vi #IVdim V - Nostalgic Dark.mid,ldrolez/free-midi-chords,MIT,other,OK,"chord / progression, key folder in path"
chords/free-midi-chords/01 - C Major - A minor/4 Progression/Modal/pop2 style/C - I I7 I9 IV ivm - Romantic Nostalgic.mid,ldrolez/free-midi-chords,MIT,other,OK,"chord / progression, key folder in path"
chords/free-midi-chords/01 - C Major - A minor/4 Progression/Modal/pop2 style/C - I I7 Idom7 IV ivm I - Relaxed Nostalgic.mid,ldrolez/free-midi-chords,MIT,other,OK,"chord / progression, key folder in path"
chords/free-midi-chords/01 - C Major - A minor/4 Progression/Modal/pop2 style/C - I I7 Idom7 IV ivm I ivm6 Vdom7 - Relaxed Romantic.mid,ldrolez/free-midi-chords,MIT,other,OK,"chord / progression, key folder in path"
chords/free-midi-chords/01 - C Major - A minor/4 Progression/Modal/pop2 style/C - I IIIM vi V - Joyful Hopeful.mid,ldrolez/free-midi-chords,MIT,other,OK,"chord / progression, key folder in path"
chords/free-midi-chords/01 - C Major - A minor/4 Progression/Modal/pop2 style/C - I IIM IV I - Joyful Triumphant.mid,ldrolez/free-midi-chords,MIT,other,OK,"chord / progression, key folder in path"
chords/free-midi-chords/01 - C Major - A minor/4 Progression/Modal/pop2 style/C - I IIM iii V6 - Surprised Triumphant.mid,ldrolez/free-midi-chords,MIT,other,OK,"chord / progression, key folder in path"
chords/free-midi-chords/01 - C Major - A minor/4 Progression/Modal/pop2 style/C - I IV V bVIIM - Triumphant Rebellious.mid,ldrolez/free-midi-chords,MIT,other,OK,"chord / progression, key folder in path"
chords/free-midi-chords/01 - C Major - A minor/4 Progression/Modal/pop2 style/C - I IV bIIIM bVIM - Nostalgic Mysterious.mid,ldrolez/free-midi-chords,MIT,other,OK,"chord / progression, key folder in path"
chords/free-midi-chords/01 - C Major - A minor/4 Progression/Modal/pop2 style/C - I IV bVIIM IV - Joyful Rebellious.mid,ldrolez/free-midi-chords,MIT,other,OK,"chord / progression, key folder in path"
chords/free-midi-chords/01 - C Major - A minor/4 Progression/Modal/pop2 style/C - I V bVIIM IV - Triumphant Rebellious.mid,ldrolez/free-midi-chords,MIT,other,OK,"chord / progression, key folder in path"
chords/free-midi-chords/01 - C Major - A minor/4 Progression/Modal/pop2 style/C - I V ivm bVIM - Surprised Mysterious.mid,ldrolez/free-midi-chords,MIT,other,OK,"chord / progression, key folder in path"
chords/free-midi-chords/01 - C Major - A minor/4 Progression/Modal/pop2 style/C - I bIIIM IV I - Romantic.mid,ldrolez/free-midi-chords,MIT,other,OK,"chord / progression, key folder in path"
chords/free-midi-chords/01 - C Major - A minor/4 Progression/Modal/pop2 style/C - I bIIIM bVIIM I - Triumphant Rebellious.mid,ldrolez/free-midi-chords,MIT,other,OK,"chord / progression, key folder in path"
chords/free-midi-chords/01 - C Major - A minor/4 Progression/Modal/pop2 style/C - I bIIIM bVIIM IV - Triumphant Mysterious.mid,ldrolez/free-midi-chords,MIT,other,OK,"chord / progression, key folder in path"
chords/free-midi-chords/01 - C Major - A minor/4 Progression/Modal/pop2 style/C - I bIIIM bVIM bVIIM - Triumphant Hopeful.mid,ldrolez/free-midi-chords,MIT,other,OK,"chord / progression, key folder in path"
chords/free-midi-chords/01 - C Major - A minor/4 Progression/Modal/pop2 style/C - I bIIM I iii - Surprised Mysterious.mid,ldrolez/free-midi-chords,MIT,other,OK,"chord / progression, key folder in path"
chords/free-midi-chords/01 - C Major - A minor/4 Progression/Modal/pop2 style/C - I bIIM7 bIIIM6 bIIM7 I im bVIIM bIIM - Surprised Mysterious.mid,ldrolez/free-midi-chords,MIT,other,OK,"chord / progression, key folder in path"
chords/free-midi-chords/01 - C Major - A minor/4 Progression/Modal/pop2 style/C - I bVIIM I I bVIM V - Triumphant Hopeful.mid,ldrolez/free-midi-chords,MIT,other,OK,"chord / progression, key folder in path"
chords/free-midi-chords/01 - C Major - A minor/4 Progression/Modal/pop2 style/C - I bVIIM IV V - Joyful Triumphant.mid,ldrolez/free-midi-chords,MIT,other,OK,"chord / progression, key folder in path"
chords/free-midi-chords/01 - C Major - A minor/4 Progression/Modal/pop2 style/C - I bVIIM bVIM IV IVsus4 IV - Hopeful Nostalgic.mid,ldrolez/free-midi-chords,MIT,other,OK,"chord / progression, key folder in path"
chords/free-midi-chords/01 - C Major - A minor/4 Progression/Modal/pop2 style/C - I bVIIM bVIM bIIM - Triumphant Rebellious.mid,ldrolez/free-midi-chords,MIT,other,OK,"chord / progression, key folder in path"
chords/free-midi-chords/01 - C Major - A minor/4 Progression/Modal/pop2 style/C - I bVIM I bIIM - Surprised Mysterious.mid,ldrolez/free-midi-chords,MIT,other,OK,"chord / progression, key folder in path"
chords/free-midi-chords/01 - C Major - A minor/4 Progression/Modal/pop2 style/C - I bVIM IV bIIIM bVIIM - Mysterious Nostalgic.mid,ldrolez/free-midi-chords,MIT,other,OK,"chord / progression, key folder in path"
chords/free-midi-chords/01 - C Major - A minor/4 Progression/Modal/pop2 style/C - I bVIM bVIIM ivm - New Empowered Nostalgic.mid,ldrolez/free-midi-chords,MIT,other,OK,"chord / progression, key folder in path"
chords/free-midi-chords/01 - C Major - A minor/4 Progression/Modal/pop2 style/C - I im bVII6 bVIM - New Nostalgic Mysterious.mid,ldrolez/free-midi-chords,MIT,other,OK,"chord / progression, key folder in path"
chords/free-midi-chords/01 - C Major - A minor/4 Progression/Modal/pop2 style/C - I ivm bIIIM bVIIM - Mysterious Nostalgic.mid,ldrolez/free-midi-chords,MIT,other,OK,"chord / progression, key folder in path"
chords/free-midi-chords/01 - C Major - A minor/4 Progression/Modal/pop2 style/C - I vi bVIM V - New Surprised Mysterious.mid,ldrolez/free-midi-chords,MIT,other,OK,"chord / progression, key folder in path"
chords/free-midi-chords/01 - C Major - A minor/4 Progression/Modal/pop2 style/C - I5 iii II5 #IVm IV5 vi V5 viim - Excited Triumphant.mid,ldrolez/free-midi-chords,MIT,other,OK,"chord / progression, key folder in path"
chords/free-midi-chords/01 - C Major - A minor/4 Progression/Modal/pop2 style/C - I7 bIdom7 III7 ii7 V7 - Playful Surprised.mid,ldrolez/free-midi-chords,MIT,other,OK,"chord / progression, key folder in path"
chords/free-midi-chords/01 - C Major - A minor/4 Progression/Modal/pop2 style/C - IIIM V VIsus4 VIM I IIM - Triumphant Surprised.mid,ldrolez/free-midi-chords,MIT,other,OK,"chord / progression, key folder in path"
chords/free-midi-chords/01 - C Major - A minor/4 Progression/Modal/pop2 style/C - IV V ii im bIIIM IV - Hopeful Nostalgic.mid,ldrolez/free-midi-chords,MIT,other,OK,"chord / progression, key folder in path"
chords/free-midi-chords/01 - C Major - A minor/4 Progression/Modal/pop2 style/C - VIM bVIM im bVIIM - Surprised Rebellious.mid,ldrolez/free-midi-chords,MIT,other,OK,"chord / progression, key folder in path"
chords/free-midi-chords/01 - C Major - A minor/4 Progression/Modal/pop2 style/C - bIIIM V7 I - Cadence.mid,ldrolez/free-midi-chords,MIT,other,OK,"chord / progression, key folder in path"
chords/free-midi-chords/01 - C Major - A minor/4 Progression/Modal/pop2 style/C - bIIIM ii bIIM I - Mysterious Surprised.mid,ldrolez/free-midi-chords,MIT,other,OK,"chord / progression, key folder in path"
chords/free-midi-chords/01 - C Major - A minor/4 Progression/Modal/pop2 style/C - bIIM bVIM biii bviim - Mysterious Surprised.mid,ldrolez/free-midi-chords,MIT,other,OK,"chord / progression, key folder in path"
chords/free-midi-chords/01 - C Major - A minor/4 Progression/Modal/pop2 style/C - bIIM ivm biii im - Mysterious Dark.mid,ldrolez/free-midi-chords,MIT,other,OK,"chord / progression, key folder in path"
chords/free-midi-chords/01 - C Major - A minor/4 Progression/Modal/pop2 style/C - bVIIM V7 I - Cadence.mid,ldrolez/free-midi-chords,MIT,other,OK,"chord / progression, key folder in path"
chords/free-midi-chords/01 - C Major - A minor/4 Progression/Modal/pop2 style/C - bVIIM bIIM bIIIM im - Mysterious Rebellious.mid,ldrolez/free-midi-chords,MIT,other,OK,"chord / progression, key folder in path"
chords/free-midi-chords/01 - C Major - A minor/4 Progression/Modal/pop2 style/C - bVIM bIIIM bVIIM IV I - Triumphant Mysterious.mid,ldrolez/free-midi-chords,MIT,other,OK,"chord / progression, key folder in path"
chords/free-midi-chords/01 - C Major - A minor/4 Progression/Modal/pop2 style/C - bVIM bVIIm im bIIM - Mysterious Dark.mid,ldrolez/free-midi-chords,MIT,other,OK,"chord / progression, key folder in path"
chords/free-midi-chords/01 - C Major - A minor/4 Progression/Modal/pop2 style/C - bVIM vi im bVIIM - Hopeful Mysterious.mid,ldrolez/free-midi-chords,MIT,other,OK,"chord / progression, key folder in path"
chords/free-midi-chords/01 - C Major - A minor/4 Progression/Modal/pop2 style/C - bVIM7 ivmadd9 I - Spiritual Nostalgic.mid,ldrolez/free-midi-chords,MIT,other,OK,"chord / progression, key folder in path"
chords/free-midi-chords/01 - C Major - A minor/4 Progression/Modal/pop2 style/C - ii IVM vm bVIIM - Mysterious Nostalgic.mid,ldrolez/free-midi-chords,MIT,other,OK,"chord / progression, key folder in path"
chords/free-midi-chords/01 - C Major - A minor/4 Progression/Modal/pop2 style/C - ii bIIM I bVIIM - Mysterious Rebellious.mid,ldrolez/free-midi-chords,MIT,other,OK,"chord / progression, key folder in path"
chords/free-midi-chords/01 - C Major - A minor/4 Progression/Modal/pop2 style/C - ii bVIIM7 I - Hopeful Triumphant.mid,ldrolez/free-midi-chords,MIT,other,OK,"chord / progression, key folder in path"
chords/free-midi-chords/01 - C Major - A minor/4 Progression/Modal/pop2 style/C - iii im iii im7 - New Anguished Mysterious.mid,ldrolez/free-midi-chords,MIT,other,OK,"chord / progression, key folder in path"
chords/free-midi-chords/01 - C Major - A minor/4 Progression/Modal/pop2 style/C - im V bVIIM IV bVIM bIIIM ivm V - Mysterious Rebellious.mid,ldrolez/free-midi-chords,MIT,other,OK,"chord / progression, key folder in path"
chords/free-midi-chords/01 - C Major - A minor/4 Progression/Modal/pop2 style/C - im VIM IIIM bIIM - Nostalgic Surprised.mid,ldrolez/free-midi-chords,MIT,other,OK,"chord / progression, key folder in path"
chords/free-midi-chords/01 - C Major - A minor/4 Progression/Modal/pop2 style/C - im VIM bi V - Mysterious Triumphant.mid,ldrolez/free-midi-chords,MIT,other,OK,"chord / progression, key folder in path"
chords/free-midi-chords/01 - C Major - A minor/4 Progression/Modal/pop2 style/C - im bIIIM IV V - New Mysterious Triumphant.mid,ldrolez/free-midi-chords,MIT,other,OK,"chord / progression, key folder in path"
chords/free-midi-chords/01 - C Major - A minor/4 Progression/Modal/pop2 style/C - im bIIIM IV bVIM - Mysterious Hopeful.mid,ldrolez/free-midi-chords,MIT,other,OK,"chord / progression, key folder in path"
chords/free-midi-chords/01 - C Major - A minor/4 Progression/Modal/pop2 style/C - im bIIIM bVIIM IV - Romantic Nostalgic.mid,ldrolez/free-midi-chords,MIT,other,OK,"chord / progression, key folder in path"
chords/free-midi-chords/01 - C Major - A minor/4 Progression/Modal/pop2 style/C - im bIIIM bVIM V - Mysterious Triumphant.mid,ldrolez/free-midi-chords,MIT,other,OK,"chord / progression, key folder in path"
chords/free-midi-chords/01 - C Major - A minor/4 Progression/Modal/pop2 style/C - im bIIIsus2 IV - Mysterious Hopeful.mid,ldrolez/free-midi-chords,MIT,other,OK,"chord / progression, key folder in path"
chords/free-midi-chords/01 - C Major - A minor/4 Progression/Modal/pop2 style/C - im bIIM bIIIM bIIM - Mysterious Dark.mid,ldrolez/free-midi-chords,MIT,other,OK,"chord / progression, key folder in path"
chords/free-midi-chords/01 - C Major - A minor/4 Progression/Modal/pop2 style/C - im bIIM biim6 ivm - Mysterious Tender.mid,ldrolez/free-midi-chords,MIT,other,OK,"chord / progression, key folder in path"
chords/free-midi-chords/01 - C Major - A minor/4 Progression/Modal/pop2 style/C - im bIIM im7 bviim - Mysterious Spiritual.mid,ldrolez/free-midi-chords,MIT,other,OK,"chord / progression, key folder in path"
chords/free-midi-chords/01 - C Major - A minor/4 Progression/Modal/pop2 style/C - im bIIM ivm IIIM bIIM ivm IIIM IIIM - Mysterious Nostalgic.mid,ldrolez/free-midi-chords,MIT,other,OK,"chord / progression, key folder in path"
chords/free-midi-chords/01 - C Major - A minor/4 Progression/Modal/pop2 style/C - im bIIM vm im7 - Mysterious Dark.mid,ldrolez/free-midi-chords,MIT,other,OK,"chord / progression, key folder in path"
chords/free-midi-chords/01 - C Major - A minor/4 Progression/Modal/pop2 style/C - im bVIIM IV im - Cadence.mid,ldrolez/free-midi-chords,MIT,other,OK,"chord / progression, key folder in path"
chords/free-midi-chords/01 - C Major - A minor/4 Progression/Modal/pop2 style/C - im bVIIM IV im - New Nostalgic Mysterious.mid,ldrolez/free-midi-chords,MIT,other,OK,"chord / progression, key folder in path"
chords/free-midi-chords/01 - C Major - A minor/4 Progression/Modal/pop2 style/C - im bVIIM bIIM vm - Mysterious Rebellious.mid,ldrolez/free-midi-chords,MIT,other,OK,"chord / progression, key folder in path"
chords/free-midi-chords/01 - C Major - A minor/4 Progression/Modal/pop2 style/C - im bVIM im IV - New Nostalgic Hopeful.mid,ldrolez/free-midi-chords,MIT,other,OK,"chord / progression, key folder in path"
chords/free-midi-chords/01 - C Major - A minor/4 Progression/Modal/pop2 style/C - im bVIM ivm V - Triumphant.mid,ldrolez/free-midi-chords,MIT,other,OK,"chord / progression, key folder in path"
chords/free-midi-chords/01 - C Major - A minor/4 Progression/Modal/pop2 style/C - im bviim bVIM bIIM - Mysterious Hopeful.mid,ldrolez/free-midi-chords,MIT,other,OK,"chord / progression, key folder in path"
chords/free-midi-chords/01 - C Major - A minor/4 Progression/Modal/pop2 style/C - im ii vm IV - Nostalgic Hopeful.mid,ldrolez/free-midi-chords,MIT,other,OK,"chord / progression, key folder in path"
chords/free-midi-chords/01 - C Major - A minor/4 Progression/Modal/pop2 style/C - im ivm9 bIIM im - Mysterious Nostalgic.mid,ldrolez/free-midi-chords,MIT,other,OK,"chord / progression, key folder in path"
chords/free-midi-chords/01 - C Major - A minor/4 Progression/Modal/pop2 style/C - im ivm9 bIIM im vm ivm7 bIIM im7 - Mysterious Tender.mid,ldrolez/free-midi-chords,MIT,other,OK,"chord / progression, key folder in path"
chords/free-midi-chords/01 - C Major - A minor/4 Progression/Modal/pop2 style/C - im viim im bii - New Mysterious Fearful.mid,ldrolez/free-midi-chords,MIT,other,OK,"chord / progression, key folder in path"
chords/free-midi-chords/01 - C Major - A minor/4 Progression/Modal/pop2 style/C - im vm bVIIM IV - New Hopeful Nostalgic.mid,ldrolez/free-midi-chords,MIT,other,OK,"chord / progression, key folder in path"
chords/free-midi-chords/01 - C Major - A minor/4 Progression/Modal/pop2 style/C - im vm bVIM bIIM - Mysterious Hopeful.mid,ldrolez/free-midi-chords,MIT,other,OK,"chord / progression, key folder in path"
chords/free-midi-chords/01 - C Major - A minor/4 Progression/Modal/pop2 style/C - im vm isus4 I - Hopeful Spiritual.mid,ldrolez/free-midi-chords,MIT,other,OK,"chord / progression, key folder in path"
chords/free-midi-chords/01 - C Major - A minor/4 Progression/Modal/pop2 style/C - im vm ivm bIIM7 - Mysterious Dark.mid,ldrolez/free-midi-chords,MIT,other,OK,"chord / progression, key folder in path"
chords/free-midi-chords/01 - C Major - A minor/4 Progression/Modal/pop2 style/C - ivm IIIM bIIM I - Cadence.mid,ldrolez/free-midi-chords,MIT,other,OK,"chord / progression, key folder in path"
chords/free-midi-chords/01 - C Major - A minor/4 Progression/Modal/pop2 style/C - ivm bIIIM bIIM I - Cadence.mid,ldrolez/free-midi-chords,MIT,other,OK,"chord / progression, key folder in path"
chords/free-midi-chords/01 - C Major - A minor/4 Progression/Modal/pop2 style/C - ivm bIIIM bVIM I - Cadence.mid,ldrolez/free-midi-chords,MIT,other,OK,"chord / progression, key folder in path"
chords/free-midi-chords/01 - C Major - A minor/4 Progression/Modal/pop2 style/C - ivm bIIIM iim7 V - Mysterious Tender.mid,ldrolez/free-midi-chords,MIT,other,OK,"chord / progression, key folder in path"
chords/free-midi-chords/01 - C Major - A minor/4 Progression/Modal/pop2 style/C - ivm im bviim bVIM - Dark.mid,ldrolez/free-midi-chords,MIT,other,OK,"chord / progression, key folder in path"
chords/free-midi-chords/01 - C Major - A minor/4 Progression/Modal/pop2 style/C - vdim vdim ivm bIIIM - Fearful Mysterious.mid,ldrolez/free-midi-chords,MIT,other,OK,"chord / progression, key folder in path"
chords/free-midi-chords/01 - C Major - A minor/4 Progression/Modal/pop2 style/C - vi IV I IIM - Hopeful Peaceful.mid,ldrolez/free-midi-chords,MIT,other,OK,"chord / progression, key folder in path"
chords/free-midi-chords/01 - C Major - A minor/4 Progression/Modal/pop2 style/C - vi bVIM bVIIM I - Hopeful Triumphant.mid,ldrolez/free-midi-chords,MIT,other,OK,"chord / progression, key folder in path"
chords/free-midi-chords/01 - C Major - A minor/4 Progression/Modal/pop2 style/C - vi viim V vi #IVdim V - Nostalgic Dark.mid,ldrolez/free-midi-chords,MIT,other,OK,"chord / progression, key folder in path"
chords/free-midi-chords/01 - C Major - A minor/4 Progression/Modal/soul style/C - I I7 I9 IV ivm - Romantic Nostalgic.mid,ldrolez/free-midi-chords,MIT,other,OK,"chord / progression, key folder in path"
chords/free-midi-chords/01 - C Major - A minor/4 Progression/Modal/soul style/C - I I7 Idom7 IV ivm I - Relaxed Nostalgic.mid,ldrolez/free-midi-chords,MIT,other,OK,"chord / progression, key folder in path"
chords/free-midi-chords/01 - C Major - A minor/4 Progression/Modal/soul style/C - I I7 Idom7 IV ivm I ivm6 Vdom7 - Relaxed Romantic.mid,ldrolez/free-midi-chords,MIT,other,OK,"chord / progression, key folder in path"
chords/free-midi-chords/01 - C Major - A minor/4 Progression/Modal/soul style/C - I IIIM vi V - Joyful Hopeful.mid,ldrolez/free-midi-chords,MIT,other,OK,"chord / progression, key folder in path"
chords/free-midi-chords/01 - C Major - A minor/4 Progression/Modal/soul style/C - I IIM IV I - Joyful Triumphant.mid,ldrolez/free-midi-chords,MIT,other,OK,"chord / progression, key folder in path"
chords/free-midi-chords/01 - C Major - A minor/4 Progression/Modal/soul style/C - I IIM iii V6 - Surprised Triumphant.mid,ldrolez/free-midi-chords,MIT,other,OK,"chord / progression, key folder in path"
chords/free-midi-chords/01 - C Major - A minor/4 Progression/Modal/soul style/C - I IV V bVIIM - Triumphant Rebellious.mid,ldrolez/free-midi-chords,MIT,other,OK,"chord / progression, key folder in path"
chords/free-midi-chords/01 - C Major - A minor/4 Progression/Modal/soul style/C - I IV bIIIM bVIM - Nostalgic Mysterious.mid,ldrolez/free-midi-chords,MIT,other,OK,"chord / progression, key folder in path"
chords/free-midi-chords/01 - C Major - A minor/4 Progression/Modal/soul style/C - I IV bVIIM IV - Joyful Rebellious.mid,ldrolez/free-midi-chords,MIT,other,OK,"chord / progression, key folder in path"
chords/free-midi-chords/01 - C Major - A minor/4 Progression/Modal/soul style/C - I V bVIIM IV - Triumphant Rebellious.mid,ldrolez/free-midi-chords,MIT,other,OK,"chord / progression, key folder in path"
chords/free-midi-chords/01 - C Major - A minor/4 Progression/Modal/soul style/C - I V ivm bVIM - Surprised Mysterious.mid,ldrolez/free-midi-chords,MIT,other,OK,"chord / progression, key folder in path"
chords/free-midi-chords/01 - C Major - A minor/4 Progression/Modal/soul style/C - I bIIIM IV I - Romantic.mid,ldrolez/free-midi-chords,MIT,other,OK,"chord / progression, key folder in path"
chords/free-midi-chords/01 - C Major - A minor/4 Progression/Modal/soul style/C - I bIIIM bVIIM I - Triumphant Rebellious.mid,ldrolez/free-midi-chords,MIT,other,OK,"chord / progression, key folder in path"
chords/free-midi-chords/01 - C Major - A minor/4 Progression/Modal/soul style/C - I bIIIM bVIIM IV - Triumphant Mysterious.mid,ldrolez/free-midi-chords,MIT,other,OK,"chord / progression, key folder in path"
chords/free-midi-chords/01 - C Major - A minor/4 Progression/Modal/soul style/C - I bIIIM bVIM bVIIM - Triumphant Hopeful.mid,ldrolez/free-midi-chords,MIT,other,OK,"chord / progression, key folder in path"
chords/free-midi-chords/01 - C Major - A minor/4 Progression/Modal/soul style/C - I bIIM I iii - Surprised Mysterious.mid,ldrolez/free-midi-chords,MIT,other,OK,"chord / progression, key folder in path"
chords/free-midi-chords/01 - C Major - A minor/4 Progression/Modal/soul style/C - I bIIM7 bIIIM6 bIIM7 I im bVIIM bIIM - Surprised Mysterious.mid,ldrolez/free-midi-chords,MIT,other,OK,"chord / progression, key folder in path"
chords/free-midi-chords/01 - C Major - A minor/4 Progression/Modal/soul style/C - I bVIIM I I bVIM V - Triumphant Hopeful.mid,ldrolez/free-midi-chords,MIT,other,OK,"chord / progression, key folder in path"
chords/free-midi-chords/01 - C Major - A minor/4 Progression/Modal/soul style/C - I bVIIM IV V - Joyful Triumphant.mid,ldrolez/free-midi-chords,MIT,other,OK,"chord / progression, key folder in path"
chords/free-midi-chords/01 - C Major - A minor/4 Progression/Modal/soul style/C - I bVIIM bVIM IV IVsus4 IV - Hopeful Nostalgic.mid,ldrolez/free-midi-chords,MIT,other,OK,"chord / progression, key folder in path"
chords/free-midi-chords/01 - C Major - A minor/4 Progression/Modal/soul style/C - I bVIIM bVIM bIIM - Triumphant Rebellious.mid,ldrolez/free-midi-chords,MIT,other,OK,"chord / progression, key folder in path"
chords/free-midi-chords/01 - C Major - A minor/4 Progression/Modal/soul style/C - I bVIM I bIIM - Surprised Mysterious.mid,ldrolez/free-midi-chords,MIT,other,OK,"chord / progression, key folder in path"
chords/free-midi-chords/01 - C Major - A minor/4 Progression/Modal/soul style/C - I bVIM IV bIIIM bVIIM - Mysterious Nostalgic.mid,ldrolez/free-midi-chords,MIT,other,OK,"chord / progression, key folder in path"
chords/free-midi-chords/01 - C Major - A minor/4 Progression/Modal/soul style/C - I bVIM bVIIM ivm - New Empowered Nostalgic.mid,ldrolez/free-midi-chords,MIT,other,OK,"chord / progression, key folder in path"
chords/free-midi-chords/01 - C Major - A minor/4 Progression/Modal/soul style/C - I im bVII6 bVIM - New Nostalgic Mysterious.mid,ldrolez/free-midi-chords,MIT,other,OK,"chord / progression, key folder in path"
chords/free-midi-chords/01 - C Major - A minor/4 Progression/Modal/soul style/C - I ivm bIIIM bVIIM - Mysterious Nostalgic.mid,ldrolez/free-midi-chords,MIT,other,OK,"chord / progression, key folder in path"
chords/free-midi-chords/01 - C Major - A minor/4 Progression/Modal/soul style/C - I vi bVIM V - New Surprised Mysterious.mid,ldrolez/free-midi-chords,MIT,other,OK,"chord / progression, key folder in path"
chords/free-midi-chords/01 - C Major - A minor/4 Progression/Modal/soul style/C - I5 iii II5 #IVm IV5 vi V5 viim - Excited Triumphant.mid,ldrolez/free-midi-chords,MIT,other,OK,"chord / progression, key folder in path"
chords/free-midi-chords/01 - C Major - A minor/4 Progression/Modal/soul style/C - I7 bIdom7 III7 ii7 V7 - Playful Surprised.mid,ldrolez/free-midi-chords,MIT,other,OK,"chord / progression, key folder in path"
chords/free-midi-chords/01 - C Major - A minor/4 Progression/Modal/soul style/C - IIIM V VIsus4 VIM I IIM - Triumphant Surprised.mid,ldrolez/free-midi-chords,MIT,other,OK,"chord / progression, key folder in path"
chords/free-midi-chords/01 - C Major - A minor/4 Progression/Modal/soul style/C - IV V ii im bIIIM IV - Hopeful Nostalgic.mid,ldrolez/free-midi-chords,MIT,other,OK,"chord / progression, key folder in path"
chords/free-midi-chords/01 - C Major - A minor/4 Progression/Modal/soul style/C - VIM bVIM im bVIIM - Surprised Rebellious.mid,ldrolez/free-midi-chords,MIT,other,OK,"chord / progression, key folder in path"
chords/free-midi-chords/01 - C Major - A minor/4 Progression/Modal/soul style/C - bIIIM V7 I - Cadence.mid,ldrolez/free-midi-chords,MIT,other,OK,"chord / progression, key folder in path"
chords/free-midi-chords/01 - C Major - A minor/4 Progression/Modal/soul style/C - bIIIM ii bIIM I - Mysterious Surprised.mid,ldrolez/free-midi-chords,MIT,other,OK,"chord / progression, key folder in path"
chords/free-midi-chords/01 - C Major - A minor/4 Progression/Modal/soul style/C - bIIM bVIM biii bviim - Mysterious Surprised.mid,ldrolez/free-midi-chords,MIT,other,OK,"chord / progression, key folder in path"
chords/free-midi-chords/01 - C Major - A minor/4 Progression/Modal/soul style/C - bIIM ivm biii im - Mysterious Dark.mid,ldrolez/free-midi-chords,MIT,other,OK,"chord / progression, key folder in path"
chords/free-midi-chords/01 - C Major - A minor/4 Progression/Modal/soul style/C - bVIIM V7 I - Cadence.mid,ldrolez/free-midi-chords,MIT,other,OK,"chord / progression, key folder in path"
chords/free-midi-chords/01 - C Major - A minor/4 Progression/Modal/soul style/C - bVIIM bIIM bIIIM im - Mysterious Rebellious.mid,ldrolez/free-midi-chords,MIT,other,OK,"chord / progression, key folder in path"
chords/free-midi-chords/01 - C Major - A minor/4 Progression/Modal/soul style/C - bVIM bIIIM bVIIM IV I - Triumphant Mysterious.mid,ldrolez/free-midi-chords,MIT,other,OK,"chord / progression, key folder in path"
chords/free-midi-chords/01 - C Major - A minor/4 Progression/Modal/soul style/C - bVIM bVIIm im bIIM - Mysterious Dark.mid,ldrolez/free-midi-chords,MIT,other,OK,"chord / progression, key folder in path"
chords/free-midi-chords/01 - C Major - A minor/4 Progression/Modal/soul style/C - bVIM vi im bVIIM - Hopeful Mysterious.mid,ldrolez/free-midi-chords,MIT,other,OK,"chord / progression, key folder in path"
chords/free-midi-chords/01 - C Major - A minor/4 Progression/Modal/soul style/C - bVIM7 ivmadd9 I - Spiritual Nostalgic.mid,ldrolez/free-midi-chords,MIT,other,OK,"chord / progression, key folder in path"
chords/free-midi-chords/01 - C Major - A minor/4 Progression/Modal/soul style/C - ii IVM vm bVIIM - Mysterious Nostalgic.mid,ldrolez/free-midi-chords,MIT,other,OK,"chord / progression, key folder in path"
chords/free-midi-chords/01 - C Major - A minor/4 Progression/Modal/soul style/C - ii bIIM I bVIIM - Mysterious Rebellious.mid,ldrolez/free-midi-chords,MIT,other,OK,"chord / progression, key folder in path"
chords/free-midi-chords/01 - C Major - A minor/4 Progression/Modal/soul style/C - ii bVIIM7 I - Hopeful Triumphant.mid,ldrolez/free-midi-chords,MIT,other,OK,"chord / progression, key folder in path"
chords/free-midi-chords/01 - C Major - A minor/4 Progression/Modal/soul style/C - iii im iii im7 - New Anguished Mysterious.mid,ldrolez/free-midi-chords,MIT,other,OK,"chord / progression, key folder in path"
chords/free-midi-chords/01 - C Major - A minor/4 Progression/Modal/soul style/C - im V bVIIM IV bVIM bIIIM ivm V - Mysterious Rebellious.mid,ldrolez/free-midi-chords,MIT,other,OK,"chord / progression, key folder in path"
chords/free-midi-chords/01 - C Major - A minor/4 Progression/Modal/soul style/C - im VIM IIIM bIIM - Nostalgic Surprised.mid,ldrolez/free-midi-chords,MIT,other,OK,"chord / progression, key folder in path"
chords/free-midi-chords/01 - C Major - A minor/4 Progression/Modal/soul style/C - im VIM bi V - Mysterious Triumphant.mid,ldrolez/free-midi-chords,MIT,other,OK,"chord / progression, key folder in path"
chords/free-midi-chords/01 - C Major - A minor/4 Progression/Modal/soul style/C - im bIIIM IV V - New Mysterious Triumphant.mid,ldrolez/free-midi-chords,MIT,other,OK,"chord / progression, key folder in path"
chords/free-midi-chords/01 - C Major - A minor/4 Progression/Modal/soul style/C - im bIIIM IV bVIM - Mysterious Hopeful.mid,ldrolez/free-midi-chords,MIT,other,OK,"chord / progression, key folder in path"
chords/free-midi-chords/01 - C Major - A minor/4 Progression/Modal/soul style/C - im bIIIM bVIIM IV - Romantic Nostalgic.mid,ldrolez/free-midi-chords,MIT,other,OK,"chord / progression, key folder in path"
chords/free-midi-chords/01 - C Major - A minor/4 Progression/Modal/soul style/C - im bIIIM bVIM V - Mysterious Triumphant.mid,ldrolez/free-midi-chords,MIT,other,OK,"chord / progression, key folder in path"
chords/free-midi-chords/01 - C Major - A minor/4 Progression/Modal/soul style/C - im bIIIsus2 IV - Mysterious Hopeful.mid,ldrolez/free-midi-chords,MIT,other,OK,"chord / progression, key folder in path"
chords/free-midi-chords/01 - C Major - A minor/4 Progression/Modal/soul style/C - im bIIM bIIIM bIIM - Mysterious Dark.mid,ldrolez/free-midi-chords,MIT,other,OK,"chord / progression, key folder in path"
chords/free-midi-chords/01 - C Major - A minor/4 Progression/Modal/soul style/C - im bIIM biim6 ivm - Mysterious Tender.mid,ldrolez/free-midi-chords,MIT,other,OK,"chord / progression, key folder in path"
chords/free-midi-chords/01 - C Major - A minor/4 Progression/Modal/soul style/C - im bIIM im7 bviim - Mysterious Spiritual.mid,ldrolez/free-midi-chords,MIT,other,OK,"chord / progression, key folder in path"
chords/free-midi-chords/01 - C Major - A minor/4 Progression/Modal/soul style/C - im bIIM ivm IIIM bIIM ivm IIIM IIIM - Mysterious Nostalgic.mid,ldrolez/free-midi-chords,MIT,other,OK,"chord / progression, key folder in path"
chords/free-midi-chords/01 - C Major - A minor/4 Progression/Modal/soul style/C - im bIIM vm im7 - Mysterious Dark.mid,ldrolez/free-midi-chords,MIT,other,OK,"chord / progression, key folder in path"
chords/free-midi-chords/01 - C Major - A minor/4 Progression/Modal/soul style/C - im bVIIM IV im - Cadence.mid,ldrolez/free-midi-chords,MIT,other,OK,"chord / progression, key folder in path"
chords/free-midi-chords/01 - C Major - A minor/4 Progression/Modal/soul style/C - im bVIIM IV im - New Nostalgic Mysterious.mid,ldrolez/free-midi-chords,MIT,other,OK,"chord / progression, key folder in path"
chords/free-midi-chords/01 - C Major - A minor/4 Progression/Modal/soul style/C - im bVIIM bIIM vm - Mysterious Rebellious.mid,ldrolez/free-midi-chords,MIT,other,OK,"chord / progression, key folder in path"
chords/free-midi-chords/01 - C Major - A minor/4 Progression/Modal/soul style/C - im bVIM im IV - New Nostalgic Hopeful.mid,ldrolez/free-midi-chords,MIT,other,OK,"chord / progression, key folder in path"
chords/free-midi-chords/01 - C Major - A minor/4 Progression/Modal/soul style/C - im bVIM ivm V - Triumphant.mid,ldrolez/free-midi-chords,MIT,other,OK,"chord / progression, key folder in path"
chords/free-midi-chords/01 - C Major - A minor/4 Progression/Modal/soul style/C - im bviim bVIM bIIM - Mysterious Hopeful.mid,ldrolez/free-midi-chords,MIT,other,OK,"chord / progression, key folder in path"
chords/free-midi-chords/01 - C Major - A minor/4 Progression/Modal/soul style/C - im ii vm IV - Nostalgic Hopeful.mid,ldrolez/free-midi-chords,MIT,other,OK,"chord / progression, key folder in path"
chords/free-midi-chords/01 - C Major - A minor/4 Progression/Modal/soul style/C - im ivm9 bIIM im - Mysterious Nostalgic.mid,ldrolez/free-midi-chords,MIT,other,OK,"chord / progression, key folder in path"
chords/free-midi-chords/01 - C Major - A minor/4 Progression/Modal/soul style/C - im ivm9 bIIM im vm ivm7 bIIM im7 - Mysterious Tender.mid,ldrolez/free-midi-chords,MIT,other,OK,"chord / progression, key folder in path"
chords/free-midi-chords/01 - C Major - A minor/4 Progression/Modal/soul style/C - im viim im bii - New Mysterious Fearful.mid,ldrolez/free-midi-chords,MIT,other,OK,"chord / progression, key folder in path"
chords/free-midi-chords/01 - C Major - A minor/4 Progression/Modal/soul style/C - im vm bVIIM IV - New Hopeful Nostalgic.mid,ldrolez/free-midi-chords,MIT,other,OK,"chord / progression, key folder in path"
chords/free-midi-chords/01 - C Major - A minor/4 Progression/Modal/soul style/C - im vm bVIM bIIM - Mysterious Hopeful.mid,ldrolez/free-midi-chords,MIT,other,OK,"chord / progression, key folder in path"
chords/free-midi-chords/01 - C Major - A minor/4 Progression/Modal/soul style/C - im vm isus4 I - Hopeful Spiritual.mid,ldrolez/free-midi-chords,MIT,other,OK,"chord / progression, key folder in path"
chords/free-midi-chords/01 - C Major - A minor/4 Progression/Modal/soul style/C - im vm ivm bIIM7 - Mysterious Dark.mid,ldrolez/free-midi-chords,MIT,other,OK,"chord / progression, key folder in path"
chords/free-midi-chords/01 - C Major - A minor/4 Progression/Modal/soul style/C - ivm IIIM bIIM I - Cadence.mid,ldrolez/free-midi-chords,MIT,other,OK,"chord / progression, key folder in path"
chords/free-midi-chords/01 - C Major - A minor/4 Progression/Modal/soul style/C - ivm bIIIM bIIM I - Cadence.mid,ldrolez/free-midi-chords,MIT,other,OK,"chord / progression, key folder in path"
chords/free-midi-chords/01 - C Major - A minor/4 Progression/Modal/soul style/C - ivm bIIIM bVIM I - Cadence.mid,ldrolez/free-midi-chords,MIT,other,OK,"chord / progression, key folder in path"
chords/free-midi-chords/01 - C Major - A minor/4 Progression/Modal/soul style/C - ivm bIIIM iim7 V - Mysterious Tender.mid,ldrolez/free-midi-chords,MIT,other,OK,"chord / progression, key folder in path"
chords/free-midi-chords/01 - C Major - A minor/4 Progression/Modal/soul style/C - ivm im bviim bVIM - Dark.mid,ldrolez/free-midi-chords,MIT,other,OK,"chord / progression, key folder in path"
chords/free-midi-chords/01 - C Major - A minor/4 Progression/Modal/soul style/C - vdim vdim ivm bIIIM - Fearful Mysterious.mid,ldrolez/free-midi-chords,MIT,other,OK,"chord / progression, key folder in path"
chords/free-midi-chords/01 - C Major - A minor/4 Progression/Modal/soul style/C - vi IV I IIM - Hopeful Peaceful.mid,ldrolez/free-midi-chords,MIT,other,OK,"chord / progression, key folder in path"
chords/free-midi-chords/01 - C Major - A minor/4 Progression/Modal/soul style/C - vi bVIM bVIIM I - Hopeful Triumphant.mid,ldrolez/free-midi-chords,MIT,other,OK,"chord / progression, key folder in path"
chords/free-midi-chords/01 - C Major - A minor/4 Progression/Modal/soul style/C - vi viim V vi #IVdim V - Nostalgic Dark.mid,ldrolez/free-midi-chords,MIT,other,OK,"chord / progression, key folder in path"
chords/free-midi-chords/06 - F Major - D minor/1 Triad/Major/I - F.mid,ldrolez/free-midi-chords,MIT,other,OK,"chord / progression, key folder in path"
chords/free-midi-chords/06 - F Major - D minor/1 Triad/Major/IV - Bb.mid,ldrolez/free-midi-chords,MIT,other,OK,"chord / progression, key folder in path"
chords/free-midi-chords/06 - F Major - D minor/1 Triad/Major/V - C.mid,ldrolez/free-midi-chords,MIT,other,OK,"chord / progression, key folder in path"
chords/free-midi-chords/06 - F Major - D minor/1 Triad/Major/ii - Gm.mid,ldrolez/free-midi-chords,MIT,other,OK,"chord / progression, key folder in path"
chords/free-midi-chords/06 - F Major - D minor/1 Triad/Major/iii - Am.mid,ldrolez/free-midi-chords,MIT,other,OK,"chord / progression, key folder in path"
chords/free-midi-chords/06 - F Major - D minor/1 Triad/Major/vi - Dm.mid,ldrolez/free-midi-chords,MIT,other,OK,"chord / progression, key folder in path"
chords/free-midi-chords/06 - F Major - D minor/1 Triad/Major/vii - Edim.mid,ldrolez/free-midi-chords,MIT,other,OK,"chord / progression, key folder in path"
chords/free-midi-chords/06 - F Major - D minor/1 Triad/Minor/III - F.mid,ldrolez/free-midi-chords,MIT,other,OK,"chord / progression, key folder in path"
chords/free-midi-chords/06 - F Major - D minor/1 Triad/Minor/VI - Bb.mid,ldrolez/free-midi-chords,MIT,other,OK,"chord / progression, key folder in path"
chords/free-midi-chords/06 - F Major - D minor/1 Triad/Minor/VII - C.mid,ldrolez/free-midi-chords,MIT,other,OK,"chord / progression, key folder in path"
chords/free-midi-chords/06 - F Major - D minor/1 Triad/Minor/i - Dm.mid,ldrolez/free-midi-chords,MIT,other,OK,"chord / progression, key folder in path"
chords/free-midi-chords/06 - F Major - D minor/1 Triad/Minor/ii - Edim.mid,ldrolez/free-midi-chords,MIT,other,OK,"chord / progression, key folder in path"
chords/free-midi-chords/06 - F Major - D minor/1 Triad/Minor/iv - Gm.mid,ldrolez/free-midi-chords,MIT,other,OK,"chord / progression, key folder in path"
chords/free-midi-chords/06 - F Major - D minor/1 Triad/Minor/v - Am.mid,ldrolez/free-midi-chords,MIT,other,OK,"chord / progression, key folder in path"
chords/free-midi-chords/06 - F Major - D minor/2 7th and 9th/Major/I - FM7.mid,ldrolez/free-midi-chords,MIT,other,OK,"chord / progression, key folder in path"
chords/free-midi-chords/06 - F Major - D minor/2 7th and 9th/Major/I - FM9.mid,ldrolez/free-midi-chords,MIT,other,OK,"chord / progression, key folder in path"
chords/free-midi-chords/06 - F Major - D minor/2 7th and 9th/Major/IV - BbM7.mid,ldrolez/free-midi-chords,MIT,other,OK,"chord / progression, key folder in path"
chords/free-midi-chords/06 - F Major - D minor/2 7th and 9th/Major/IV - BbM9.mid,ldrolez/free-midi-chords,MIT,other,OK,"chord / progression, key folder in path"
chords/free-midi-chords/06 - F Major - D minor/2 7th and 9th/Major/V - C7.mid,ldrolez/free-midi-chords,MIT,other,OK,"chord / progression, key folder in path"
chords/free-midi-chords/06 - F Major - D minor/2 7th and 9th/Major/V - C9.mid,ldrolez/free-midi-chords,MIT,other,OK,"chord / progression, key folder in path"
chords/free-midi-chords/06 - F Major - D minor/2 7th and 9th/Major/ii - Gm7.mid,ldrolez/free-midi-chords,MIT,other,OK,"chord / progression, key folder in path"
chords/free-midi-chords/06 - F Major - D minor/2 7th and 9th/Major/ii - Gm9.mid,ldrolez/free-midi-chords,MIT,other,OK,"chord / progression, key folder in path"
chords/free-midi-chords/06 - F Major - D minor/2 7th and 9th/Major/iii - Am7.mid,ldrolez/free-midi-chords,MIT,other,OK,"chord / progression, key folder in path"
chords/free-midi-chords/06 - F Major - D minor/2 7th and 9th/Major/iii - Am9.mid,ldrolez/free-midi-chords,MIT,other,OK,"chord / progression, key folder in path"
chords/free-midi-chords/06 - F Major - D minor/2 7th and 9th/Major/vi - Dm7.mid,ldrolez/free-midi-chords,MIT,other,OK,"chord / progression, key folder in path"
chords/free-midi-chords/06 - F Major - D minor/2 7th and 9th/Major/vi - Dm9.mid,ldrolez/free-midi-chords,MIT,other,OK,"chord / progression, key folder in path"
chords/free-midi-chords/06 - F Major - D minor/2 7th and 9th/Major/vii - Em7-5.mid,ldrolez/free-midi-chords,MIT,other,OK,"chord / progression, key folder in path"
chords/free-midi-chords/06 - F Major - D minor/2 7th and 9th/Major/vii - Em7b9b5.mid,ldrolez/free-midi-chords,MIT,other,OK,"chord / progression, key folder in path"
chords/free-midi-chords/06 - F Major - D minor/2 7th and 9th/Minor/III - FM7.mid,ldrolez/free-midi-chords,MIT,other,OK,"chord / progression, key folder in path"
chords/free-midi-chords/06 - F Major - D minor/2 7th and 9th/Minor/III - FM9.mid,ldrolez/free-midi-chords,MIT,other,OK,"chord / progression, key folder in path"
chords/free-midi-chords/06 - F Major - D minor/2 7th and 9th/Minor/VI - BbM7.mid,ldrolez/free-midi-chords,MIT,other,OK,"chord / progression, key folder in path"
chords/free-midi-chords/06 - F Major - D minor/2 7th and 9th/Minor/VI - BbM9.mid,ldrolez/free-midi-chords,MIT,other,OK,"chord / progression, key folder in path"
chords/free-midi-chords/06 - F Major - D minor/2 7th and 9th/Minor/VII - C7.mid,ldrolez/free-midi-chords,MIT,other,OK,"chord / progression, key folder in path"
chords/free-midi-chords/06 - F Major - D minor/2 7th and 9th/Minor/VII - C9.mid,ldrolez/free-midi-chords,MIT,other,OK,"chord / progression, key folder in path"
chords/free-midi-chords/06 - F Major - D minor/2 7th and 9th/Minor/i - Dm7.mid,ldrolez/free-midi-chords,MIT,other,OK,"chord / progression, key folder in path"
chords/free-midi-chords/06 - F Major - D minor/2 7th and 9th/Minor/i - Dm9.mid,ldrolez/free-midi-chords,MIT,other,OK,"chord / progression, key folder in path"
chords/free-midi-chords/06 - F Major - D minor/2 7th and 9th/Minor/ii - Em7-5.mid,ldrolez/free-midi-chords,MIT,other,OK,"chord / progression, key folder in path"
chords/free-midi-chords/06 - F Major - D minor/2 7th and 9th/Minor/ii - Em7b9b5.mid,ldrolez/free-midi-chords,MIT,other,OK,"chord / progression, key folder in path"
chords/free-midi-chords/06 - F Major - D minor/2 7th and 9th/Minor/iv - Gm7.mid,ldrolez/free-midi-chords,MIT,other,OK,"chord / progression, key folder in path"
chords/free-midi-chords/06 - F Major - D minor/2 7th and 9th/Minor/iv - Gm9.mid,ldrolez/free-midi-chords,MIT,other,OK,"chord / progression, key folder in path"
chords/free-midi-chords/06 - F Major - D minor/2 7th and 9th/Minor/v - Am7.mid,ldrolez/free-midi-chords,MIT,other,OK,"chord / progression, key folder in path"
chords/free-midi-chords/06 - F Major - D minor/2 7th and 9th/Minor/v - Am9.mid,ldrolez/free-midi-chords,MIT,other,OK,"chord / progression, key folder in path"
chords/free-midi-chords/06 - F Major - D minor/4 Progression/Major/F - I I IM-5 IM-5 IV IV V Vsus2 - Joyful Triumphant.mid,ldrolez/free-midi-chords,MIT,other,OK,"chord / progression, key folder in path"
chords/free-midi-chords/06 - F Major - D minor/4 Progression/Major/F - I I IV iii - Hopeful Nostalgic.mid,ldrolez/free-midi-chords,MIT,other,OK,"chord / progression, key folder in path"
chords/free-midi-chords/06 - F Major - D minor/4 Progression/Major/F - I I7 Idom7 I7 - Relaxed Playful.mid,ldrolez/free-midi-chords,MIT,other,OK,"chord / progression, key folder in path"
chords/free-midi-chords/06 - F Major - D minor/4 Progression/Major/F - I I7 Idom7 IV - Relaxed Nostalgic.mid,ldrolez/free-midi-chords,MIT,other,OK,"chord / progression, key folder in path"
chords/free-midi-chords/06 - F Major - D minor/4 Progression/Major/F - I IV Isus2 IV - Peaceful Hopeful.mid,ldrolez/free-midi-chords,MIT,other,OK,"chord / progression, key folder in path"
chords/free-midi-chords/06 - F Major - D minor/4 Progression/Major/F - I IV V - Joyful Excited.mid,ldrolez/free-midi-chords,MIT,other,OK,"chord / progression, key folder in path"
chords/free-midi-chords/06 - F Major - D minor/4 Progression/Major/F - I IV V IV - Joyful Triumphant.mid,ldrolez/free-midi-chords,MIT,other,OK,"chord / progression, key folder in path"
chords/free-midi-chords/06 - F Major - D minor/4 Progression/Major/F - I IV ii V - Joyful Triumphant.mid,ldrolez/free-midi-chords,MIT,other,OK,"chord / progression, key folder in path"
chords/free-midi-chords/06 - F Major - D minor/4 Progression/Major/F - I IV vi V - Joyful Hopeful.mid,ldrolez/free-midi-chords,MIT,other,OK,"chord / progression, key folder in path"
chords/free-midi-chords/06 - F Major - D minor/4 Progression/Major/F - I IV vii iii vi ii V I - Romantic Triumphant.mid,ldrolez/free-midi-chords,MIT,other,OK,"chord / progression, key folder in path"
chords/free-midi-chords/06 - F Major - D minor/4 Progression/Major/F - I V I IV - Joyful Playful.mid,ldrolez/free-midi-chords,MIT,other,OK,"chord / progression, key folder in path"
chords/free-midi-chords/06 - F Major - D minor/4 Progression/Major/F - I V IV vi - Romantic Hopeful.mid,ldrolez/free-midi-chords,MIT,other,OK,"chord / progression, key folder in path"
chords/free-midi-chords/06 - F Major - D minor/4 Progression/Major/F - I V vi IV - Hopeful Romantic.mid,ldrolez/free-midi-chords,MIT,other,OK,"chord / progression, key folder in path"
chords/free-midi-chords/06 - F Major - D minor/4 Progression/Major/F - I V vi V - Hopeful Romantic.mid,ldrolez/free-midi-chords,MIT,other,OK,"chord / progression, key folder in path"
chords/free-midi-chords/06 - F Major - D minor/4 Progression/Major/F - I V vi ii - Hopeful Romantic.mid,ldrolez/free-midi-chords,MIT,other,OK,"chord / progression, key folder in path"
chords/free-midi-chords/06 - F Major - D minor/4 Progression/Major/F - I V vi iii IV - Hopeful Joyful.mid,ldrolez/free-midi-chords,MIT,other,OK,"chord / progression, key folder in path"
chords/free-midi-chords/06 - F Major - D minor/4 Progression/Major/F - I V vi iii IV I IV V - Hopeful Joyful.mid,ldrolez/free-midi-chords,MIT,other,OK,"chord / progression, key folder in path"
chords/free-midi-chords/06 - F Major - D minor/4 Progression/Major/F - I iii IV vi - Romantic Nostalgic.mid,ldrolez/free-midi-chords,MIT,other,OK,"chord / progression, key folder in path"
chords/free-midi-chords/06 - F Major - D minor/4 Progression/Major/F - I iii vi IV - Romantic Hopeful.mid,ldrolez/free-midi-chords,MIT,other,OK,"chord / progression, key folder in path"
chords/free-midi-chords/06 - F Major - D minor/4 Progression/Major/F - I iii vi Isus4 - Tender Spiritual.mid,ldrolez/free-midi-chords,MIT,other,OK,"chord / progression, key folder in path"
chords/free-midi-chords/06 - F Major - D minor/4 Progression/Major/F - I vi I IV - Tender Nostalgic.mid,ldrolez/free-midi-chords,MIT,other,OK,"chord / progression, key folder in path"
chords/free-midi-chords/06 - F Major - D minor/4 Progression/Major/F - I vi IV V - Romantic Hopeful.mid,ldrolez/free-midi-chords,MIT,other,OK,"chord / progression, key folder in path"
chords/free-midi-chords/06 - F Major - D minor/4 Progression/Major/F - I vi IV iii - Nostalgic Romantic.mid,ldrolez/free-midi-chords,MIT,other,OK,"chord / progression, key folder in path"
chords/free-midi-chords/06 - F Major - D minor/4 Progression/Major/F - I vi ii IV - Tender Nostalgic.mid,ldrolez/free-midi-chords,MIT,other,OK,"chord / progression, key folder in path"
chords/free-midi-chords/06 - F Major - D minor/4 Progression/Major/F - I vi ii V - Nostalgic Romantic.mid,ldrolez/free-midi-chords,MIT,other,OK,"chord / progression, key folder in path"
chords/free-midi-chords/06 - F Major - D minor/4 Progression/Major/F - I7 V7 viadd9 IV7 - Playful Joyful.mid,ldrolez/free-midi-chords,MIT,other,OK,"chord / progression, key folder in path"
chords/free-midi-chords/06 - F Major - D minor/4 Progression/Major/F - IV I IV6 Iadd9 - Relaxed Joyful.mid,ldrolez/free-midi-chords,MIT,other,OK,"chord / progression, key folder in path"
chords/free-midi-chords/06 - F Major - D minor/4 Progression/Major/F - IV I V vi - Joyful Romantic.mid,ldrolez/free-midi-chords,MIT,other,OK,"chord / progression, key folder in path"
chords/free-midi-chords/06 - F Major - D minor/4 Progression/Major/F - IV I ii vi - Nostalgic Peaceful.mid,ldrolez/free-midi-chords,MIT,other,OK,"chord / progression, key folder in path"
chords/free-midi-chords/06 - F Major - D minor/4 Progression/Major/F - IV I iii IV - Playful Joyful.mid,ldrolez/free-midi-chords,MIT,other,OK,"chord / progression, key folder in path"
chords/free-midi-chords/06 - F Major - D minor/4 Progression/Major/F - IV IV I V - Joyful Hopeful.mid,ldrolez/free-midi-chords,MIT,other,OK,"chord / progression, key folder in path"
chords/free-midi-chords/06 - F Major - D minor/4 Progression/Major/F - IV vi I V - Hopeful Romantic.mid,ldrolez/free-midi-chords,MIT,other,OK,"chord / progression, key folder in path"
chords/free-midi-chords/06 - F Major - D minor/4 Progression/Major/F - IV vi IV vi - Nostalgic.mid,ldrolez/free-midi-chords,MIT,other,OK,"chord / progression, key folder in path"
chords/free-midi-chords/06 - F Major - D minor/4 Progression/Major/F - IV vi iii I - Nostalgic Playful.mid,ldrolez/free-midi-chords,MIT,other,OK,"chord / progression, key folder in path"
chords/free-midi-chords/06 - F Major - D minor/4 Progression/Major/F - Isus2 I vi7 visus4 - Playful Romantic.mid,ldrolez/free-midi-chords,MIT,other,OK,"chord / progression, key folder in path"
chords/free-midi-chords/06 - F Major - D minor/4 Progression/Major/F - V I vi V - Hopeful Romantic.mid,ldrolez/free-midi-chords,MIT,other,OK,"chord / progression, key folder in path"
chords/free-midi-chords/06 - F Major - D minor/4 Progression/Major/F - V IV vi I - Hopeful Triumphant.mid,ldrolez/free-midi-chords,MIT,other,OK,"chord / progression, key folder in path"
chords/free-midi-chords/06 - F Major - D minor/4 Progression/Major/F - V vi IV I - Hopeful Romantic.mid,ldrolez/free-midi-chords,MIT,other,OK,"chord / progression, key folder in path"
chords/free-midi-chords/06 - F Major - D minor/4 Progression/Major/F - ii IV V - Hopeful.mid,ldrolez/free-midi-chords,MIT,other,OK,"chord / progression, key folder in path"
chords/free-midi-chords/06 - F Major - D minor/4 Progression/Major/F - ii IV vi V - Romantic.mid,ldrolez/free-midi-chords,MIT,other,OK,"chord / progression, key folder in path"
chords/free-midi-chords/06 - F Major - D minor/4 Progression/Major/F - ii V I - Triumphant.mid,ldrolez/free-midi-chords,MIT,other,OK,"chord / progression, key folder in path"
chords/free-midi-chords/06 - F Major - D minor/4 Progression/Major/F - ii V I IV - Hopeful Triumphant.mid,ldrolez/free-midi-chords,MIT,other,OK,"chord / progression, key folder in path"
chords/free-midi-chords/06 - F Major - D minor/4 Progression/Major/F - ii7 Vadd9 I7 - Triumphant.mid,ldrolez/free-midi-chords,MIT,other,OK,"chord / progression, key folder in path"
chords/free-midi-chords/06 - F Major - D minor/4 Progression/Major/F - iii vi IV I - Romantic Nostalgic.mid,ldrolez/free-midi-chords,MIT,other,OK,"chord / progression, key folder in path"
chords/free-midi-chords/06 - F Major - D minor/4 Progression/Major/F - iim7 V7 iiim7 vi7 iim7 V7 - Romantic Nostalgic.mid,ldrolez/free-midi-chords,MIT,other,OK,"chord / progression, key folder in path"
chords/free-midi-chords/06 - F Major - D minor/4 Progression/Major/F - vi IV I V - Hopeful Romantic.mid,ldrolez/free-midi-chords,MIT,other,OK,"chord / progression, key folder in path"
chords/free-midi-chords/06 - F Major - D minor/4 Progression/Major/F - vi IV iii V - New Hopeful Romantic.mid,ldrolez/free-midi-chords,MIT,other,OK,"chord / progression, key folder in path"
chords/free-midi-chords/06 - F Major - D minor/4 Progression/Major/F - vi V IV V - Romantic Hopeful.mid,ldrolez/free-midi-chords,MIT,other,OK,"chord / progression, key folder in path"
chords/free-midi-chords/06 - F Major - D minor/4 Progression/Major/F - vi V IV V ii V I I - Triumphant Hopeful.mid,ldrolez/free-midi-chords,MIT,other,OK,"chord / progression, key folder in path"
chords/free-midi-chords/06 - F Major - D minor/4 Progression/Major/F - vi ii V I - Hopeful Romantic.mid,ldrolez/free-midi-chords,MIT,other,OK,"chord / progression, key folder in path"
chords/free-midi-chords/06 - F Major - D minor/4 Progression/Major/hiphop2 style/F - I I IM-5 IM-5 IV IV V Vsus2 - Joyful Triumphant.mid,ldrolez/free-midi-chords,MIT,other,OK,"chord / progression, key folder in path"
chords/free-midi-chords/06 - F Major - D minor/4 Progression/Major/hiphop2 style/F - I I IV iii - Hopeful Nostalgic.mid,ldrolez/free-midi-chords,MIT,other,OK,"chord / progression, key folder in path"
chords/free-midi-chords/06 - F Major - D minor/4 Progression/Major/hiphop2 style/F - I I7 Idom7 I7 - Relaxed Playful.mid,ldrolez/free-midi-chords,MIT,other,OK,"chord / progression, key folder in path"
chords/free-midi-chords/06 - F Major - D minor/4 Progression/Major/hiphop2 style/F - I I7 Idom7 IV - Relaxed Nostalgic.mid,ldrolez/free-midi-chords,MIT,other,OK,"chord / progression, key folder in path"
chords/free-midi-chords/06 - F Major - D minor/4 Progression/Major/hiphop2 style/F - I IV Isus2 IV - Peaceful Hopeful.mid,ldrolez/free-midi-chords,MIT,other,OK,"chord / progression, key folder in path"
chords/free-midi-chords/06 - F Major - D minor/4 Progression/Major/hiphop2 style/F - I IV V - Joyful Excited.mid,ldrolez/free-midi-chords,MIT,other,OK,"chord / progression, key folder in path"
chords/free-midi-chords/06 - F Major - D minor/4 Progression/Major/hiphop2 style/F - I IV V IV - Joyful Triumphant.mid,ldrolez/free-midi-chords,MIT,other,OK,"chord / progression, key folder in path"
chords/free-midi-chords/06 - F Major - D minor/4 Progression/Major/hiphop2 style/F - I IV ii V - Joyful Triumphant.mid,ldrolez/free-midi-chords,MIT,other,OK,"chord / progression, key folder in path"
chords/free-midi-chords/06 - F Major - D minor/4 Progression/Major/hiphop2 style/F - I IV vi V - Joyful Hopeful.mid,ldrolez/free-midi-chords,MIT,other,OK,"chord / progression, key folder in path"
chords/free-midi-chords/06 - F Major - D minor/4 Progression/Major/hiphop2 style/F - I IV vii iii vi ii V I - Romantic Triumphant.mid,ldrolez/free-midi-chords,MIT,other,OK,"chord / progression, key folder in path"
chords/free-midi-chords/06 - F Major - D minor/4 Progression/Major/hiphop2 style/F - I V I IV - Joyful Playful.mid,ldrolez/free-midi-chords,MIT,other,OK,"chord / progression, key folder in path"
chords/free-midi-chords/06 - F Major - D minor/4 Progression/Major/hiphop2 style/F - I V IV vi - Romantic Hopeful.mid,ldrolez/free-midi-chords,MIT,other,OK,"chord / progression, key folder in path"
chords/free-midi-chords/06 - F Major - D minor/4 Progression/Major/hiphop2 style/F - I V vi IV - Hopeful Romantic.mid,ldrolez/free-midi-chords,MIT,other,OK,"chord / progression, key folder in path"
chords/free-midi-chords/06 - F Major - D minor/4 Progression/Major/hiphop2 style/F - I V vi V - Hopeful Romantic.mid,ldrolez/free-midi-chords,MIT,other,OK,"chord / progression, key folder in path"
chords/free-midi-chords/06 - F Major - D minor/4 Progression/Major/hiphop2 style/F - I V vi ii - Hopeful Romantic.mid,ldrolez/free-midi-chords,MIT,other,OK,"chord / progression, key folder in path"
chords/free-midi-chords/06 - F Major - D minor/4 Progression/Major/hiphop2 style/F - I V vi iii IV - Hopeful Joyful.mid,ldrolez/free-midi-chords,MIT,other,OK,"chord / progression, key folder in path"
chords/free-midi-chords/06 - F Major - D minor/4 Progression/Major/hiphop2 style/F - I V vi iii IV I IV V - Hopeful Joyful.mid,ldrolez/free-midi-chords,MIT,other,OK,"chord / progression, key folder in path"
chords/free-midi-chords/06 - F Major - D minor/4 Progression/Major/hiphop2 style/F - I iii IV vi - Romantic Nostalgic.mid,ldrolez/free-midi-chords,MIT,other,OK,"chord / progression, key folder in path"
chords/free-midi-chords/06 - F Major - D minor/4 Progression/Major/hiphop2 style/F - I iii vi IV - Romantic Hopeful.mid,ldrolez/free-midi-chords,MIT,other,OK,"chord / progression, key folder in path"
chords/free-midi-chords/06 - F Major - D minor/4 Progression/Major/hiphop2 style/F - I iii vi Isus4 - Tender Spiritual.mid,ldrolez/free-midi-chords,MIT,other,OK,"chord / progression, key folder in path"
chords/free-midi-chords/06 - F Major - D minor/4 Progression/Major/hiphop2 style/F - I vi I IV - Tender Nostalgic.mid,ldrolez/free-midi-chords,MIT,other,OK,"chord / progression, key folder in path"
chords/free-midi-chords/06 - F Major - D minor/4 Progression/Major/hiphop2 style/F - I vi IV V - Romantic Hopeful.mid,ldrolez/free-midi-chords,MIT,other,OK,"chord / progression, key folder in path"
chords/free-midi-chords/06 - F Major - D minor/4 Progression/Major/hiphop2 style/F - I vi IV iii - Nostalgic Romantic.mid,ldrolez/free-midi-chords,MIT,other,OK,"chord / progression, key folder in path"
chords/free-midi-chords/06 - F Major - D minor/4 Progression/Major/hiphop2 style/F - I vi ii IV - Tender Nostalgic.mid,ldrolez/free-midi-chords,MIT,other,OK,"chord / progression, key folder in path"
chords/free-midi-chords/06 - F Major - D minor/4 Progression/Major/hiphop2 style/F - I vi ii V - Nostalgic Romantic.mid,ldrolez/free-midi-chords,MIT,other,OK,"chord / progression, key folder in path"
chords/free-midi-chords/06 - F Major - D minor/4 Progression/Major/hiphop2 style/F - I7 V7 viadd9 IV7 - Playful Joyful.mid,ldrolez/free-midi-chords,MIT,other,OK,"chord / progression, key folder in path"
chords/free-midi-chords/06 - F Major - D minor/4 Progression/Major/hiphop2 style/F - IV I IV6 Iadd9 - Relaxed Joyful.mid,ldrolez/free-midi-chords,MIT,other,OK,"chord / progression, key folder in path"
chords/free-midi-chords/06 - F Major - D minor/4 Progression/Major/hiphop2 style/F - IV I V vi - Joyful Romantic.mid,ldrolez/free-midi-chords,MIT,other,OK,"chord / progression, key folder in path"
chords/free-midi-chords/06 - F Major - D minor/4 Progression/Major/hiphop2 style/F - IV I ii vi - Nostalgic Peaceful.mid,ldrolez/free-midi-chords,MIT,other,OK,"chord / progression, key folder in path"
chords/free-midi-chords/06 - F Major - D minor/4 Progression/Major/hiphop2 style/F - IV I iii IV - Playful Joyful.mid,ldrolez/free-midi-chords,MIT,other,OK,"chord / progression, key folder in path"
chords/free-midi-chords/06 - F Major - D minor/4 Progression/Major/hiphop2 style/F - IV IV I V - Joyful Hopeful.mid,ldrolez/free-midi-chords,MIT,other,OK,"chord / progression, key folder in path"
chords/free-midi-chords/06 - F Major - D minor/4 Progression/Major/hiphop2 style/F - IV vi I V - Hopeful Romantic.mid,ldrolez/free-midi-chords,MIT,other,OK,"chord / progression, key folder in path"
chords/free-midi-chords/06 - F Major - D minor/4 Progression/Major/hiphop2 style/F - IV vi IV vi - Nostalgic.mid,ldrolez/free-midi-chords,MIT,other,OK,"chord / progression, key folder in path"
chords/free-midi-chords/06 - F Major - D minor/4 Progression/Major/hiphop2 style/F - IV vi iii I - Nostalgic Playful.mid,ldrolez/free-midi-chords,MIT,other,OK,"chord / progression, key folder in path"
chords/free-midi-chords/06 - F Major - D minor/4 Progression/Major/hiphop2 style/F - Isus2 I vi7 visus4 - Playful Romantic.mid,ldrolez/free-midi-chords,MIT,other,OK,"chord / progression, key folder in path"
chords/free-midi-chords/06 - F Major - D minor/4 Progression/Major/hiphop2 style/F - V I vi V - Hopeful Romantic.mid,ldrolez/free-midi-chords,MIT,other,OK,"chord / progression, key folder in path"
chords/free-midi-chords/06 - F Major - D minor/4 Progression/Major/hiphop2 style/F - V IV vi I - Hopeful Triumphant.mid,ldrolez/free-midi-chords,MIT,other,OK,"chord / progression, key folder in path"
chords/free-midi-chords/06 - F Major - D minor/4 Progression/Major/hiphop2 style/F - V vi IV I - Hopeful Romantic.mid,ldrolez/free-midi-chords,MIT,other,OK,"chord / progression, key folder in path"
chords/free-midi-chords/06 - F Major - D minor/4 Progression/Major/hiphop2 style/F - ii IV V - Hopeful.mid,ldrolez/free-midi-chords,MIT,other,OK,"chord / progression, key folder in path"
chords/free-midi-chords/06 - F Major - D minor/4 Progression/Major/hiphop2 style/F - ii IV vi V - Romantic.mid,ldrolez/free-midi-chords,MIT,other,OK,"chord / progression, key folder in path"
chords/free-midi-chords/06 - F Major - D minor/4 Progression/Major/hiphop2 style/F - ii V I - Triumphant.mid,ldrolez/free-midi-chords,MIT,other,OK,"chord / progression, key folder in path"
chords/free-midi-chords/06 - F Major - D minor/4 Progression/Major/hiphop2 style/F - ii V I IV - Hopeful Triumphant.mid,ldrolez/free-midi-chords,MIT,other,OK,"chord / progression, key folder in path"
chords/free-midi-chords/06 - F Major - D minor/4 Progression/Major/hiphop2 style/F - ii7 Vadd9 I7 - Triumphant.mid,ldrolez/free-midi-chords,MIT,other,OK,"chord / progression, key folder in path"
chords/free-midi-chords/06 - F Major - D minor/4 Progression/Major/hiphop2 style/F - iii vi IV I - Romantic Nostalgic.mid,ldrolez/free-midi-chords,MIT,other,OK,"chord / progression, key folder in path"
chords/free-midi-chords/06 - F Major - D minor/4 Progression/Major/hiphop2 style/F - iim7 V7 iiim7 vi7 iim7 V7 - Romantic Nostalgic.mid,ldrolez/free-midi-chords,MIT,other,OK,"chord / progression, key folder in path"
chords/free-midi-chords/06 - F Major - D minor/4 Progression/Major/hiphop2 style/F - vi IV I V - Hopeful Romantic.mid,ldrolez/free-midi-chords,MIT,other,OK,"chord / progression, key folder in path"
chords/free-midi-chords/06 - F Major - D minor/4 Progression/Major/hiphop2 style/F - vi IV iii V - New Hopeful Romantic.mid,ldrolez/free-midi-chords,MIT,other,OK,"chord / progression, key folder in path"
chords/free-midi-chords/06 - F Major - D minor/4 Progression/Major/hiphop2 style/F - vi V IV V - Romantic Hopeful.mid,ldrolez/free-midi-chords,MIT,other,OK,"chord / progression, key folder in path"
chords/free-midi-chords/06 - F Major - D minor/4 Progression/Major/hiphop2 style/F - vi V IV V ii V I I - Triumphant Hopeful.mid,ldrolez/free-midi-chords,MIT,other,OK,"chord / progression, key folder in path"
chords/free-midi-chords/06 - F Major - D minor/4 Progression/Major/hiphop2 style/F - vi ii V I - Hopeful Romantic.mid,ldrolez/free-midi-chords,MIT,other,OK,"chord / progression, key folder in path"
chords/free-midi-chords/06 - F Major - D minor/4 Progression/Major/pop style/F - I I IM-5 IM-5 IV IV V Vsus2 - Joyful Triumphant.mid,ldrolez/free-midi-chords,MIT,other,OK,"chord / progression, key folder in path"
chords/free-midi-chords/06 - F Major - D minor/4 Progression/Major/pop style/F - I I IV iii - Hopeful Nostalgic.mid,ldrolez/free-midi-chords,MIT,other,OK,"chord / progression, key folder in path"
chords/free-midi-chords/06 - F Major - D minor/4 Progression/Major/pop style/F - I I7 Idom7 I7 - Relaxed Playful.mid,ldrolez/free-midi-chords,MIT,other,OK,"chord / progression, key folder in path"
chords/free-midi-chords/06 - F Major - D minor/4 Progression/Major/pop style/F - I I7 Idom7 IV - Relaxed Nostalgic.mid,ldrolez/free-midi-chords,MIT,other,OK,"chord / progression, key folder in path"
chords/free-midi-chords/06 - F Major - D minor/4 Progression/Major/pop style/F - I IV Isus2 IV - Peaceful Hopeful.mid,ldrolez/free-midi-chords,MIT,other,OK,"chord / progression, key folder in path"
chords/free-midi-chords/06 - F Major - D minor/4 Progression/Major/pop style/F - I IV V - Joyful Excited.mid,ldrolez/free-midi-chords,MIT,other,OK,"chord / progression, key folder in path"
chords/free-midi-chords/06 - F Major - D minor/4 Progression/Major/pop style/F - I IV V IV - Joyful Triumphant.mid,ldrolez/free-midi-chords,MIT,other,OK,"chord / progression, key folder in path"
chords/free-midi-chords/06 - F Major - D minor/4 Progression/Major/pop style/F - I IV ii V - Joyful Triumphant.mid,ldrolez/free-midi-chords,MIT,other,OK,"chord / progression, key folder in path"
chords/free-midi-chords/06 - F Major - D minor/4 Progression/Major/pop style/F - I IV vi V - Joyful Hopeful.mid,ldrolez/free-midi-chords,MIT,other,OK,"chord / progression, key folder in path"
chords/free-midi-chords/06 - F Major - D minor/4 Progression/Major/pop style/F - I IV vii iii vi ii V I - Romantic Triumphant.mid,ldrolez/free-midi-chords,MIT,other,OK,"chord / progression, key folder in path"
chords/free-midi-chords/06 - F Major - D minor/4 Progression/Major/pop style/F - I V I IV - Joyful Playful.mid,ldrolez/free-midi-chords,MIT,other,OK,"chord / progression, key folder in path"
chords/free-midi-chords/06 - F Major - D minor/4 Progression/Major/pop style/F - I V IV vi - Romantic Hopeful.mid,ldrolez/free-midi-chords,MIT,other,OK,"chord / progression, key folder in path"
chords/free-midi-chords/06 - F Major - D minor/4 Progression/Major/pop style/F - I V vi IV - Hopeful Romantic.mid,ldrolez/free-midi-chords,MIT,other,OK,"chord / progression, key folder in path"
chords/free-midi-chords/06 - F Major - D minor/4 Progression/Major/pop style/F - I V vi V - Hopeful Romantic.mid,ldrolez/free-midi-chords,MIT,other,OK,"chord / progression, key folder in path"
chords/free-midi-chords/06 - F Major - D minor/4 Progression/Major/pop style/F - I V vi ii - Hopeful Romantic.mid,ldrolez/free-midi-chords,MIT,other,OK,"chord / progression, key folder in path"
chords/free-midi-chords/06 - F Major - D minor/4 Progression/Major/pop style/F - I V vi iii IV - Hopeful Joyful.mid,ldrolez/free-midi-chords,MIT,other,OK,"chord / progression, key folder in path"
chords/free-midi-chords/06 - F Major - D minor/4 Progression/Major/pop style/F - I V vi iii IV I IV V - Hopeful Joyful.mid,ldrolez/free-midi-chords,MIT,other,OK,"chord / progression, key folder in path"
chords/free-midi-chords/06 - F Major - D minor/4 Progression/Major/pop style/F - I iii IV vi - Romantic Nostalgic.mid,ldrolez/free-midi-chords,MIT,other,OK,"chord / progression, key folder in path"
chords/free-midi-chords/06 - F Major - D minor/4 Progression/Major/pop style/F - I iii vi IV - Romantic Hopeful.mid,ldrolez/free-midi-chords,MIT,other,OK,"chord / progression, key folder in path"
chords/free-midi-chords/06 - F Major - D minor/4 Progression/Major/pop style/F - I iii vi Isus4 - Tender Spiritual.mid,ldrolez/free-midi-chords,MIT,other,OK,"chord / progression, key folder in path"
chords/free-midi-chords/06 - F Major - D minor/4 Progression/Major/pop style/F - I vi I IV - Tender Nostalgic.mid,ldrolez/free-midi-chords,MIT,other,OK,"chord / progression, key folder in path"
chords/free-midi-chords/06 - F Major - D minor/4 Progression/Major/pop style/F - I vi IV V - Romantic Hopeful.mid,ldrolez/free-midi-chords,MIT,other,OK,"chord / progression, key folder in path"
chords/free-midi-chords/06 - F Major - D minor/4 Progression/Major/pop style/F - I vi IV iii - Nostalgic Romantic.mid,ldrolez/free-midi-chords,MIT,other,OK,"chord / progression, key folder in path"
chords/free-midi-chords/06 - F Major - D minor/4 Progression/Major/pop style/F - I vi ii IV - Tender Nostalgic.mid,ldrolez/free-midi-chords,MIT,other,OK,"chord / progression, key folder in path"
chords/free-midi-chords/06 - F Major - D minor/4 Progression/Major/pop style/F - I vi ii V - Nostalgic Romantic.mid,ldrolez/free-midi-chords,MIT,other,OK,"chord / progression, key folder in path"
chords/free-midi-chords/06 - F Major - D minor/4 Progression/Major/pop style/F - I7 V7 viadd9 IV7 - Playful Joyful.mid,ldrolez/free-midi-chords,MIT,other,OK,"chord / progression, key folder in path"
chords/free-midi-chords/06 - F Major - D minor/4 Progression/Major/pop style/F - IV I IV6 Iadd9 - Relaxed Joyful.mid,ldrolez/free-midi-chords,MIT,other,OK,"chord / progression, key folder in path"
chords/free-midi-chords/06 - F Major - D minor/4 Progression/Major/pop style/F - IV I V vi - Joyful Romantic.mid,ldrolez/free-midi-chords,MIT,other,OK,"chord / progression, key folder in path"
chords/free-midi-chords/06 - F Major - D minor/4 Progression/Major/pop style/F - IV I ii vi - Nostalgic Peaceful.mid,ldrolez/free-midi-chords,MIT,other,OK,"chord / progression, key folder in path"
chords/free-midi-chords/06 - F Major - D minor/4 Progression/Major/pop style/F - IV I iii IV - Playful Joyful.mid,ldrolez/free-midi-chords,MIT,other,OK,"chord / progression, key folder in path"
chords/free-midi-chords/06 - F Major - D minor/4 Progression/Major/pop style/F - IV IV I V - Joyful Hopeful.mid,ldrolez/free-midi-chords,MIT,other,OK,"chord / progression, key folder in path"
chords/free-midi-chords/06 - F Major - D minor/4 Progression/Major/pop style/F - IV vi I V - Hopeful Romantic.mid,ldrolez/free-midi-chords,MIT,other,OK,"chord / progression, key folder in path"
chords/free-midi-chords/06 - F Major - D minor/4 Progression/Major/pop style/F - IV vi IV vi - Nostalgic.mid,ldrolez/free-midi-chords,MIT,other,OK,"chord / progression, key folder in path"
chords/free-midi-chords/06 - F Major - D minor/4 Progression/Major/pop style/F - IV vi iii I - Nostalgic Playful.mid,ldrolez/free-midi-chords,MIT,other,OK,"chord / progression, key folder in path"
chords/free-midi-chords/06 - F Major - D minor/4 Progression/Major/pop style/F - Isus2 I vi7 visus4 - Playful Romantic.mid,ldrolez/free-midi-chords,MIT,other,OK,"chord / progression, key folder in path"
chords/free-midi-chords/06 - F Major - D minor/4 Progression/Major/pop style/F - V I vi V - Hopeful Romantic.mid,ldrolez/free-midi-chords,MIT,other,OK,"chord / progression, key folder in path"
chords/free-midi-chords/06 - F Major - D minor/4 Progression/Major/pop style/F - V IV vi I - Hopeful Triumphant.mid,ldrolez/free-midi-chords,MIT,other,OK,"chord / progression, key folder in path"
chords/free-midi-chords/06 - F Major - D minor/4 Progression/Major/pop style/F - V vi IV I - Hopeful Romantic.mid,ldrolez/free-midi-chords,MIT,other,OK,"chord / progression, key folder in path"
chords/free-midi-chords/06 - F Major - D minor/4 Progression/Major/pop style/F - ii IV V - Hopeful.mid,ldrolez/free-midi-chords,MIT,other,OK,"chord / progression, key folder in path"
chords/free-midi-chords/06 - F Major - D minor/4 Progression/Major/pop style/F - ii IV vi V - Romantic.mid,ldrolez/free-midi-chords,MIT,other,OK,"chord / progression, key folder in path"
chords/free-midi-chords/06 - F Major - D minor/4 Progression/Major/pop style/F - ii V I - Triumphant.mid,ldrolez/free-midi-chords,MIT,other,OK,"chord / progression, key folder in path"
chords/free-midi-chords/06 - F Major - D minor/4 Progression/Major/pop style/F - ii V I IV - Hopeful Triumphant.mid,ldrolez/free-midi-chords,MIT,other,OK,"chord / progression, key folder in path"
chords/free-midi-chords/06 - F Major - D minor/4 Progression/Major/pop style/F - ii7 Vadd9 I7 - Triumphant.mid,ldrolez/free-midi-chords,MIT,other,OK,"chord / progression, key folder in path"
chords/free-midi-chords/06 - F Major - D minor/4 Progression/Major/pop style/F - iii vi IV I - Romantic Nostalgic.mid,ldrolez/free-midi-chords,MIT,other,OK,"chord / progression, key folder in path"
chords/free-midi-chords/06 - F Major - D minor/4 Progression/Major/pop style/F - iim7 V7 iiim7 vi7 iim7 V7 - Romantic Nostalgic.mid,ldrolez/free-midi-chords,MIT,other,OK,"chord / progression, key folder in path"
chords/free-midi-chords/06 - F Major - D minor/4 Progression/Major/pop style/F - vi IV I V - Hopeful Romantic.mid,ldrolez/free-midi-chords,MIT,other,OK,"chord / progression, key folder in path"
chords/free-midi-chords/06 - F Major - D minor/4 Progression/Major/pop style/F - vi IV iii V - New Hopeful Romantic.mid,ldrolez/free-midi-chords,MIT,other,OK,"chord / progression, key folder in path"
chords/free-midi-chords/06 - F Major - D minor/4 Progression/Major/pop style/F - vi V IV V - Romantic Hopeful.mid,ldrolez/free-midi-chords,MIT,other,OK,"chord / progression, key folder in path"
chords/free-midi-chords/06 - F Major - D minor/4 Progression/Major/pop style/F - vi V IV V ii V I I - Triumphant Hopeful.mid,ldrolez/free-midi-chords,MIT,other,OK,"chord / progression, key folder in path"
chords/free-midi-chords/06 - F Major - D minor/4 Progression/Major/pop style/F - vi ii V I - Hopeful Romantic.mid,ldrolez/free-midi-chords,MIT,other,OK,"chord / progression, key folder in path"
chords/free-midi-chords/06 - F Major - D minor/4 Progression/Major/pop2 style/F - I I IM-5 IM-5 IV IV V Vsus2 - Joyful Triumphant.mid,ldrolez/free-midi-chords,MIT,other,OK,"chord / progression, key folder in path"
chords/free-midi-chords/06 - F Major - D minor/4 Progression/Major/pop2 style/F - I I IV iii - Hopeful Nostalgic.mid,ldrolez/free-midi-chords,MIT,other,OK,"chord / progression, key folder in path"
chords/free-midi-chords/06 - F Major - D minor/4 Progression/Major/pop2 style/F - I I7 Idom7 I7 - Relaxed Playful.mid,ldrolez/free-midi-chords,MIT,other,OK,"chord / progression, key folder in path"
chords/free-midi-chords/06 - F Major - D minor/4 Progression/Major/pop2 style/F - I I7 Idom7 IV - Relaxed Nostalgic.mid,ldrolez/free-midi-chords,MIT,other,OK,"chord / progression, key folder in path"
chords/free-midi-chords/06 - F Major - D minor/4 Progression/Major/pop2 style/F - I IV Isus2 IV - Peaceful Hopeful.mid,ldrolez/free-midi-chords,MIT,other,OK,"chord / progression, key folder in path"
chords/free-midi-chords/06 - F Major - D minor/4 Progression/Major/pop2 style/F - I IV V - Joyful Excited.mid,ldrolez/free-midi-chords,MIT,other,OK,"chord / progression, key folder in path"
chords/free-midi-chords/06 - F Major - D minor/4 Progression/Major/pop2 style/F - I IV V IV - Joyful Triumphant.mid,ldrolez/free-midi-chords,MIT,other,OK,"chord / progression, key folder in path"
chords/free-midi-chords/06 - F Major - D minor/4 Progression/Major/pop2 style/F - I IV ii V - Joyful Triumphant.mid,ldrolez/free-midi-chords,MIT,other,OK,"chord / progression, key folder in path"
chords/free-midi-chords/06 - F Major - D minor/4 Progression/Major/pop2 style/F - I IV vi V - Joyful Hopeful.mid,ldrolez/free-midi-chords,MIT,other,OK,"chord / progression, key folder in path"
chords/free-midi-chords/06 - F Major - D minor/4 Progression/Major/pop2 style/F - I IV vii iii vi ii V I - Romantic Triumphant.mid,ldrolez/free-midi-chords,MIT,other,OK,"chord / progression, key folder in path"
chords/free-midi-chords/06 - F Major - D minor/4 Progression/Major/pop2 style/F - I V I IV - Joyful Playful.mid,ldrolez/free-midi-chords,MIT,other,OK,"chord / progression, key folder in path"
chords/free-midi-chords/06 - F Major - D minor/4 Progression/Major/pop2 style/F - I V IV vi - Romantic Hopeful.mid,ldrolez/free-midi-chords,MIT,other,OK,"chord / progression, key folder in path"
chords/free-midi-chords/06 - F Major - D minor/4 Progression/Major/pop2 style/F - I V vi IV - Hopeful Romantic.mid,ldrolez/free-midi-chords,MIT,other,OK,"chord / progression, key folder in path"
chords/free-midi-chords/06 - F Major - D minor/4 Progression/Major/pop2 style/F - I V vi V - Hopeful Romantic.mid,ldrolez/free-midi-chords,MIT,other,OK,"chord / progression, key folder in path"
chords/free-midi-chords/06 - F Major - D minor/4 Progression/Major/pop2 style/F - I V vi ii - Hopeful Romantic.mid,ldrolez/free-midi-chords,MIT,other,OK,"chord / progression, key folder in path"
chords/free-midi-chords/06 - F Major - D minor/4 Progression/Major/pop2 style/F - I V vi iii IV - Hopeful Joyful.mid,ldrolez/free-midi-chords,MIT,other,OK,"chord / progression, key folder in path"
chords/free-midi-chords/06 - F Major - D minor/4 Progression/Major/pop2 style/F - I V vi iii IV I IV V - Hopeful Joyful.mid,ldrolez/free-midi-chords,MIT,other,OK,"chord / progression, key folder in path"
chords/free-midi-chords/06 - F Major - D minor/4 Progression/Major/pop2 style/F - I iii IV vi - Romantic Nostalgic.mid,ldrolez/free-midi-chords,MIT,other,OK,"chord / progression, key folder in path"
chords/free-midi-chords/06 - F Major - D minor/4 Progression/Major/pop2 style/F - I iii vi IV - Romantic Hopeful.mid,ldrolez/free-midi-chords,MIT,other,OK,"chord / progression, key folder in path"
chords/free-midi-chords/06 - F Major - D minor/4 Progression/Major/pop2 style/F - I iii vi Isus4 - Tender Spiritual.mid,ldrolez/free-midi-chords,MIT,other,OK,"chord / progression, key folder in path"
chords/free-midi-chords/06 - F Major - D minor/4 Progression/Major/pop2 style/F - I vi I IV - Tender Nostalgic.mid,ldrolez/free-midi-chords,MIT,other,OK,"chord / progression, key folder in path"
chords/free-midi-chords/06 - F Major - D minor/4 Progression/Major/pop2 style/F - I vi IV V - Romantic Hopeful.mid,ldrolez/free-midi-chords,MIT,other,OK,"chord / progression, key folder in path"
chords/free-midi-chords/06 - F Major - D minor/4 Progression/Major/pop2 style/F - I vi IV iii - Nostalgic Romantic.mid,ldrolez/free-midi-chords,MIT,other,OK,"chord / progression, key folder in path"
chords/free-midi-chords/06 - F Major - D minor/4 Progression/Major/pop2 style/F - I vi ii IV - Tender Nostalgic.mid,ldrolez/free-midi-chords,MIT,other,OK,"chord / progression, key folder in path"
chords/free-midi-chords/06 - F Major - D minor/4 Progression/Major/pop2 style/F - I vi ii V - Nostalgic Romantic.mid,ldrolez/free-midi-chords,MIT,other,OK,"chord / progression, key folder in path"
chords/free-midi-chords/06 - F Major - D minor/4 Progression/Major/pop2 style/F - I7 V7 viadd9 IV7 - Playful Joyful.mid,ldrolez/free-midi-chords,MIT,other,OK,"chord / progression, key folder in path"
chords/free-midi-chords/06 - F Major - D minor/4 Progression/Major/pop2 style/F - IV I IV6 Iadd9 - Relaxed Joyful.mid,ldrolez/free-midi-chords,MIT,other,OK,"chord / progression, key folder in path"
chords/free-midi-chords/06 - F Major - D minor/4 Progression/Major/pop2 style/F - IV I V vi - Joyful Romantic.mid,ldrolez/free-midi-chords,MIT,other,OK,"chord / progression, key folder in path"
chords/free-midi-chords/06 - F Major - D minor/4 Progression/Major/pop2 style/F - IV I ii vi - Nostalgic Peaceful.mid,ldrolez/free-midi-chords,MIT,other,OK,"chord / progression, key folder in path"
chords/free-midi-chords/06 - F Major - D minor/4 Progression/Major/pop2 style/F - IV I iii IV - Playful Joyful.mid,ldrolez/free-midi-chords,MIT,other,OK,"chord / progression, key folder in path"
chords/free-midi-chords/06 - F Major - D minor/4 Progression/Major/pop2 style/F - IV IV I V - Joyful Hopeful.mid,ldrolez/free-midi-chords,MIT,other,OK,"chord / progression, key folder in path"
chords/free-midi-chords/06 - F Major - D minor/4 Progression/Major/pop2 style/F - IV vi I V - Hopeful Romantic.mid,ldrolez/free-midi-chords,MIT,other,OK,"chord / progression, key folder in path"
chords/free-midi-chords/06 - F Major - D minor/4 Progression/Major/pop2 style/F - IV vi IV vi - Nostalgic.mid,ldrolez/free-midi-chords,MIT,other,OK,"chord / progression, key folder in path"
chords/free-midi-chords/06 - F Major - D minor/4 Progression/Major/pop2 style/F - IV vi iii I - Nostalgic Playful.mid,ldrolez/free-midi-chords,MIT,other,OK,"chord / progression, key folder in path"
chords/free-midi-chords/06 - F Major - D minor/4 Progression/Major/pop2 style/F - Isus2 I vi7 visus4 - Playful Romantic.mid,ldrolez/free-midi-chords,MIT,other,OK,"chord / progression, key folder in path"
chords/free-midi-chords/06 - F Major - D minor/4 Progression/Major/pop2 style/F - V I vi V - Hopeful Romantic.mid,ldrolez/free-midi-chords,MIT,other,OK,"chord / progression, key folder in path"
chords/free-midi-chords/06 - F Major - D minor/4 Progression/Major/pop2 style/F - V IV vi I - Hopeful Triumphant.mid,ldrolez/free-midi-chords,MIT,other,OK,"chord / progression, key folder in path"
chords/free-midi-chords/06 - F Major - D minor/4 Progression/Major/pop2 style/F - V vi IV I - Hopeful Romantic.mid,ldrolez/free-midi-chords,MIT,other,OK,"chord / progression, key folder in path"
chords/free-midi-chords/06 - F Major - D minor/4 Progression/Major/pop2 style/F - ii IV V - Hopeful.mid,ldrolez/free-midi-chords,MIT,other,OK,"chord / progression, key folder in path"
chords/free-midi-chords/06 - F Major - D minor/4 Progression/Major/pop2 style/F - ii IV vi V - Romantic.mid,ldrolez/free-midi-chords,MIT,other,OK,"chord / progression, key folder in path"
chords/free-midi-chords/06 - F Major - D minor/4 Progression/Major/pop2 style/F - ii V I - Triumphant.mid,ldrolez/free-midi-chords,MIT,other,OK,"chord / progression, key folder in path"
chords/free-midi-chords/06 - F Major - D minor/4 Progression/Major/pop2 style/F - ii V I IV - Hopeful Triumphant.mid,ldrolez/free-midi-chords,MIT,other,OK,"chord / progression, key folder in path"
chords/free-midi-chords/06 - F Major - D minor/4 Progression/Major/pop2 style/F - ii7 Vadd9 I7 - Triumphant.mid,ldrolez/free-midi-chords,MIT,other,OK,"chord / progression, key folder in path"
chords/free-midi-chords/06 - F Major - D minor/4 Progression/Major/pop2 style/F - iii vi IV I - Romantic Nostalgic.mid,ldrolez/free-midi-chords,MIT,other,OK,"chord / progression, key folder in path"
chords/free-midi-chords/06 - F Major - D minor/4 Progression/Major/pop2 style/F - iim7 V7 iiim7 vi7 iim7 V7 - Romantic Nostalgic.mid,ldrolez/free-midi-chords,MIT,other,OK,"chord / progression, key folder in path"
chords/free-midi-chords/06 - F Major - D minor/4 Progression/Major/pop2 style/F - vi IV I V - Hopeful Romantic.mid,ldrolez/free-midi-chords,MIT,other,OK,"chord / progression, key folder in path"
chords/free-midi-chords/06 - F Major - D minor/4 Progression/Major/pop2 style/F - vi IV iii V - New Hopeful Romantic.mid,ldrolez/free-midi-chords,MIT,other,OK,"chord / progression, key folder in path"
chords/free-midi-chords/06 - F Major - D minor/4 Progression/Major/pop2 style/F - vi V IV V - Romantic Hopeful.mid,ldrolez/free-midi-chords,MIT,other,OK,"chord / progression, key folder in path"
chords/free-midi-chords/06 - F Major - D minor/4 Progression/Major/pop2 style/F - vi V IV V ii V I I - Triumphant Hopeful.mid,ldrolez/free-midi-chords,MIT,other,OK,"chord / progression, key folder in path"
chords/free-midi-chords/06 - F Major - D minor/4 Progression/Major/pop2 style/F - vi ii V I - Hopeful Romantic.mid,ldrolez/free-midi-chords,MIT,other,OK,"chord / progression, key folder in path"
chords/free-midi-chords/06 - F Major - D minor/4 Progression/Major/soul style/F - I I IM-5 IM-5 IV IV V Vsus2 - Joyful Triumphant.mid,ldrolez/free-midi-chords,MIT,other,OK,"chord / progression, key folder in path"
chords/free-midi-chords/06 - F Major - D minor/4 Progression/Major/soul style/F - I I IV iii - Hopeful Nostalgic.mid,ldrolez/free-midi-chords,MIT,other,OK,"chord / progression, key folder in path"
chords/free-midi-chords/06 - F Major - D minor/4 Progression/Major/soul style/F - I I7 Idom7 I7 - Relaxed Playful.mid,ldrolez/free-midi-chords,MIT,other,OK,"chord / progression, key folder in path"
chords/free-midi-chords/06 - F Major - D minor/4 Progression/Major/soul style/F - I I7 Idom7 IV - Relaxed Nostalgic.mid,ldrolez/free-midi-chords,MIT,other,OK,"chord / progression, key folder in path"
chords/free-midi-chords/06 - F Major - D minor/4 Progression/Major/soul style/F - I IV Isus2 IV - Peaceful Hopeful.mid,ldrolez/free-midi-chords,MIT,other,OK,"chord / progression, key folder in path"
chords/free-midi-chords/06 - F Major - D minor/4 Progression/Major/soul style/F - I IV V - Joyful Excited.mid,ldrolez/free-midi-chords,MIT,other,OK,"chord / progression, key folder in path"
chords/free-midi-chords/06 - F Major - D minor/4 Progression/Major/soul style/F - I IV V IV - Joyful Triumphant.mid,ldrolez/free-midi-chords,MIT,other,OK,"chord / progression, key folder in path"
chords/free-midi-chords/06 - F Major - D minor/4 Progression/Major/soul style/F - I IV ii V - Joyful Triumphant.mid,ldrolez/free-midi-chords,MIT,other,OK,"chord / progression, key folder in path"
chords/free-midi-chords/06 - F Major - D minor/4 Progression/Major/soul style/F - I IV vi V - Joyful Hopeful.mid,ldrolez/free-midi-chords,MIT,other,OK,"chord / progression, key folder in path"
chords/free-midi-chords/06 - F Major - D minor/4 Progression/Major/soul style/F - I IV vii iii vi ii V I - Romantic Triumphant.mid,ldrolez/free-midi-chords,MIT,other,OK,"chord / progression, key folder in path"
chords/free-midi-chords/06 - F Major - D minor/4 Progression/Major/soul style/F - I V I IV - Joyful Playful.mid,ldrolez/free-midi-chords,MIT,other,OK,"chord / progression, key folder in path"
chords/free-midi-chords/06 - F Major - D minor/4 Progression/Major/soul style/F - I V IV vi - Romantic Hopeful.mid,ldrolez/free-midi-chords,MIT,other,OK,"chord / progression, key folder in path"
chords/free-midi-chords/06 - F Major - D minor/4 Progression/Major/soul style/F - I V vi IV - Hopeful Romantic.mid,ldrolez/free-midi-chords,MIT,other,OK,"chord / progression, key folder in path"
chords/free-midi-chords/06 - F Major - D minor/4 Progression/Major/soul style/F - I V vi V - Hopeful Romantic.mid,ldrolez/free-midi-chords,MIT,other,OK,"chord / progression, key folder in path"
chords/free-midi-chords/06 - F Major - D minor/4 Progression/Major/soul style/F - I V vi ii - Hopeful Romantic.mid,ldrolez/free-midi-chords,MIT,other,OK,"chord / progression, key folder in path"
chords/free-midi-chords/06 - F Major - D minor/4 Progression/Major/soul style/F - I V vi iii IV - Hopeful Joyful.mid,ldrolez/free-midi-chords,MIT,other,OK,"chord / progression, key folder in path"
chords/free-midi-chords/06 - F Major - D minor/4 Progression/Major/soul style/F - I V vi iii IV I IV V - Hopeful Joyful.mid,ldrolez/free-midi-chords,MIT,other,OK,"chord / progression, key folder in path"
chords/free-midi-chords/06 - F Major - D minor/4 Progression/Major/soul style/F - I iii IV vi - Romantic Nostalgic.mid,ldrolez/free-midi-chords,MIT,other,OK,"chord / progression, key folder in path"
chords/free-midi-chords/06 - F Major - D minor/4 Progression/Major/soul style/F - I iii vi IV - Romantic Hopeful.mid,ldrolez/free-midi-chords,MIT,other,OK,"chord / progression, key folder in path"
chords/free-midi-chords/06 - F Major - D minor/4 Progression/Major/soul style/F - I iii vi Isus4 - Tender Spiritual.mid,ldrolez/free-midi-chords,MIT,other,OK,"chord / progression, key folder in path"
chords/free-midi-chords/06 - F Major - D minor/4 Progression/Major/soul style/F - I vi I IV - Tender Nostalgic.mid,ldrolez/free-midi-chords,MIT,other,OK,"chord / progression, key folder in path"
chords/free-midi-chords/06 - F Major - D minor/4 Progression/Major/soul style/F - I vi IV V - Romantic Hopeful.mid,ldrolez/free-midi-chords,MIT,other,OK,"chord / progression, key folder in path"
chords/free-midi-chords/06 - F Major - D minor/4 Progression/Major/soul style/F - I vi IV iii - Nostalgic Romantic.mid,ldrolez/free-midi-chords,MIT,other,OK,"chord / progression, key folder in path"
chords/free-midi-chords/06 - F Major - D minor/4 Progression/Major/soul style/F - I vi ii IV - Tender Nostalgic.mid,ldrolez/free-midi-chords,MIT,other,OK,"chord / progression, key folder in path"
chords/free-midi-chords/06 - F Major - D minor/4 Progression/Major/soul style/F - I vi ii V - Nostalgic Romantic.mid,ldrolez/free-midi-chords,MIT,other,OK,"chord / progression, key folder in path"
chords/free-midi-chords/06 - F Major - D minor/4 Progression/Major/soul style/F - I7 V7 viadd9 IV7 - Playful Joyful.mid,ldrolez/free-midi-chords,MIT,other,OK,"chord / progression, key folder in path"
chords/free-midi-chords/06 - F Major - D minor/4 Progression/Major/soul style/F - IV I IV6 Iadd9 - Relaxed Joyful.mid,ldrolez/free-midi-chords,MIT,other,OK,"chord / progression, key folder in path"
chords/free-midi-chords/06 - F Major - D minor/4 Progression/Major/soul style/F - IV I V vi - Joyful Romantic.mid,ldrolez/free-midi-chords,MIT,other,OK,"chord / progression, key folder in path"
chords/free-midi-chords/06 - F Major - D minor/4 Progression/Major/soul style/F - IV I ii vi - Nostalgic Peaceful.mid,ldrolez/free-midi-chords,MIT,other,OK,"chord / progression, key folder in path"
chords/free-midi-chords/06 - F Major - D minor/4 Progression/Major/soul style/F - IV I iii IV - Playful Joyful.mid,ldrolez/free-midi-chords,MIT,other,OK,"chord / progression, key folder in path"
chords/free-midi-chords/06 - F Major - D minor/4 Progression/Major/soul style/F - IV IV I V - Joyful Hopeful.mid,ldrolez/free-midi-chords,MIT,other,OK,"chord / progression, key folder in path"
chords/free-midi-chords/06 - F Major - D minor/4 Progression/Major/soul style/F - IV vi I V - Hopeful Romantic.mid,ldrolez/free-midi-chords,MIT,other,OK,"chord / progression, key folder in path"
chords/free-midi-chords/06 - F Major - D minor/4 Progression/Major/soul style/F - IV vi IV vi - Nostalgic.mid,ldrolez/free-midi-chords,MIT,other,OK,"chord / progression, key folder in path"
chords/free-midi-chords/06 - F Major - D minor/4 Progression/Major/soul style/F - IV vi iii I - Nostalgic Playful.mid,ldrolez/free-midi-chords,MIT,other,OK,"chord / progression, key folder in path"
chords/free-midi-chords/06 - F Major - D minor/4 Progression/Major/soul style/F - Isus2 I vi7 visus4 - Playful Romantic.mid,ldrolez/free-midi-chords,MIT,other,OK,"chord / progression, key folder in path"
chords/free-midi-chords/06 - F Major - D minor/4 Progression/Major/soul style/F - V I vi V - Hopeful Romantic.mid,ldrolez/free-midi-chords,MIT,other,OK,"chord / progression, key folder in path"
chords/free-midi-chords/06 - F Major - D minor/4 Progression/Major/soul style/F - V IV vi I - Hopeful Triumphant.mid,ldrolez/free-midi-chords,MIT,other,OK,"chord / progression, key folder in path"
chords/free-midi-chords/06 - F Major - D minor/4 Progression/Major/soul style/F - V vi IV I - Hopeful Romantic.mid,ldrolez/free-midi-chords,MIT,other,OK,"chord / progression, key folder in path"
chords/free-midi-chords/06 - F Major - D minor/4 Progression/Major/soul style/F - ii IV V - Hopeful.mid,ldrolez/free-midi-chords,MIT,other,OK,"chord / progression, key folder in path"
chords/free-midi-chords/06 - F Major - D minor/4 Progression/Major/soul style/F - ii IV vi V - Romantic.mid,ldrolez/free-midi-chords,MIT,other,OK,"chord / progression, key folder in path"
chords/free-midi-chords/06 - F Major - D minor/4 Progression/Major/soul style/F - ii V I - Triumphant.mid,ldrolez/free-midi-chords,MIT,other,OK,"chord / progression, key folder in path"
chords/free-midi-chords/06 - F Major - D minor/4 Progression/Major/soul style/F - ii V I IV - Hopeful Triumphant.mid,ldrolez/free-midi-chords,MIT,other,OK,"chord / progression, key folder in path"
chords/free-midi-chords/06 - F Major - D minor/4 Progression/Major/soul style/F - ii7 Vadd9 I7 - Triumphant.mid,ldrolez/free-midi-chords,MIT,other,OK,"chord / progression, key folder in path"
chords/free-midi-chords/06 - F Major - D minor/4 Progression/Major/soul style/F - iii vi IV I - Romantic Nostalgic.mid,ldrolez/free-midi-chords,MIT,other,OK,"chord / progression, key folder in path"
chords/free-midi-chords/06 - F Major - D minor/4 Progression/Major/soul style/F - iim7 V7 iiim7 vi7 iim7 V7 - Romantic Nostalgic.mid,ldrolez/free-midi-chords,MIT,other,OK,"chord / progression, key folder in path"
chords/free-midi-chords/06 - F Major - D minor/4 Progression/Major/soul style/F - vi IV I V - Hopeful Romantic.mid,ldrolez/free-midi-chords,MIT,other,OK,"chord / progression, key folder in path"
chords/free-midi-chords/06 - F Major - D minor/4 Progression/Major/soul style/F - vi IV iii V - New Hopeful Romantic.mid,ldrolez/free-midi-chords,MIT,other,OK,"chord / progression, key folder in path"
chords/free-midi-chords/06 - F Major - D minor/4 Progression/Major/soul style/F - vi V IV V - Romantic Hopeful.mid,ldrolez/free-midi-chords,MIT,other,OK,"chord / progression, key folder in path"
chords/free-midi-chords/06 - F Major - D minor/4 Progression/Major/soul style/F - vi V IV V ii V I I - Triumphant Hopeful.mid,ldrolez/free-midi-chords,MIT,other,OK,"chord / progression, key folder in path"
chords/free-midi-chords/06 - F Major - D minor/4 Progression/Major/soul style/F - vi ii V I - Hopeful Romantic.mid,ldrolez/free-midi-chords,MIT,other,OK,"chord / progression, key folder in path"
chords/free-midi-chords/06 - F Major - D minor/4 Progression/Minor/D - VI III i v - Nostalgic Dark.mid,ldrolez/free-midi-chords,MIT,other,OK,"chord / progression, key folder in path"
chords/free-midi-chords/06 - F Major - D minor/4 Progression/Minor/D - VI VI i VII - Empowered.mid,ldrolez/free-midi-chords,MIT,other,OK,"chord / progression, key folder in path"
chords/free-midi-chords/06 - F Major - D minor/4 Progression/Minor/D - VI VII i III - Triumphant Nostalgic.mid,ldrolez/free-midi-chords,MIT,other,OK,"chord / progression, key folder in path"
chords/free-midi-chords/06 - F Major - D minor/4 Progression/Minor/D - VI VII v III - Rebellious Nostalgic.mid,ldrolez/free-midi-chords,MIT,other,OK,"chord / progression, key folder in path"
chords/free-midi-chords/06 - F Major - D minor/4 Progression/Minor/D - VI i v - Sad.mid,ldrolez/free-midi-chords,MIT,other,OK,"chord / progression, key folder in path"
chords/free-midi-chords/06 - F Major - D minor/4 Progression/Minor/D - VI i v III - Hopeful Nostalgic.mid,ldrolez/free-midi-chords,MIT,other,OK,"chord / progression, key folder in path"
chords/free-midi-chords/06 - F Major - D minor/4 Progression/Minor/D - VI iv i v - Hopeful Tender.mid,ldrolez/free-midi-chords,MIT,other,OK,"chord / progression, key folder in path"
chords/free-midi-chords/06 - F Major - D minor/4 Progression/Minor/D - VI7 VII i v VI7 VII i iv7 - New Empowered Nostalgic.mid,ldrolez/free-midi-chords,MIT,other,OK,"chord / progression, key folder in path"
chords/free-midi-chords/06 - F Major - D minor/4 Progression/Minor/D - VI7 VII6 i VII6 - New Nostalgic Hopeful.mid,ldrolez/free-midi-chords,MIT,other,OK,"chord / progression, key folder in path"
chords/free-midi-chords/06 - F Major - D minor/4 Progression/Minor/D - VII iv VII i - Spiritual.mid,ldrolez/free-midi-chords,MIT,other,OK,"chord / progression, key folder in path"
chords/free-midi-chords/06 - F Major - D minor/4 Progression/Minor/D - VII iv v i - Mysterious Dark.mid,ldrolez/free-midi-chords,MIT,other,OK,"chord / progression, key folder in path"
chords/free-midi-chords/06 - F Major - D minor/4 Progression/Minor/D - i III VII VI - Nostalgic Romantic.mid,ldrolez/free-midi-chords,MIT,other,OK,"chord / progression, key folder in path"
chords/free-midi-chords/06 - F Major - D minor/4 Progression/Minor/D - i III VII iv - New Empowered Nostalgic.mid,ldrolez/free-midi-chords,MIT,other,OK,"chord / progression, key folder in path"
chords/free-midi-chords/06 - F Major - D minor/4 Progression/Minor/D - i III iv VI - Nostalgic Romantic.mid,ldrolez/free-midi-chords,MIT,other,OK,"chord / progression, key folder in path"
chords/free-midi-chords/06 - F Major - D minor/4 Progression/Minor/D - i VI III VII - Nostalgic Hopeful.mid,ldrolez/free-midi-chords,MIT,other,OK,"chord / progression, key folder in path"
chords/free-midi-chords/06 - F Major - D minor/4 Progression/Minor/D - i VI III VII i VI69 III7 VII - Mysterious Spiritual.mid,ldrolez/free-midi-chords,MIT,other,OK,"chord / progression, key folder in path"
chords/free-midi-chords/06 - F Major - D minor/4 Progression/Minor/D - i VI VII - Triumphant Rebellious.mid,ldrolez/free-midi-chords,MIT,other,OK,"chord / progression, key folder in path"
chords/free-midi-chords/06 - F Major - D minor/4 Progression/Minor/D - i VI VII iv - Mysterious Nostalgic.mid,ldrolez/free-midi-chords,MIT,other,OK,"chord / progression, key folder in path"
chords/free-midi-chords/06 - F Major - D minor/4 Progression/Minor/D - i VI VII v - Mysterious Rebellious.mid,ldrolez/free-midi-chords,MIT,other,OK,"chord / progression, key folder in path"
chords/free-midi-chords/06 - F Major - D minor/4 Progression/Minor/D - i VI iv III - Sad Nostalgic.mid,ldrolez/free-midi-chords,MIT,other,OK,"chord / progression, key folder in path"
chords/free-midi-chords/06 - F Major - D minor/4 Progression/Minor/D - i VI iv ii - Sad Tender.mid,ldrolez/free-midi-chords,MIT,other,OK,"chord / progression, key folder in path"
chords/free-midi-chords/06 - F Major - D minor/4 Progression/Minor/D - i VI iv v - Sad Hopeful.mid,ldrolez/free-midi-chords,MIT,other,OK,"chord / progression, key folder in path"
chords/free-midi-chords/06 - F Major - D minor/4 Progression/Minor/D - i VII III VI - Rebellious Triumphant.mid,ldrolez/free-midi-chords,MIT,other,OK,"chord / progression, key folder in path"
chords/free-midi-chords/06 - F Major - D minor/4 Progression/Minor/D - i VII VI III - Nostalgic Hopeful.mid,ldrolez/free-midi-chords,MIT,other,OK,"chord / progression, key folder in path"
chords/free-midi-chords/06 - F Major - D minor/4 Progression/Minor/D - i VII VI III iv VI VII i - Mysterious Surprised.mid,ldrolez/free-midi-chords,MIT,other,OK,"chord / progression, key folder in path"
chords/free-midi-chords/06 - F Major - D minor/4 Progression/Minor/D - i VII VI VII - Rebellious Triumphant.mid,ldrolez/free-midi-chords,MIT,other,OK,"chord / progression, key folder in path"
chords/free-midi-chords/06 - F Major - D minor/4 Progression/Minor/D - i VII VI iv - Sad Romantic.mid,ldrolez/free-midi-chords,MIT,other,OK,"chord / progression, key folder in path"
chords/free-midi-chords/06 - F Major - D minor/4 Progression/Minor/D - i VII VIadd9 VII i v VI VIIsus4 - New Nostalgic Sad.mid,ldrolez/free-midi-chords,MIT,other,OK,"chord / progression, key folder in path"
chords/free-midi-chords/06 - F Major - D minor/4 Progression/Minor/D - i VII i v - Mysterious Nostalgic.mid,ldrolez/free-midi-chords,MIT,other,OK,"chord / progression, key folder in path"
chords/free-midi-chords/06 - F Major - D minor/4 Progression/Minor/D - i VII i v III VII i v i - Mysterious Surprised.mid,ldrolez/free-midi-chords,MIT,other,OK,"chord / progression, key folder in path"
chords/free-midi-chords/06 - F Major - D minor/4 Progression/Minor/D - i VII v VI - Mysterious Hopeful.mid,ldrolez/free-midi-chords,MIT,other,OK,"chord / progression, key folder in path"
chords/free-midi-chords/06 - F Major - D minor/4 Progression/Minor/D - i i iv iv v7 ii5 v v7 - Dark Mysterious.mid,ldrolez/free-midi-chords,MIT,other,OK,"chord / progression, key folder in path"
chords/free-midi-chords/06 - F Major - D minor/4 Progression/Minor/D - i ii v III i ii v VII - Mysterious Dramatic.mid,ldrolez/free-midi-chords,MIT,other,OK,"chord / progression, key folder in path"
chords/free-midi-chords/06 - F Major - D minor/4 Progression/Minor/D - i ii v i - Mysterious Triumphant.mid,ldrolez/free-midi-chords,MIT,other,OK,"chord / progression, key folder in path"
chords/free-midi-chords/06 - F Major - D minor/4 Progression/Minor/D - i iv III VI - Nostalgic Romantic.mid,ldrolez/free-midi-chords,MIT,other,OK,"chord / progression, key folder in path"
chords/free-midi-chords/06 - F Major - D minor/4 Progression/Minor/D - i iv VI v - Sad Hopeful.mid,ldrolez/free-midi-chords,MIT,other,OK,"chord / progression, key folder in path"
chords/free-midi-chords/06 - F Major - D minor/4 Progression/Minor/D - i iv VII i - Sad Nostalgic.mid,ldrolez/free-midi-chords,MIT,other,OK,"chord / progression, key folder in path"
chords/free-midi-chords/06 - F Major - D minor/4 Progression/Minor/D - i iv VII v i i ii V - Mysterious Surprised.mid,ldrolez/free-midi-chords,MIT,other,OK,"chord / progression, key folder in path"
chords/free-midi-chords/06 - F Major - D minor/4 Progression/Minor/D - i iv v - Sad Lonely.mid,ldrolez/free-midi-chords,MIT,other,OK,"chord / progression, key folder in path"
chords/free-midi-chords/06 - F Major - D minor/4 Progression/Minor/D - i iv v iv - Mysterious Sad.mid,ldrolez/free-midi-chords,MIT,other,OK,"chord / progression, key folder in path"
chords/free-midi-chords/06 - F Major - D minor/4 Progression/Minor/D - i v iv VII - Sad Rebellious.mid,ldrolez/free-midi-chords,MIT,other,OK,"chord / progression, key folder in path"
chords/free-midi-chords/06 - F Major - D minor/4 Progression/Minor/D - i vdim iv VI - Dark Nostalgic.mid,ldrolez/free-midi-chords,MIT,other,OK,"chord / progression, key folder in path"
chords/free-midi-chords/06 - F Major - D minor/4 Progression/Minor/D - i7 VI III7 VII6 i i7 III7 iv7 - Dark Nostalgic.mid,ldrolez/free-midi-chords,MIT,other,OK,"chord / progression, key folder in path"
chords/free-midi-chords/06 - F Major - D minor/4 Progression/Minor/D - i7 VII VI7 iv7 - Nostalgic Romantic.mid,ldrolez/free-midi-chords,MIT,other,OK,"chord / progression, key folder in path"
chords/free-midi-chords/06 - F Major - D minor/4 Progression/Minor/D - ii VI i iv - Sad Hopeful.mid,ldrolez/free-midi-chords,MIT,other,OK,"chord / progression, key folder in path"
chords/free-midi-chords/06 - F Major - D minor/4 Progression/Minor/D - ii v i - Peaceful Hopeful.mid,ldrolez/free-midi-chords,MIT,other,OK,"chord / progression, key folder in path"
chords/free-midi-chords/06 - F Major - D minor/4 Progression/Minor/D - ii v i iv - Peaceful Nostalgic.mid,ldrolez/free-midi-chords,MIT,other,OK,"chord / progression, key folder in path"
chords/free-midi-chords/06 - F Major - D minor/4 Progression/Minor/D - im7 ivsus4 v7 isus4 - Mysterious Tender.mid,ldrolez/free-midi-chords,MIT,other,OK,"chord / progression, key folder in path"
chords/free-midi-chords/06 - F Major - D minor/4 Progression/Minor/D - iv III VII i - Nostalgic Mysterious.mid,ldrolez/free-midi-chords,MIT,other,OK,"chord / progression, key folder in path"
chords/free-midi-chords/06 - F Major - D minor/4 Progression/Minor/D - iv III vsus4 VI iv i III VI - Nostalgic Mysterious.mid,ldrolez/free-midi-chords,MIT,other,OK,"chord / progression, key folder in path"
chords/free-midi-chords/06 - F Major - D minor/4 Progression/Minor/D - iv VI VII i - Triumphant.mid,ldrolez/free-midi-chords,MIT,other,OK,"chord / progression, key folder in path"
chords/free-midi-chords/06 - F Major - D minor/4 Progression/Minor/D - iv VI v VII - Mysterious Hopeful.mid,ldrolez/free-midi-chords,MIT,other,OK,"chord / progression, key folder in path"
chords/free-midi-chords/06 - F Major - D minor/4 Progression/Minor/D - iv i v VI - Nostalgic Hopeful.mid,ldrolez/free-midi-chords,MIT,other,OK,"chord / progression, key folder in path"
chords/free-midi-chords/06 - F Major - D minor/4 Progression/Minor/D - iv v VI VII - Mysterious Rebellious.mid,ldrolez/free-midi-chords,MIT,other,OK,"chord / progression, key folder in path"
chords/free-midi-chords/06 - F Major - D minor/4 Progression/Minor/D - v VI III i - Hopeful Nostalgic.mid,ldrolez/free-midi-chords,MIT,other,OK,"chord / progression, key folder in path"
chords/free-midi-chords/06 - F Major - D minor/4 Progression/Minor/D - v VI v i - Sad.mid,ldrolez/free-midi-chords,MIT,other,OK,"chord / progression, key folder in path"
chords/free-midi-chords/06 - F Major - D minor/4 Progression/Minor/D - v i iv VII - Dark Rebellious.mid,ldrolez/free-midi-chords,MIT,other,OK,"chord / progression, key folder in path"
chords/free-midi-chords/06 - F Major - D minor/4 Progression/Minor/D - v iv i - Lonely.mid,ldrolez/free-midi-chords,MIT,other,OK,"chord / progression, key folder in path"
chords/free-midi-chords/06 - F Major - D minor/4 Progression/Minor/hiphop2 style/D - VI III i v - Nostalgic Dark.mid,ldrolez/free-midi-chords,MIT,other,OK,"chord / progression, key folder in path"
chords/free-midi-chords/06 - F Major - D minor/4 Progression/Minor/hiphop2 style/D - VI VI i VII - Empowered.mid,ldrolez/free-midi-chords,MIT,other,OK,"chord / progression, key folder in path"
chords/free-midi-chords/06 - F Major - D minor/4 Progression/Minor/hiphop2 style/D - VI VII i III - Triumphant Nostalgic.mid,ldrolez/free-midi-chords,MIT,other,OK,"chord / progression, key folder in path"
chords/free-midi-chords/06 - F Major - D minor/4 Progression/Minor/hiphop2 style/D - VI VII v III - Rebellious Nostalgic.mid,ldrolez/free-midi-chords,MIT,other,OK,"chord / progression, key folder in path"
chords/free-midi-chords/06 - F Major - D minor/4 Progression/Minor/hiphop2 style/D - VI i v - Sad.mid,ldrolez/free-midi-chords,MIT,other,OK,"chord / progression, key folder in path"
chords/free-midi-chords/06 - F Major - D minor/4 Progression/Minor/hiphop2 style/D - VI i v III - Hopeful Nostalgic.mid,ldrolez/free-midi-chords,MIT,other,OK,"chord / progression, key folder in path"
chords/free-midi-chords/06 - F Major - D minor/4 Progression/Minor/hiphop2 style/D - VI iv i v - Hopeful Tender.mid,ldrolez/free-midi-chords,MIT,other,OK,"chord / progression, key folder in path"
chords/free-midi-chords/06 - F Major - D minor/4 Progression/Minor/hiphop2 style/D - VI7 VII i v VI7 VII i iv7 - New Empowered Nostalgic.mid,ldrolez/free-midi-chords,MIT,other,OK,"chord / progression, key folder in path"
chords/free-midi-chords/06 - F Major - D minor/4 Progression/Minor/hiphop2 style/D - VI7 VII6 i VII6 - New Nostalgic Hopeful.mid,ldrolez/free-midi-chords,MIT,other,OK,"chord / progression, key folder in path"
chords/free-midi-chords/06 - F Major - D minor/4 Progression/Minor/hiphop2 style/D - VII iv VII i - Spiritual.mid,ldrolez/free-midi-chords,MIT,other,OK,"chord / progression, key folder in path"
chords/free-midi-chords/06 - F Major - D minor/4 Progression/Minor/hiphop2 style/D - VII iv v i - Mysterious Dark.mid,ldrolez/free-midi-chords,MIT,other,OK,"chord / progression, key folder in path"
chords/free-midi-chords/06 - F Major - D minor/4 Progression/Minor/hiphop2 style/D - i III VII VI - Nostalgic Romantic.mid,ldrolez/free-midi-chords,MIT,other,OK,"chord / progression, key folder in path"
chords/free-midi-chords/06 - F Major - D minor/4 Progression/Minor/hiphop2 style/D - i III VII iv - New Empowered Nostalgic.mid,ldrolez/free-midi-chords,MIT,other,OK,"chord / progression, key folder in path"
chords/free-midi-chords/06 - F Major - D minor/4 Progression/Minor/hiphop2 style/D - i III iv VI - Nostalgic Romantic.mid,ldrolez/free-midi-chords,MIT,other,OK,"chord / progression, key folder in path"
chords/free-midi-chords/06 - F Major - D minor/4 Progression/Minor/hiphop2 style/D - i VI III VII - Nostalgic Hopeful.mid,ldrolez/free-midi-chords,MIT,other,OK,"chord / progression, key folder in path"
chords/free-midi-chords/06 - F Major - D minor/4 Progression/Minor/hiphop2 style/D - i VI III VII i VI69 III7 VII - Mysterious Spiritual.mid,ldrolez/free-midi-chords,MIT,other,OK,"chord / progression, key folder in path"
chords/free-midi-chords/06 - F Major - D minor/4 Progression/Minor/hiphop2 style/D - i VI VII - Triumphant Rebellious.mid,ldrolez/free-midi-chords,MIT,other,OK,"chord / progression, key folder in path"
chords/free-midi-chords/06 - F Major - D minor/4 Progression/Minor/hiphop2 style/D - i VI VII iv - Mysterious Nostalgic.mid,ldrolez/free-midi-chords,MIT,other,OK,"chord / progression, key folder in path"
chords/free-midi-chords/06 - F Major - D minor/4 Progression/Minor/hiphop2 style/D - i VI VII v - Mysterious Rebellious.mid,ldrolez/free-midi-chords,MIT,other,OK,"chord / progression, key folder in path"
chords/free-midi-chords/06 - F Major - D minor/4 Progression/Minor/hiphop2 style/D - i VI iv III - Sad Nostalgic.mid,ldrolez/free-midi-chords,MIT,other,OK,"chord / progression, key folder in path"
chords/free-midi-chords/06 - F Major - D minor/4 Progression/Minor/hiphop2 style/D - i VI iv ii - Sad Tender.mid,ldrolez/free-midi-chords,MIT,other,OK,"chord / progression, key folder in path"
chords/free-midi-chords/06 - F Major - D minor/4 Progression/Minor/hiphop2 style/D - i VI iv v - Sad Hopeful.mid,ldrolez/free-midi-chords,MIT,other,OK,"chord / progression, key folder in path"
chords/free-midi-chords/06 - F Major - D minor/4 Progression/Minor/hiphop2 style/D - i VII III VI - Rebellious Triumphant.mid,ldrolez/free-midi-chords,MIT,other,OK,"chord / progression, key folder in path"
chords/free-midi-chords/06 - F Major - D minor/4 Progression/Minor/hiphop2 style/D - i VII VI III - Nostalgic Hopeful.mid,ldrolez/free-midi-chords,MIT,other,OK,"chord / progression, key folder in path"
chords/free-midi-chords/06 - F Major - D minor/4 Progression/Minor/hiphop2 style/D - i VII VI III iv VI VII i - Mysterious Surprised.mid,ldrolez/free-midi-chords,MIT,other,OK,"chord / progression, key folder in path"
chords/free-midi-chords/06 - F Major - D minor/4 Progression/Minor/hiphop2 style/D - i VII VI VII - Rebellious Triumphant.mid,ldrolez/free-midi-chords,MIT,other,OK,"chord / progression, key folder in path"
chords/free-midi-chords/06 - F Major - D minor/4 Progression/Minor/hiphop2 style/D - i VII VI iv - Sad Romantic.mid,ldrolez/free-midi-chords,MIT,other,OK,"chord / progression, key folder in path"
chords/free-midi-chords/06 - F Major - D minor/4 Progression/Minor/hiphop2 style/D - i VII VIadd9 VII i v VI VIIsus4 - New Nostalgic Sad.mid,ldrolez/free-midi-chords,MIT,other,OK,"chord / progression, key folder in path"
chords/free-midi-chords/06 - F Major - D minor/4 Progression/Minor/hiphop2 style/D - i VII i v - Mysterious Nostalgic.mid,ldrolez/free-midi-chords,MIT,other,OK,"chord / progression, key folder in path"
chords/free-midi-chords/06 - F Major - D minor/4 Progression/Minor/hiphop2 style/D - i VII i v III VII i v i - Mysterious Surprised.mid,ldrolez/free-midi-chords,MIT,other,OK,"chord / progression, key folder in path"
chords/free-midi-chords/06 - F Major - D minor/4 Progression/Minor/hiphop2 style/D - i VII v VI - Mysterious Hopeful.mid,ldrolez/free-midi-chords,MIT,other,OK,"chord / progression, key folder in path"
chords/free-midi-chords/06 - F Major - D minor/4 Progression/Minor/hiphop2 style/D - i i iv iv v7 ii5 v v7 - Dark Mysterious.mid,ldrolez/free-midi-chords,MIT,other,OK,"chord / progression, key folder in path"
chords/free-midi-chords/06 - F Major - D minor/4 Progression/Minor/hiphop2 style/D - i ii v III i ii v VII - Mysterious Dramatic.mid,ldrolez/free-midi-chords,MIT,other,OK,"chord / progression, key folder in path"
chords/free-midi-chords/06 - F Major - D minor/4 Progression/Minor/hiphop2 style/D - i ii v i - Mysterious Triumphant.mid,ldrolez/free-midi-chords,MIT,other,OK,"chord / progression, key folder in path"
chords/free-midi-chords/06 - F Major - D minor/4 Progression/Minor/hiphop2 style/D - i iv III VI - Nostalgic Romantic.mid,ldrolez/free-midi-chords,MIT,other,OK,"chord / progression, key folder in path"
chords/free-midi-chords/06 - F Major - D minor/4 Progression/Minor/hiphop2 style/D - i iv VI v - Sad Hopeful.mid,ldrolez/free-midi-chords,MIT,other,OK,"chord / progression, key folder in path"
chords/free-midi-chords/06 - F Major - D minor/4 Progression/Minor/hiphop2 style/D - i iv VII i - Sad Nostalgic.mid,ldrolez/free-midi-chords,MIT,other,OK,"chord / progression, key folder in path"
chords/free-midi-chords/06 - F Major - D minor/4 Progression/Minor/hiphop2 style/D - i iv VII v i i ii V - Mysterious Surprised.mid,ldrolez/free-midi-chords,MIT,other,OK,"chord / progression, key folder in path"
chords/free-midi-chords/06 - F Major - D minor/4 Progression/Minor/hiphop2 style/D - i iv v - Sad Lonely.mid,ldrolez/free-midi-chords,MIT,other,OK,"chord / progression, key folder in path"
chords/free-midi-chords/06 - F Major - D minor/4 Progression/Minor/hiphop2 style/D - i iv v iv - Mysterious Sad.mid,ldrolez/free-midi-chords,MIT,other,OK,"chord / progression, key folder in path"
chords/free-midi-chords/06 - F Major - D minor/4 Progression/Minor/hiphop2 style/D - i v iv VII - Sad Rebellious.mid,ldrolez/free-midi-chords,MIT,other,OK,"chord / progression, key folder in path"
chords/free-midi-chords/06 - F Major - D minor/4 Progression/Minor/hiphop2 style/D - i vdim iv VI - Dark Nostalgic.mid,ldrolez/free-midi-chords,MIT,other,OK,"chord / progression, key folder in path"
chords/free-midi-chords/06 - F Major - D minor/4 Progression/Minor/hiphop2 style/D - i7 VI III7 VII6 i i7 III7 iv7 - Dark Nostalgic.mid,ldrolez/free-midi-chords,MIT,other,OK,"chord / progression, key folder in path"
chords/free-midi-chords/06 - F Major - D minor/4 Progression/Minor/hiphop2 style/D - i7 VII VI7 iv7 - Nostalgic Romantic.mid,ldrolez/free-midi-chords,MIT,other,OK,"chord / progression, key folder in path"
chords/free-midi-chords/06 - F Major - D minor/4 Progression/Minor/hiphop2 style/D - ii VI i iv - Sad Hopeful.mid,ldrolez/free-midi-chords,MIT,other,OK,"chord / progression, key folder in path"
chords/free-midi-chords/06 - F Major - D minor/4 Progression/Minor/hiphop2 style/D - ii v i - Peaceful Hopeful.mid,ldrolez/free-midi-chords,MIT,other,OK,"chord / progression, key folder in path"
chords/free-midi-chords/06 - F Major - D minor/4 Progression/Minor/hiphop2 style/D - ii v i iv - Peaceful Nostalgic.mid,ldrolez/free-midi-chords,MIT,other,OK,"chord / progression, key folder in path"
chords/free-midi-chords/06 - F Major - D minor/4 Progression/Minor/hiphop2 style/D - im7 ivsus4 v7 isus4 - Mysterious Tender.mid,ldrolez/free-midi-chords,MIT,other,OK,"chord / progression, key folder in path"
chords/free-midi-chords/06 - F Major - D minor/4 Progression/Minor/hiphop2 style/D - iv III VII i - Nostalgic Mysterious.mid,ldrolez/free-midi-chords,MIT,other,OK,"chord / progression, key folder in path"
chords/free-midi-chords/06 - F Major - D minor/4 Progression/Minor/hiphop2 style/D - iv III vsus4 VI iv i III VI - Nostalgic Mysterious.mid,ldrolez/free-midi-chords,MIT,other,OK,"chord / progression, key folder in path"
chords/free-midi-chords/06 - F Major - D minor/4 Progression/Minor/hiphop2 style/D - iv VI VII i - Triumphant.mid,ldrolez/free-midi-chords,MIT,other,OK,"chord / progression, key folder in path"
chords/free-midi-chords/06 - F Major - D minor/4 Progression/Minor/hiphop2 style/D - iv VI v VII - Mysterious Hopeful.mid,ldrolez/free-midi-chords,MIT,other,OK,"chord / progression, key folder in path"
chords/free-midi-chords/06 - F Major - D minor/4 Progression/Minor/hiphop2 style/D - iv i v VI - Nostalgic Hopeful.mid,ldrolez/free-midi-chords,MIT,other,OK,"chord / progression, key folder in path"
chords/free-midi-chords/06 - F Major - D minor/4 Progression/Minor/hiphop2 style/D - iv v VI VII - Mysterious Rebellious.mid,ldrolez/free-midi-chords,MIT,other,OK,"chord / progression, key folder in path"
chords/free-midi-chords/06 - F Major - D minor/4 Progression/Minor/hiphop2 style/D - v VI III i - Hopeful Nostalgic.mid,ldrolez/free-midi-chords,MIT,other,OK,"chord / progression, key folder in path"
chords/free-midi-chords/06 - F Major - D minor/4 Progression/Minor/hiphop2 style/D - v VI v i - Sad.mid,ldrolez/free-midi-chords,MIT,other,OK,"chord / progression, key folder in path"
chords/free-midi-chords/06 - F Major - D minor/4 Progression/Minor/hiphop2 style/D - v i iv VII - Dark Rebellious.mid,ldrolez/free-midi-chords,MIT,other,OK,"chord / progression, key folder in path"
chords/free-midi-chords/06 - F Major - D minor/4 Progression/Minor/hiphop2 style/D - v iv i - Lonely.mid,ldrolez/free-midi-chords,MIT,other,OK,"chord / progression, key folder in path"
chords/free-midi-chords/06 - F Major - D minor/4 Progression/Minor/pop style/D - VI III i v - Nostalgic Dark.mid,ldrolez/free-midi-chords,MIT,other,OK,"chord / progression, key folder in path"
chords/free-midi-chords/06 - F Major - D minor/4 Progression/Minor/pop style/D - VI VI i VII - Empowered.mid,ldrolez/free-midi-chords,MIT,other,OK,"chord / progression, key folder in path"
chords/free-midi-chords/06 - F Major - D minor/4 Progression/Minor/pop style/D - VI VII i III - Triumphant Nostalgic.mid,ldrolez/free-midi-chords,MIT,other,OK,"chord / progression, key folder in path"
chords/free-midi-chords/06 - F Major - D minor/4 Progression/Minor/pop style/D - VI VII v III - Rebellious Nostalgic.mid,ldrolez/free-midi-chords,MIT,other,OK,"chord / progression, key folder in path"
chords/free-midi-chords/06 - F Major - D minor/4 Progression/Minor/pop style/D - VI i v - Sad.mid,ldrolez/free-midi-chords,MIT,other,OK,"chord / progression, key folder in path"
chords/free-midi-chords/06 - F Major - D minor/4 Progression/Minor/pop style/D - VI i v III - Hopeful Nostalgic.mid,ldrolez/free-midi-chords,MIT,other,OK,"chord / progression, key folder in path"
chords/free-midi-chords/06 - F Major - D minor/4 Progression/Minor/pop style/D - VI iv i v - Hopeful Tender.mid,ldrolez/free-midi-chords,MIT,other,OK,"chord / progression, key folder in path"
chords/free-midi-chords/06 - F Major - D minor/4 Progression/Minor/pop style/D - VI7 VII i v VI7 VII i iv7 - New Empowered Nostalgic.mid,ldrolez/free-midi-chords,MIT,other,OK,"chord / progression, key folder in path"
chords/free-midi-chords/06 - F Major - D minor/4 Progression/Minor/pop style/D - VI7 VII6 i VII6 - New Nostalgic Hopeful.mid,ldrolez/free-midi-chords,MIT,other,OK,"chord / progression, key folder in path"
chords/free-midi-chords/06 - F Major - D minor/4 Progression/Minor/pop style/D - VII iv VII i - Spiritual.mid,ldrolez/free-midi-chords,MIT,other,OK,"chord / progression, key folder in path"
chords/free-midi-chords/06 - F Major - D minor/4 Progression/Minor/pop style/D - VII iv v i - Mysterious Dark.mid,ldrolez/free-midi-chords,MIT,other,OK,"chord / progression, key folder in path"
chords/free-midi-chords/06 - F Major - D minor/4 Progression/Minor/pop style/D - i III VII VI - Nostalgic Romantic.mid,ldrolez/free-midi-chords,MIT,other,OK,"chord / progression, key folder in path"
chords/free-midi-chords/06 - F Major - D minor/4 Progression/Minor/pop style/D - i III VII iv - New Empowered Nostalgic.mid,ldrolez/free-midi-chords,MIT,other,OK,"chord / progression, key folder in path"
chords/free-midi-chords/06 - F Major - D minor/4 Progression/Minor/pop style/D - i III iv VI - Nostalgic Romantic.mid,ldrolez/free-midi-chords,MIT,other,OK,"chord / progression, key folder in path"
chords/free-midi-chords/06 - F Major - D minor/4 Progression/Minor/pop style/D - i VI III VII - Nostalgic Hopeful.mid,ldrolez/free-midi-chords,MIT,other,OK,"chord / progression, key folder in path"
chords/free-midi-chords/06 - F Major - D minor/4 Progression/Minor/pop style/D - i VI III VII i VI69 III7 VII - Mysterious Spiritual.mid,ldrolez/free-midi-chords,MIT,other,OK,"chord / progression, key folder in path"
chords/free-midi-chords/06 - F Major - D minor/4 Progression/Minor/pop style/D - i VI VII - Triumphant Rebellious.mid,ldrolez/free-midi-chords,MIT,other,OK,"chord / progression, key folder in path"
chords/free-midi-chords/06 - F Major - D minor/4 Progression/Minor/pop style/D - i VI VII iv - Mysterious Nostalgic.mid,ldrolez/free-midi-chords,MIT,other,OK,"chord / progression, key folder in path"
chords/free-midi-chords/06 - F Major - D minor/4 Progression/Minor/pop style/D - i VI VII v - Mysterious Rebellious.mid,ldrolez/free-midi-chords,MIT,other,OK,"chord / progression, key folder in path"
chords/free-midi-chords/06 - F Major - D minor/4 Progression/Minor/pop style/D - i VI iv III - Sad Nostalgic.mid,ldrolez/free-midi-chords,MIT,other,OK,"chord / progression, key folder in path"
chords/free-midi-chords/06 - F Major - D minor/4 Progression/Minor/pop style/D - i VI iv ii - Sad Tender.mid,ldrolez/free-midi-chords,MIT,other,OK,"chord / progression, key folder in path"
chords/free-midi-chords/06 - F Major - D minor/4 Progression/Minor/pop style/D - i VI iv v - Sad Hopeful.mid,ldrolez/free-midi-chords,MIT,other,OK,"chord / progression, key folder in path"
chords/free-midi-chords/06 - F Major - D minor/4 Progression/Minor/pop style/D - i VII III VI - Rebellious Triumphant.mid,ldrolez/free-midi-chords,MIT,other,OK,"chord / progression, key folder in path"
chords/free-midi-chords/06 - F Major - D minor/4 Progression/Minor/pop style/D - i VII VI III - Nostalgic Hopeful.mid,ldrolez/free-midi-chords,MIT,other,OK,"chord / progression, key folder in path"
chords/free-midi-chords/06 - F Major - D minor/4 Progression/Minor/pop style/D - i VII VI III iv VI VII i - Mysterious Surprised.mid,ldrolez/free-midi-chords,MIT,other,OK,"chord / progression, key folder in path"
chords/free-midi-chords/06 - F Major - D minor/4 Progression/Minor/pop style/D - i VII VI VII - Rebellious Triumphant.mid,ldrolez/free-midi-chords,MIT,other,OK,"chord / progression, key folder in path"
chords/free-midi-chords/06 - F Major - D minor/4 Progression/Minor/pop style/D - i VII VI iv - Sad Romantic.mid,ldrolez/free-midi-chords,MIT,other,OK,"chord / progression, key folder in path"
chords/free-midi-chords/06 - F Major - D minor/4 Progression/Minor/pop style/D - i VII VIadd9 VII i v VI VIIsus4 - New Nostalgic Sad.mid,ldrolez/free-midi-chords,MIT,other,OK,"chord / progression, key folder in path"
chords/free-midi-chords/06 - F Major - D minor/4 Progression/Minor/pop style/D - i VII i v - Mysterious Nostalgic.mid,ldrolez/free-midi-chords,MIT,other,OK,"chord / progression, key folder in path"
chords/free-midi-chords/06 - F Major - D minor/4 Progression/Minor/pop style/D - i VII i v III VII i v i - Mysterious Surprised.mid,ldrolez/free-midi-chords,MIT,other,OK,"chord / progression, key folder in path"
chords/free-midi-chords/06 - F Major - D minor/4 Progression/Minor/pop style/D - i VII v VI - Mysterious Hopeful.mid,ldrolez/free-midi-chords,MIT,other,OK,"chord / progression, key folder in path"
chords/free-midi-chords/06 - F Major - D minor/4 Progression/Minor/pop style/D - i i iv iv v7 ii5 v v7 - Dark Mysterious.mid,ldrolez/free-midi-chords,MIT,other,OK,"chord / progression, key folder in path"
chords/free-midi-chords/06 - F Major - D minor/4 Progression/Minor/pop style/D - i ii v III i ii v VII - Mysterious Dramatic.mid,ldrolez/free-midi-chords,MIT,other,OK,"chord / progression, key folder in path"
chords/free-midi-chords/06 - F Major - D minor/4 Progression/Minor/pop style/D - i ii v i - Mysterious Triumphant.mid,ldrolez/free-midi-chords,MIT,other,OK,"chord / progression, key folder in path"
chords/free-midi-chords/06 - F Major - D minor/4 Progression/Minor/pop style/D - i iv III VI - Nostalgic Romantic.mid,ldrolez/free-midi-chords,MIT,other,OK,"chord / progression, key folder in path"
chords/free-midi-chords/06 - F Major - D minor/4 Progression/Minor/pop style/D - i iv VI v - Sad Hopeful.mid,ldrolez/free-midi-chords,MIT,other,OK,"chord / progression, key folder in path"
chords/free-midi-chords/06 - F Major - D minor/4 Progression/Minor/pop style/D - i iv VII i - Sad Nostalgic.mid,ldrolez/free-midi-chords,MIT,other,OK,"chord / progression, key folder in path"
chords/free-midi-chords/06 - F Major - D minor/4 Progression/Minor/pop style/D - i iv VII v i i ii V - Mysterious Surprised.mid,ldrolez/free-midi-chords,MIT,other,OK,"chord / progression, key folder in path"
chords/free-midi-chords/06 - F Major - D minor/4 Progression/Minor/pop style/D - i iv v - Sad Lonely.mid,ldrolez/free-midi-chords,MIT,other,OK,"chord / progression, key folder in path"
chords/free-midi-chords/06 - F Major - D minor/4 Progression/Minor/pop style/D - i iv v iv - Mysterious Sad.mid,ldrolez/free-midi-chords,MIT,other,OK,"chord / progression, key folder in path"
chords/free-midi-chords/06 - F Major - D minor/4 Progression/Minor/pop style/D - i v iv VII - Sad Rebellious.mid,ldrolez/free-midi-chords,MIT,other,OK,"chord / progression, key folder in path"
chords/free-midi-chords/06 - F Major - D minor/4 Progression/Minor/pop style/D - i vdim iv VI - Dark Nostalgic.mid,ldrolez/free-midi-chords,MIT,other,OK,"chord / progression, key folder in path"
chords/free-midi-chords/06 - F Major - D minor/4 Progression/Minor/pop style/D - i7 VI III7 VII6 i i7 III7 iv7 - Dark Nostalgic.mid,ldrolez/free-midi-chords,MIT,other,OK,"chord / progression, key folder in path"
chords/free-midi-chords/06 - F Major - D minor/4 Progression/Minor/pop style/D - i7 VII VI7 iv7 - Nostalgic Romantic.mid,ldrolez/free-midi-chords,MIT,other,OK,"chord / progression, key folder in path"
chords/free-midi-chords/06 - F Major - D minor/4 Progression/Minor/pop style/D - ii VI i iv - Sad Hopeful.mid,ldrolez/free-midi-chords,MIT,other,OK,"chord / progression, key folder in path"
chords/free-midi-chords/06 - F Major - D minor/4 Progression/Minor/pop style/D - ii v i - Peaceful Hopeful.mid,ldrolez/free-midi-chords,MIT,other,OK,"chord / progression, key folder in path"
chords/free-midi-chords/06 - F Major - D minor/4 Progression/Minor/pop style/D - ii v i iv - Peaceful Nostalgic.mid,ldrolez/free-midi-chords,MIT,other,OK,"chord / progression, key folder in path"
chords/free-midi-chords/06 - F Major - D minor/4 Progression/Minor/pop style/D - im7 ivsus4 v7 isus4 - Mysterious Tender.mid,ldrolez/free-midi-chords,MIT,other,OK,"chord / progression, key folder in path"
chords/free-midi-chords/06 - F Major - D minor/4 Progression/Minor/pop style/D - iv III VII i - Nostalgic Mysterious.mid,ldrolez/free-midi-chords,MIT,other,OK,"chord / progression, key folder in path"
chords/free-midi-chords/06 - F Major - D minor/4 Progression/Minor/pop style/D - iv III vsus4 VI iv i III VI - Nostalgic Mysterious.mid,ldrolez/free-midi-chords,MIT,other,OK,"chord / progression, key folder in path"
chords/free-midi-chords/06 - F Major - D minor/4 Progression/Minor/pop style/D - iv VI VII i - Triumphant.mid,ldrolez/free-midi-chords,MIT,other,OK,"chord / progression, key folder in path"
chords/free-midi-chords/06 - F Major - D minor/4 Progression/Minor/pop style/D - iv VI v VII - Mysterious Hopeful.mid,ldrolez/free-midi-chords,MIT,other,OK,"chord / progression, key folder in path"
chords/free-midi-chords/06 - F Major - D minor/4 Progression/Minor/pop style/D - iv i v VI - Nostalgic Hopeful.mid,ldrolez/free-midi-chords,MIT,other,OK,"chord / progression, key folder in path"
chords/free-midi-chords/06 - F Major - D minor/4 Progression/Minor/pop style/D - iv v VI VII - Mysterious Rebellious.mid,ldrolez/free-midi-chords,MIT,other,OK,"chord / progression, key folder in path"
chords/free-midi-chords/06 - F Major - D minor/4 Progression/Minor/pop style/D - v VI III i - Hopeful Nostalgic.mid,ldrolez/free-midi-chords,MIT,other,OK,"chord / progression, key folder in path"
chords/free-midi-chords/06 - F Major - D minor/4 Progression/Minor/pop style/D - v VI v i - Sad.mid,ldrolez/free-midi-chords,MIT,other,OK,"chord / progression, key folder in path"
chords/free-midi-chords/06 - F Major - D minor/4 Progression/Minor/pop style/D - v i iv VII - Dark Rebellious.mid,ldrolez/free-midi-chords,MIT,other,OK,"chord / progression, key folder in path"
chords/free-midi-chords/06 - F Major - D minor/4 Progression/Minor/pop style/D - v iv i - Lonely.mid,ldrolez/free-midi-chords,MIT,other,OK,"chord / progression, key folder in path"
chords/free-midi-chords/06 - F Major - D minor/4 Progression/Minor/pop2 style/D - VI III i v - Nostalgic Dark.mid,ldrolez/free-midi-chords,MIT,other,OK,"chord / progression, key folder in path"
chords/free-midi-chords/06 - F Major - D minor/4 Progression/Minor/pop2 style/D - VI VI i VII - Empowered.mid,ldrolez/free-midi-chords,MIT,other,OK,"chord / progression, key folder in path"
chords/free-midi-chords/06 - F Major - D minor/4 Progression/Minor/pop2 style/D - VI VII i III - Triumphant Nostalgic.mid,ldrolez/free-midi-chords,MIT,other,OK,"chord / progression, key folder in path"
chords/free-midi-chords/06 - F Major - D minor/4 Progression/Minor/pop2 style/D - VI VII v III - Rebellious Nostalgic.mid,ldrolez/free-midi-chords,MIT,other,OK,"chord / progression, key folder in path"
chords/free-midi-chords/06 - F Major - D minor/4 Progression/Minor/pop2 style/D - VI i v - Sad.mid,ldrolez/free-midi-chords,MIT,other,OK,"chord / progression, key folder in path"
chords/free-midi-chords/06 - F Major - D minor/4 Progression/Minor/pop2 style/D - VI i v III - Hopeful Nostalgic.mid,ldrolez/free-midi-chords,MIT,other,OK,"chord / progression, key folder in path"
chords/free-midi-chords/06 - F Major - D minor/4 Progression/Minor/pop2 style/D - VI iv i v - Hopeful Tender.mid,ldrolez/free-midi-chords,MIT,other,OK,"chord / progression, key folder in path"
chords/free-midi-chords/06 - F Major - D minor/4 Progression/Minor/pop2 style/D - VI7 VII i v VI7 VII i iv7 - New Empowered Nostalgic.mid,ldrolez/free-midi-chords,MIT,other,OK,"chord / progression, key folder in path"
chords/free-midi-chords/06 - F Major - D minor/4 Progression/Minor/pop2 style/D - VI7 VII6 i VII6 - New Nostalgic Hopeful.mid,ldrolez/free-midi-chords,MIT,other,OK,"chord / progression, key folder in path"
chords/free-midi-chords/06 - F Major - D minor/4 Progression/Minor/pop2 style/D - VII iv VII i - Spiritual.mid,ldrolez/free-midi-chords,MIT,other,OK,"chord / progression, key folder in path"
chords/free-midi-chords/06 - F Major - D minor/4 Progression/Minor/pop2 style/D - VII iv v i - Mysterious Dark.mid,ldrolez/free-midi-chords,MIT,other,OK,"chord / progression, key folder in path"
chords/free-midi-chords/06 - F Major - D minor/4 Progression/Minor/pop2 style/D - i III VII VI - Nostalgic Romantic.mid,ldrolez/free-midi-chords,MIT,other,OK,"chord / progression, key folder in path"
chords/free-midi-chords/06 - F Major - D minor/4 Progression/Minor/pop2 style/D - i III VII iv - New Empowered Nostalgic.mid,ldrolez/free-midi-chords,MIT,other,OK,"chord / progression, key folder in path"
chords/free-midi-chords/06 - F Major - D minor/4 Progression/Minor/pop2 style/D - i III iv VI - Nostalgic Romantic.mid,ldrolez/free-midi-chords,MIT,other,OK,"chord / progression, key folder in path"
chords/free-midi-chords/06 - F Major - D minor/4 Progression/Minor/pop2 style/D - i VI III VII - Nostalgic Hopeful.mid,ldrolez/free-midi-chords,MIT,other,OK,"chord / progression, key folder in path"
chords/free-midi-chords/06 - F Major - D minor/4 Progression/Minor/pop2 style/D - i VI III VII i VI69 III7 VII - Mysterious Spiritual.mid,ldrolez/free-midi-chords,MIT,other,OK,"chord / progression, key folder in path"
chords/free-midi-chords/06 - F Major - D minor/4 Progression/Minor/pop2 style/D - i VI VII - Triumphant Rebellious.mid,ldrolez/free-midi-chords,MIT,other,OK,"chord / progression, key folder in path"
chords/free-midi-chords/06 - F Major - D minor/4 Progression/Minor/pop2 style/D - i VI VII iv - Mysterious Nostalgic.mid,ldrolez/free-midi-chords,MIT,other,OK,"chord / progression, key folder in path"
chords/free-midi-chords/06 - F Major - D minor/4 Progression/Minor/pop2 style/D - i VI VII v - Mysterious Rebellious.mid,ldrolez/free-midi-chords,MIT,other,OK,"chord / progression, key folder in path"
chords/free-midi-chords/06 - F Major - D minor/4 Progression/Minor/pop2 style/D - i VI iv III - Sad Nostalgic.mid,ldrolez/free-midi-chords,MIT,other,OK,"chord / progression, key folder in path"
chords/free-midi-chords/06 - F Major - D minor/4 Progression/Minor/pop2 style/D - i VI iv ii - Sad Tender.mid,ldrolez/free-midi-chords,MIT,other,OK,"chord / progression, key folder in path"
chords/free-midi-chords/06 - F Major - D minor/4 Progression/Minor/pop2 style/D - i VI iv v - Sad Hopeful.mid,ldrolez/free-midi-chords,MIT,other,OK,"chord / progression, key folder in path"
chords/free-midi-chords/06 - F Major - D minor/4 Progression/Minor/pop2 style/D - i VII III VI - Rebellious Triumphant.mid,ldrolez/free-midi-chords,MIT,other,OK,"chord / progression, key folder in path"
chords/free-midi-chords/06 - F Major - D minor/4 Progression/Minor/pop2 style/D - i VII VI III - Nostalgic Hopeful.mid,ldrolez/free-midi-chords,MIT,other,OK,"chord / progression, key folder in path"
chords/free-midi-chords/06 - F Major - D minor/4 Progression/Minor/pop2 style/D - i VII VI III iv VI VII i - Mysterious Surprised.mid,ldrolez/free-midi-chords,MIT,other,OK,"chord / progression, key folder in path"
chords/free-midi-chords/06 - F Major - D minor/4 Progression/Minor/pop2 style/D - i VII VI VII - Rebellious Triumphant.mid,ldrolez/free-midi-chords,MIT,other,OK,"chord / progression, key folder in path"
chords/free-midi-chords/06 - F Major - D minor/4 Progression/Minor/pop2 style/D - i VII VI iv - Sad Romantic.mid,ldrolez/free-midi-chords,MIT,other,OK,"chord / progression, key folder in path"
chords/free-midi-chords/06 - F Major - D minor/4 Progression/Minor/pop2 style/D - i VII VIadd9 VII i v VI VIIsus4 - New Nostalgic Sad.mid,ldrolez/free-midi-chords,MIT,other,OK,"chord / progression, key folder in path"
chords/free-midi-chords/06 - F Major - D minor/4 Progression/Minor/pop2 style/D - i VII i v - Mysterious Nostalgic.mid,ldrolez/free-midi-chords,MIT,other,OK,"chord / progression, key folder in path"
chords/free-midi-chords/06 - F Major - D minor/4 Progression/Minor/pop2 style/D - i VII i v III VII i v i - Mysterious Surprised.mid,ldrolez/free-midi-chords,MIT,other,OK,"chord / progression, key folder in path"
chords/free-midi-chords/06 - F Major - D minor/4 Progression/Minor/pop2 style/D - i VII v VI - Mysterious Hopeful.mid,ldrolez/free-midi-chords,MIT,other,OK,"chord / progression, key folder in path"
chords/free-midi-chords/06 - F Major - D minor/4 Progression/Minor/pop2 style/D - i i iv iv v7 ii5 v v7 - Dark Mysterious.mid,ldrolez/free-midi-chords,MIT,other,OK,"chord / progression, key folder in path"
chords/free-midi-chords/06 - F Major - D minor/4 Progression/Minor/pop2 style/D - i ii v III i ii v VII - Mysterious Dramatic.mid,ldrolez/free-midi-chords,MIT,other,OK,"chord / progression, key folder in path"
chords/free-midi-chords/06 - F Major - D minor/4 Progression/Minor/pop2 style/D - i ii v i - Mysterious Triumphant.mid,ldrolez/free-midi-chords,MIT,other,OK,"chord / progression, key folder in path"
chords/free-midi-chords/06 - F Major - D minor/4 Progression/Minor/pop2 style/D - i iv III VI - Nostalgic Romantic.mid,ldrolez/free-midi-chords,MIT,other,OK,"chord / progression, key folder in path"
chords/free-midi-chords/06 - F Major - D minor/4 Progression/Minor/pop2 style/D - i iv VI v - Sad Hopeful.mid,ldrolez/free-midi-chords,MIT,other,OK,"chord / progression, key folder in path"
chords/free-midi-chords/06 - F Major - D minor/4 Progression/Minor/pop2 style/D - i iv VII i - Sad Nostalgic.mid,ldrolez/free-midi-chords,MIT,other,OK,"chord / progression, key folder in path"
chords/free-midi-chords/06 - F Major - D minor/4 Progression/Minor/pop2 style/D - i iv VII v i i ii V - Mysterious Surprised.mid,ldrolez/free-midi-chords,MIT,other,OK,"chord / progression, key folder in path"
chords/free-midi-chords/06 - F Major - D minor/4 Progression/Minor/pop2 style/D - i iv v - Sad Lonely.mid,ldrolez/free-midi-chords,MIT,other,OK,"chord / progression, key folder in path"
chords/free-midi-chords/06 - F Major - D minor/4 Progression/Minor/pop2 style/D - i iv v iv - Mysterious Sad.mid,ldrolez/free-midi-chords,MIT,other,OK,"chord / progression, key folder in path"
chords/free-midi-chords/06 - F Major - D minor/4 Progression/Minor/pop2 style/D - i v iv VII - Sad Rebellious.mid,ldrolez/free-midi-chords,MIT,other,OK,"chord / progression, key folder in path"
chords/free-midi-chords/06 - F Major - D minor/4 Progression/Minor/pop2 style/D - i vdim iv VI - Dark Nostalgic.mid,ldrolez/free-midi-chords,MIT,other,OK,"chord / progression, key folder in path"
chords/free-midi-chords/06 - F Major - D minor/4 Progression/Minor/pop2 style/D - i7 VI III7 VII6 i i7 III7 iv7 - Dark Nostalgic.mid,ldrolez/free-midi-chords,MIT,other,OK,"chord / progression, key folder in path"
chords/free-midi-chords/06 - F Major - D minor/4 Progression/Minor/pop2 style/D - i7 VII VI7 iv7 - Nostalgic Romantic.mid,ldrolez/free-midi-chords,MIT,other,OK,"chord / progression, key folder in path"
chords/free-midi-chords/06 - F Major - D minor/4 Progression/Minor/pop2 style/D - ii VI i iv - Sad Hopeful.mid,ldrolez/free-midi-chords,MIT,other,OK,"chord / progression, key folder in path"
chords/free-midi-chords/06 - F Major - D minor/4 Progression/Minor/pop2 style/D - ii v i - Peaceful Hopeful.mid,ldrolez/free-midi-chords,MIT,other,OK,"chord / progression, key folder in path"
chords/free-midi-chords/06 - F Major - D minor/4 Progression/Minor/pop2 style/D - ii v i iv - Peaceful Nostalgic.mid,ldrolez/free-midi-chords,MIT,other,OK,"chord / progression, key folder in path"
chords/free-midi-chords/06 - F Major - D minor/4 Progression/Minor/pop2 style/D - im7 ivsus4 v7 isus4 - Mysterious Tender.mid,ldrolez/free-midi-chords,MIT,other,OK,"chord / progression, key folder in path"
chords/free-midi-chords/06 - F Major - D minor/4 Progression/Minor/pop2 style/D - iv III VII i - Nostalgic Mysterious.mid,ldrolez/free-midi-chords,MIT,other,OK,"chord / progression, key folder in path"
chords/free-midi-chords/06 - F Major - D minor/4 Progression/Minor/pop2 style/D - iv III vsus4 VI iv i III VI - Nostalgic Mysterious.mid,ldrolez/free-midi-chords,MIT,other,OK,"chord / progression, key folder in path"
chords/free-midi-chords/06 - F Major - D minor/4 Progression/Minor/pop2 style/D - iv VI VII i - Triumphant.mid,ldrolez/free-midi-chords,MIT,other,OK,"chord / progression, key folder in path"
chords/free-midi-chords/06 - F Major - D minor/4 Progression/Minor/pop2 style/D - iv VI v VII - Mysterious Hopeful.mid,ldrolez/free-midi-chords,MIT,other,OK,"chord / progression, key folder in path"
chords/free-midi-chords/06 - F Major - D minor/4 Progression/Minor/pop2 style/D - iv i v VI - Nostalgic Hopeful.mid,ldrolez/free-midi-chords,MIT,other,OK,"chord / progression, key folder in path"
chords/free-midi-chords/06 - F Major - D minor/4 Progression/Minor/pop2 style/D - iv v VI VII - Mysterious Rebellious.mid,ldrolez/free-midi-chords,MIT,other,OK,"chord / progression, key folder in path"
chords/free-midi-chords/06 - F Major - D minor/4 Progression/Minor/pop2 style/D - v VI III i - Hopeful Nostalgic.mid,ldrolez/free-midi-chords,MIT,other,OK,"chord / progression, key folder in path"
chords/free-midi-chords/06 - F Major - D minor/4 Progression/Minor/pop2 style/D - v VI v i - Sad.mid,ldrolez/free-midi-chords,MIT,other,OK,"chord / progression, key folder in path"
chords/free-midi-chords/06 - F Major - D minor/4 Progression/Minor/pop2 style/D - v i iv VII - Dark Rebellious.mid,ldrolez/free-midi-chords,MIT,other,OK,"chord / progression, key folder in path"
chords/free-midi-chords/06 - F Major - D minor/4 Progression/Minor/pop2 style/D - v iv i - Lonely.mid,ldrolez/free-midi-chords,MIT,other,OK,"chord / progression, key folder in path"
chords/free-midi-chords/06 - F Major - D minor/4 Progression/Minor/soul style/D - VI III i v - Nostalgic Dark.mid,ldrolez/free-midi-chords,MIT,other,OK,"chord / progression, key folder in path"
chords/free-midi-chords/06 - F Major - D minor/4 Progression/Minor/soul style/D - VI VI i VII - Empowered.mid,ldrolez/free-midi-chords,MIT,other,OK,"chord / progression, key folder in path"
chords/free-midi-chords/06 - F Major - D minor/4 Progression/Minor/soul style/D - VI VII i III - Triumphant Nostalgic.mid,ldrolez/free-midi-chords,MIT,other,OK,"chord / progression, key folder in path"
chords/free-midi-chords/06 - F Major - D minor/4 Progression/Minor/soul style/D - VI VII v III - Rebellious Nostalgic.mid,ldrolez/free-midi-chords,MIT,other,OK,"chord / progression, key folder in path"
chords/free-midi-chords/06 - F Major - D minor/4 Progression/Minor/soul style/D - VI i v - Sad.mid,ldrolez/free-midi-chords,MIT,other,OK,"chord / progression, key folder in path"
chords/free-midi-chords/06 - F Major - D minor/4 Progression/Minor/soul style/D - VI i v III - Hopeful Nostalgic.mid,ldrolez/free-midi-chords,MIT,other,OK,"chord / progression, key folder in path"
chords/free-midi-chords/06 - F Major - D minor/4 Progression/Minor/soul style/D - VI iv i v - Hopeful Tender.mid,ldrolez/free-midi-chords,MIT,other,OK,"chord / progression, key folder in path"
chords/free-midi-chords/06 - F Major - D minor/4 Progression/Minor/soul style/D - VI7 VII i v VI7 VII i iv7 - New Empowered Nostalgic.mid,ldrolez/free-midi-chords,MIT,other,OK,"chord / progression, key folder in path"
chords/free-midi-chords/06 - F Major - D minor/4 Progression/Minor/soul style/D - VI7 VII6 i VII6 - New Nostalgic Hopeful.mid,ldrolez/free-midi-chords,MIT,other,OK,"chord / progression, key folder in path"
chords/free-midi-chords/06 - F Major - D minor/4 Progression/Minor/soul style/D - VII iv VII i - Spiritual.mid,ldrolez/free-midi-chords,MIT,other,OK,"chord / progression, key folder in path"
chords/free-midi-chords/06 - F Major - D minor/4 Progression/Minor/soul style/D - VII iv v i - Mysterious Dark.mid,ldrolez/free-midi-chords,MIT,other,OK,"chord / progression, key folder in path"
chords/free-midi-chords/06 - F Major - D minor/4 Progression/Minor/soul style/D - i III VII VI - Nostalgic Romantic.mid,ldrolez/free-midi-chords,MIT,other,OK,"chord / progression, key folder in path"
chords/free-midi-chords/06 - F Major - D minor/4 Progression/Minor/soul style/D - i III VII iv - New Empowered Nostalgic.mid,ldrolez/free-midi-chords,MIT,other,OK,"chord / progression, key folder in path"
chords/free-midi-chords/06 - F Major - D minor/4 Progression/Minor/soul style/D - i III iv VI - Nostalgic Romantic.mid,ldrolez/free-midi-chords,MIT,other,OK,"chord / progression, key folder in path"
chords/free-midi-chords/06 - F Major - D minor/4 Progression/Minor/soul style/D - i VI III VII - Nostalgic Hopeful.mid,ldrolez/free-midi-chords,MIT,other,OK,"chord / progression, key folder in path"
chords/free-midi-chords/06 - F Major - D minor/4 Progression/Minor/soul style/D - i VI III VII i VI69 III7 VII - Mysterious Spiritual.mid,ldrolez/free-midi-chords,MIT,other,OK,"chord / progression, key folder in path"
chords/free-midi-chords/06 - F Major - D minor/4 Progression/Minor/soul style/D - i VI VII - Triumphant Rebellious.mid,ldrolez/free-midi-chords,MIT,other,OK,"chord / progression, key folder in path"
chords/free-midi-chords/06 - F Major - D minor/4 Progression/Minor/soul style/D - i VI VII iv - Mysterious Nostalgic.mid,ldrolez/free-midi-chords,MIT,other,OK,"chord / progression, key folder in path"
chords/free-midi-chords/06 - F Major - D minor/4 Progression/Minor/soul style/D - i VI VII v - Mysterious Rebellious.mid,ldrolez/free-midi-chords,MIT,other,OK,"chord / progression, key folder in path"
chords/free-midi-chords/06 - F Major - D minor/4 Progression/Minor/soul style/D - i VI iv III - Sad Nostalgic.mid,ldrolez/free-midi-chords,MIT,other,OK,"chord / progression, key folder in path"
chords/free-midi-chords/06 - F Major - D minor/4 Progression/Minor/soul style/D - i VI iv ii - Sad Tender.mid,ldrolez/free-midi-chords,MIT,other,OK,"chord / progression, key folder in path"
chords/free-midi-chords/06 - F Major - D minor/4 Progression/Minor/soul style/D - i VI iv v - Sad Hopeful.mid,ldrolez/free-midi-chords,MIT,other,OK,"chord / progression, key folder in path"
chords/free-midi-chords/06 - F Major - D minor/4 Progression/Minor/soul style/D - i VII III VI - Rebellious Triumphant.mid,ldrolez/free-midi-chords,MIT,other,OK,"chord / progression, key folder in path"
chords/free-midi-chords/06 - F Major - D minor/4 Progression/Minor/soul style/D - i VII VI III - Nostalgic Hopeful.mid,ldrolez/free-midi-chords,MIT,other,OK,"chord / progression, key folder in path"
chords/free-midi-chords/06 - F Major - D minor/4 Progression/Minor/soul style/D - i VII VI III iv VI VII i - Mysterious Surprised.mid,ldrolez/free-midi-chords,MIT,other,OK,"chord / progression, key folder in path"
chords/free-midi-chords/06 - F Major - D minor/4 Progression/Minor/soul style/D - i VII VI VII - Rebellious Triumphant.mid,ldrolez/free-midi-chords,MIT,other,OK,"chord / progression, key folder in path"
chords/free-midi-chords/06 - F Major - D minor/4 Progression/Minor/soul style/D - i VII VI iv - Sad Romantic.mid,ldrolez/free-midi-chords,MIT,other,OK,"chord / progression, key folder in path"
chords/free-midi-chords/06 - F Major - D minor/4 Progression/Minor/soul style/D - i VII VIadd9 VII i v VI VIIsus4 - New Nostalgic Sad.mid,ldrolez/free-midi-chords,MIT,other,OK,"chord / progression, key folder in path"
chords/free-midi-chords/06 - F Major - D minor/4 Progression/Minor/soul style/D - i VII i v - Mysterious Nostalgic.mid,ldrolez/free-midi-chords,MIT,other,OK,"chord / progression, key folder in path"
chords/free-midi-chords/06 - F Major - D minor/4 Progression/Minor/soul style/D - i VII i v III VII i v i - Mysterious Surprised.mid,ldrolez/free-midi-chords,MIT,other,OK,"chord / progression, key folder in path"
chords/free-midi-chords/06 - F Major - D minor/4 Progression/Minor/soul style/D - i VII v VI - Mysterious Hopeful.mid,ldrolez/free-midi-chords,MIT,other,OK,"chord / progression, key folder in path"
chords/free-midi-chords/06 - F Major - D minor/4 Progression/Minor/soul style/D - i i iv iv v7 ii5 v v7 - Dark Mysterious.mid,ldrolez/free-midi-chords,MIT,other,OK,"chord / progression, key folder in path"
chords/free-midi-chords/06 - F Major - D minor/4 Progression/Minor/soul style/D - i ii v III i ii v VII - Mysterious Dramatic.mid,ldrolez/free-midi-chords,MIT,other,OK,"chord / progression, key folder in path"
chords/free-midi-chords/06 - F Major - D minor/4 Progression/Minor/soul style/D - i ii v i - Mysterious Triumphant.mid,ldrolez/free-midi-chords,MIT,other,OK,"chord / progression, key folder in path"
chords/free-midi-chords/06 - F Major - D minor/4 Progression/Minor/soul style/D - i iv III VI - Nostalgic Romantic.mid,ldrolez/free-midi-chords,MIT,other,OK,"chord / progression, key folder in path"
chords/free-midi-chords/06 - F Major - D minor/4 Progression/Minor/soul style/D - i iv VI v - Sad Hopeful.mid,ldrolez/free-midi-chords,MIT,other,OK,"chord / progression, key folder in path"
chords/free-midi-chords/06 - F Major - D minor/4 Progression/Minor/soul style/D - i iv VII i - Sad Nostalgic.mid,ldrolez/free-midi-chords,MIT,other,OK,"chord / progression, key folder in path"
chords/free-midi-chords/06 - F Major - D minor/4 Progression/Minor/soul style/D - i iv VII v i i ii V - Mysterious Surprised.mid,ldrolez/free-midi-chords,MIT,other,OK,"chord / progression, key folder in path"
chords/free-midi-chords/06 - F Major - D minor/4 Progression/Minor/soul style/D - i iv v - Sad Lonely.mid,ldrolez/free-midi-chords,MIT,other,OK,"chord / progression, key folder in path"
chords/free-midi-chords/06 - F Major - D minor/4 Progression/Minor/soul style/D - i iv v iv - Mysterious Sad.mid,ldrolez/free-midi-chords,MIT,other,OK,"chord / progression, key folder in path"
chords/free-midi-chords/06 - F Major - D minor/4 Progression/Minor/soul style/D - i v iv VII - Sad Rebellious.mid,ldrolez/free-midi-chords,MIT,other,OK,"chord / progression, key folder in path"
chords/free-midi-chords/06 - F Major - D minor/4 Progression/Minor/soul style/D - i vdim iv VI - Dark Nostalgic.mid,ldrolez/free-midi-chords,MIT,other,OK,"chord / progression, key folder in path"
chords/free-midi-chords/06 - F Major - D minor/4 Progression/Minor/soul style/D - i7 VI III7 VII6 i i7 III7 iv7 - Dark Nostalgic.mid,ldrolez/free-midi-chords,MIT,other,OK,"chord / progression, key folder in path"
chords/free-midi-chords/06 - F Major - D minor/4 Progression/Minor/soul style/D - i7 VII VI7 iv7 - Nostalgic Romantic.mid,ldrolez/free-midi-chords,MIT,other,OK,"chord / progression, key folder in path"
chords/free-midi-chords/06 - F Major - D minor/4 Progression/Minor/soul style/D - ii VI i iv - Sad Hopeful.mid,ldrolez/free-midi-chords,MIT,other,OK,"chord / progression, key folder in path"
chords/free-midi-chords/06 - F Major - D minor/4 Progression/Minor/soul style/D - ii v i - Peaceful Hopeful.mid,ldrolez/free-midi-chords,MIT,other,OK,"chord / progression, key folder in path"
chords/free-midi-chords/06 - F Major - D minor/4 Progression/Minor/soul style/D - ii v i iv - Peaceful Nostalgic.mid,ldrolez/free-midi-chords,MIT,other,OK,"chord / progression, key folder in path"
chords/free-midi-chords/06 - F Major - D minor/4 Progression/Minor/soul style/D - im7 ivsus4 v7 isus4 - Mysterious Tender.mid,ldrolez/free-midi-chords,MIT,other,OK,"chord / progression, key folder in path"
chords/free-midi-chords/06 - F Major - D minor/4 Progression/Minor/soul style/D - iv III VII i - Nostalgic Mysterious.mid,ldrolez/free-midi-chords,MIT,other,OK,"chord / progression, key folder in path"
chords/free-midi-chords/06 - F Major - D minor/4 Progression/Minor/soul style/D - iv III vsus4 VI iv i III VI - Nostalgic Mysterious.mid,ldrolez/free-midi-chords,MIT,other,OK,"chord / progression, key folder in path"
chords/free-midi-chords/06 - F Major - D minor/4 Progression/Minor/soul style/D - iv VI VII i - Triumphant.mid,ldrolez/free-midi-chords,MIT,other,OK,"chord / progression, key folder in path"
chords/free-midi-chords/06 - F Major - D minor/4 Progression/Minor/soul style/D - iv VI v VII - Mysterious Hopeful.mid,ldrolez/free-midi-chords,MIT,other,OK,"chord / progression, key folder in path"
chords/free-midi-chords/06 - F Major - D minor/4 Progression/Minor/soul style/D - iv i v VI - Nostalgic Hopeful.mid,ldrolez/free-midi-chords,MIT,other,OK,"chord / progression, key folder in path"
chords/free-midi-chords/06 - F Major - D minor/4 Progression/Minor/soul style/D - iv v VI VII - Mysterious Rebellious.mid,ldrolez/free-midi-chords,MIT,other,OK,"chord / progression, key folder in path"
chords/free-midi-chords/06 - F Major - D minor/4 Progression/Minor/soul style/D - v VI III i - Hopeful Nostalgic.mid,ldrolez/free-midi-chords,MIT,other,OK,"chord / progression, key folder in path"
chords/free-midi-chords/06 - F Major - D minor/4 Progression/Minor/soul style/D - v VI v i - Sad.mid,ldrolez/free-midi-chords,MIT,other,OK,"chord / progression, key folder in path"
chords/free-midi-chords/06 - F Major - D minor/4 Progression/Minor/soul style/D - v i iv VII - Dark Rebellious.mid,ldrolez/free-midi-chords,MIT,other,OK,"chord / progression, key folder in path"
chords/free-midi-chords/06 - F Major - D minor/4 Progression/Minor/soul style/D - v iv i - Lonely.mid,ldrolez/free-midi-chords,MIT,other,OK,"chord / progression, key folder in path"
chords/free-midi-chords/06 - F Major - D minor/4 Progression/Modal/F - I I7 I9 IV ivm - Romantic Nostalgic.mid,ldrolez/free-midi-chords,MIT,other,OK,"chord / progression, key folder in path"
chords/free-midi-chords/06 - F Major - D minor/4 Progression/Modal/F - I I7 Idom7 IV ivm I - Relaxed Nostalgic.mid,ldrolez/free-midi-chords,MIT,other,OK,"chord / progression, key folder in path"
chords/free-midi-chords/06 - F Major - D minor/4 Progression/Modal/F - I I7 Idom7 IV ivm I ivm6 Vdom7 - Relaxed Romantic.mid,ldrolez/free-midi-chords,MIT,other,OK,"chord / progression, key folder in path"
chords/free-midi-chords/06 - F Major - D minor/4 Progression/Modal/F - I IIIM vi V - Joyful Hopeful.mid,ldrolez/free-midi-chords,MIT,other,OK,"chord / progression, key folder in path"
chords/free-midi-chords/06 - F Major - D minor/4 Progression/Modal/F - I IIM IV I - Joyful Triumphant.mid,ldrolez/free-midi-chords,MIT,other,OK,"chord / progression, key folder in path"
chords/free-midi-chords/06 - F Major - D minor/4 Progression/Modal/F - I IIM iii V6 - Surprised Triumphant.mid,ldrolez/free-midi-chords,MIT,other,OK,"chord / progression, key folder in path"
chords/free-midi-chords/06 - F Major - D minor/4 Progression/Modal/F - I IV V bVIIM - Triumphant Rebellious.mid,ldrolez/free-midi-chords,MIT,other,OK,"chord / progression, key folder in path"
chords/free-midi-chords/06 - F Major - D minor/4 Progression/Modal/F - I IV bIIIM bVIM - Nostalgic Mysterious.mid,ldrolez/free-midi-chords,MIT,other,OK,"chord / progression, key folder in path"
chords/free-midi-chords/06 - F Major - D minor/4 Progression/Modal/F - I IV bVIIM IV - Joyful Rebellious.mid,ldrolez/free-midi-chords,MIT,other,OK,"chord / progression, key folder in path"
chords/free-midi-chords/06 - F Major - D minor/4 Progression/Modal/F - I V bVIIM IV - Triumphant Rebellious.mid,ldrolez/free-midi-chords,MIT,other,OK,"chord / progression, key folder in path"
chords/free-midi-chords/06 - F Major - D minor/4 Progression/Modal/F - I V ivm bVIM - Surprised Mysterious.mid,ldrolez/free-midi-chords,MIT,other,OK,"chord / progression, key folder in path"
chords/free-midi-chords/06 - F Major - D minor/4 Progression/Modal/F - I bIIIM IV I - Romantic.mid,ldrolez/free-midi-chords,MIT,other,OK,"chord / progression, key folder in path"
chords/free-midi-chords/06 - F Major - D minor/4 Progression/Modal/F - I bIIIM bVIIM I - Triumphant Rebellious.mid,ldrolez/free-midi-chords,MIT,other,OK,"chord / progression, key folder in path"
chords/free-midi-chords/06 - F Major - D minor/4 Progression/Modal/F - I bIIIM bVIIM IV - Triumphant Mysterious.mid,ldrolez/free-midi-chords,MIT,other,OK,"chord / progression, key folder in path"
chords/free-midi-chords/06 - F Major - D minor/4 Progression/Modal/F - I bIIIM bVIM bVIIM - Triumphant Hopeful.mid,ldrolez/free-midi-chords,MIT,other,OK,"chord / progression, key folder in path"
chords/free-midi-chords/06 - F Major - D minor/4 Progression/Modal/F - I bIIM I iii - Surprised Mysterious.mid,ldrolez/free-midi-chords,MIT,other,OK,"chord / progression, key folder in path"
chords/free-midi-chords/06 - F Major - D minor/4 Progression/Modal/F - I bIIM7 bIIIM6 bIIM7 I im bVIIM bIIM - Surprised Mysterious.mid,ldrolez/free-midi-chords,MIT,other,OK,"chord / progression, key folder in path"
chords/free-midi-chords/06 - F Major - D minor/4 Progression/Modal/F - I bVIIM I I bVIM V - Triumphant Hopeful.mid,ldrolez/free-midi-chords,MIT,other,OK,"chord / progression, key folder in path"
chords/free-midi-chords/06 - F Major - D minor/4 Progression/Modal/F - I bVIIM IV V - Joyful Triumphant.mid,ldrolez/free-midi-chords,MIT,other,OK,"chord / progression, key folder in path"
chords/free-midi-chords/06 - F Major - D minor/4 Progression/Modal/F - I bVIIM bVIM IV IVsus4 IV - Hopeful Nostalgic.mid,ldrolez/free-midi-chords,MIT,other,OK,"chord / progression, key folder in path"
chords/free-midi-chords/06 - F Major - D minor/4 Progression/Modal/F - I bVIIM bVIM bIIM - Triumphant Rebellious.mid,ldrolez/free-midi-chords,MIT,other,OK,"chord / progression, key folder in path"
chords/free-midi-chords/06 - F Major - D minor/4 Progression/Modal/F - I bVIM I bIIM - Surprised Mysterious.mid,ldrolez/free-midi-chords,MIT,other,OK,"chord / progression, key folder in path"
chords/free-midi-chords/06 - F Major - D minor/4 Progression/Modal/F - I bVIM IV bIIIM bVIIM - Mysterious Nostalgic.mid,ldrolez/free-midi-chords,MIT,other,OK,"chord / progression, key folder in path"
chords/free-midi-chords/06 - F Major - D minor/4 Progression/Modal/F - I bVIM bVIIM ivm - New Empowered Nostalgic.mid,ldrolez/free-midi-chords,MIT,other,OK,"chord / progression, key folder in path"
chords/free-midi-chords/06 - F Major - D minor/4 Progression/Modal/F - I im bVII6 bVIM - New Nostalgic Mysterious.mid,ldrolez/free-midi-chords,MIT,other,OK,"chord / progression, key folder in path"
chords/free-midi-chords/06 - F Major - D minor/4 Progression/Modal/F - I ivm bIIIM bVIIM - Mysterious Nostalgic.mid,ldrolez/free-midi-chords,MIT,other,OK,"chord / progression, key folder in path"
chords/free-midi-chords/06 - F Major - D minor/4 Progression/Modal/F - I vi bVIM V - New Surprised Mysterious.mid,ldrolez/free-midi-chords,MIT,other,OK,"chord / progression, key folder in path"
chords/free-midi-chords/06 - F Major - D minor/4 Progression/Modal/F - I5 iii II5 #IVm IV5 vi V5 viim - Excited Triumphant.mid,ldrolez/free-midi-chords,MIT,other,OK,"chord / progression, key folder in path"
chords/free-midi-chords/06 - F Major - D minor/4 Progression/Modal/F - I7 bIdom7 III7 ii7 V7 - Playful Surprised.mid,ldrolez/free-midi-chords,MIT,other,OK,"chord / progression, key folder in path"
chords/free-midi-chords/06 - F Major - D minor/4 Progression/Modal/F - IIIM V VIsus4 VIM I IIM - Triumphant Surprised.mid,ldrolez/free-midi-chords,MIT,other,OK,"chord / progression, key folder in path"
chords/free-midi-chords/06 - F Major - D minor/4 Progression/Modal/F - IV V ii im bIIIM IV - Hopeful Nostalgic.mid,ldrolez/free-midi-chords,MIT,other,OK,"chord / progression, key folder in path"
chords/free-midi-chords/06 - F Major - D minor/4 Progression/Modal/F - VIM bVIM im bVIIM - Surprised Rebellious.mid,ldrolez/free-midi-chords,MIT,other,OK,"chord / progression, key folder in path"
chords/free-midi-chords/06 - F Major - D minor/4 Progression/Modal/F - bIIIM V7 I - Cadence.mid,ldrolez/free-midi-chords,MIT,other,OK,"chord / progression, key folder in path"
chords/free-midi-chords/06 - F Major - D minor/4 Progression/Modal/F - bIIIM ii bIIM I - Mysterious Surprised.mid,ldrolez/free-midi-chords,MIT,other,OK,"chord / progression, key folder in path"
chords/free-midi-chords/06 - F Major - D minor/4 Progression/Modal/F - bIIM bVIM biii bviim - Mysterious Surprised.mid,ldrolez/free-midi-chords,MIT,other,OK,"chord / progression, key folder in path"
chords/free-midi-chords/06 - F Major - D minor/4 Progression/Modal/F - bIIM ivm biii im - Mysterious Dark.mid,ldrolez/free-midi-chords,MIT,other,OK,"chord / progression, key folder in path"
chords/free-midi-chords/06 - F Major - D minor/4 Progression/Modal/F - bVIIM V7 I - Cadence.mid,ldrolez/free-midi-chords,MIT,other,OK,"chord / progression, key folder in path"
chords/free-midi-chords/06 - F Major - D minor/4 Progression/Modal/F - bVIIM bIIM bIIIM im - Mysterious Rebellious.mid,ldrolez/free-midi-chords,MIT,other,OK,"chord / progression, key folder in path"
chords/free-midi-chords/06 - F Major - D minor/4 Progression/Modal/F - bVIM bIIIM bVIIM IV I - Triumphant Mysterious.mid,ldrolez/free-midi-chords,MIT,other,OK,"chord / progression, key folder in path"
chords/free-midi-chords/06 - F Major - D minor/4 Progression/Modal/F - bVIM bVIIm im bIIM - Mysterious Dark.mid,ldrolez/free-midi-chords,MIT,other,OK,"chord / progression, key folder in path"
chords/free-midi-chords/06 - F Major - D minor/4 Progression/Modal/F - bVIM vi im bVIIM - Hopeful Mysterious.mid,ldrolez/free-midi-chords,MIT,other,OK,"chord / progression, key folder in path"
chords/free-midi-chords/06 - F Major - D minor/4 Progression/Modal/F - bVIM7 ivmadd9 I - Spiritual Nostalgic.mid,ldrolez/free-midi-chords,MIT,other,OK,"chord / progression, key folder in path"
chords/free-midi-chords/06 - F Major - D minor/4 Progression/Modal/F - ii IVM vm bVIIM - Mysterious Nostalgic.mid,ldrolez/free-midi-chords,MIT,other,OK,"chord / progression, key folder in path"
chords/free-midi-chords/06 - F Major - D minor/4 Progression/Modal/F - ii bIIM I bVIIM - Mysterious Rebellious.mid,ldrolez/free-midi-chords,MIT,other,OK,"chord / progression, key folder in path"
chords/free-midi-chords/06 - F Major - D minor/4 Progression/Modal/F - ii bVIIM7 I - Hopeful Triumphant.mid,ldrolez/free-midi-chords,MIT,other,OK,"chord / progression, key folder in path"
chords/free-midi-chords/06 - F Major - D minor/4 Progression/Modal/F - iii im iii im7 - New Anguished Mysterious.mid,ldrolez/free-midi-chords,MIT,other,OK,"chord / progression, key folder in path"
chords/free-midi-chords/06 - F Major - D minor/4 Progression/Modal/F - im V bVIIM IV bVIM bIIIM ivm V - Mysterious Rebellious.mid,ldrolez/free-midi-chords,MIT,other,OK,"chord / progression, key folder in path"
chords/free-midi-chords/06 - F Major - D minor/4 Progression/Modal/F - im VIM IIIM bIIM - Nostalgic Surprised.mid,ldrolez/free-midi-chords,MIT,other,OK,"chord / progression, key folder in path"
chords/free-midi-chords/06 - F Major - D minor/4 Progression/Modal/F - im VIM bi V - Mysterious Triumphant.mid,ldrolez/free-midi-chords,MIT,other,OK,"chord / progression, key folder in path"
chords/free-midi-chords/06 - F Major - D minor/4 Progression/Modal/F - im bIIIM IV V - New Mysterious Triumphant.mid,ldrolez/free-midi-chords,MIT,other,OK,"chord / progression, key folder in path"
chords/free-midi-chords/06 - F Major - D minor/4 Progression/Modal/F - im bIIIM IV bVIM - Mysterious Hopeful.mid,ldrolez/free-midi-chords,MIT,other,OK,"chord / progression, key folder in path"
chords/free-midi-chords/06 - F Major - D minor/4 Progression/Modal/F - im bIIIM bVIIM IV - Romantic Nostalgic.mid,ldrolez/free-midi-chords,MIT,other,OK,"chord / progression, key folder in path"
chords/free-midi-chords/06 - F Major - D minor/4 Progression/Modal/F - im bIIIM bVIM V - Mysterious Triumphant.mid,ldrolez/free-midi-chords,MIT,other,OK,"chord / progression, key folder in path"
chords/free-midi-chords/06 - F Major - D minor/4 Progression/Modal/F - im bIIIsus2 IV - Mysterious Hopeful.mid,ldrolez/free-midi-chords,MIT,other,OK,"chord / progression, key folder in path"
chords/free-midi-chords/06 - F Major - D minor/4 Progression/Modal/F - im bIIM bIIIM bIIM - Mysterious Dark.mid,ldrolez/free-midi-chords,MIT,other,OK,"chord / progression, key folder in path"
chords/free-midi-chords/06 - F Major - D minor/4 Progression/Modal/F - im bIIM biim6 ivm - Mysterious Tender.mid,ldrolez/free-midi-chords,MIT,other,OK,"chord / progression, key folder in path"
chords/free-midi-chords/06 - F Major - D minor/4 Progression/Modal/F - im bIIM im7 bviim - Mysterious Spiritual.mid,ldrolez/free-midi-chords,MIT,other,OK,"chord / progression, key folder in path"
chords/free-midi-chords/06 - F Major - D minor/4 Progression/Modal/F - im bIIM ivm IIIM bIIM ivm IIIM IIIM - Mysterious Nostalgic.mid,ldrolez/free-midi-chords,MIT,other,OK,"chord / progression, key folder in path"
chords/free-midi-chords/06 - F Major - D minor/4 Progression/Modal/F - im bIIM vm im7 - Mysterious Dark.mid,ldrolez/free-midi-chords,MIT,other,OK,"chord / progression, key folder in path"
chords/free-midi-chords/06 - F Major - D minor/4 Progression/Modal/F - im bVIIM IV im - Cadence.mid,ldrolez/free-midi-chords,MIT,other,OK,"chord / progression, key folder in path"
chords/free-midi-chords/06 - F Major - D minor/4 Progression/Modal/F - im bVIIM IV im - New Nostalgic Mysterious.mid,ldrolez/free-midi-chords,MIT,other,OK,"chord / progression, key folder in path"
chords/free-midi-chords/06 - F Major - D minor/4 Progression/Modal/F - im bVIIM bIIM vm - Mysterious Rebellious.mid,ldrolez/free-midi-chords,MIT,other,OK,"chord / progression, key folder in path"
chords/free-midi-chords/06 - F Major - D minor/4 Progression/Modal/F - im bVIM im IV - New Nostalgic Hopeful.mid,ldrolez/free-midi-chords,MIT,other,OK,"chord / progression, key folder in path"
chords/free-midi-chords/06 - F Major - D minor/4 Progression/Modal/F - im bVIM ivm V - Triumphant.mid,ldrolez/free-midi-chords,MIT,other,OK,"chord / progression, key folder in path"
chords/free-midi-chords/06 - F Major - D minor/4 Progression/Modal/F - im bviim bVIM bIIM - Mysterious Hopeful.mid,ldrolez/free-midi-chords,MIT,other,OK,"chord / progression, key folder in path"
chords/free-midi-chords/06 - F Major - D minor/4 Progression/Modal/F - im ii vm IV - Nostalgic Hopeful.mid,ldrolez/free-midi-chords,MIT,other,OK,"chord / progression, key folder in path"
chords/free-midi-chords/06 - F Major - D minor/4 Progression/Modal/F - im ivm9 bIIM im - Mysterious Nostalgic.mid,ldrolez/free-midi-chords,MIT,other,OK,"chord / progression, key folder in path"
chords/free-midi-chords/06 - F Major - D minor/4 Progression/Modal/F - im ivm9 bIIM im vm ivm7 bIIM im7 - Mysterious Tender.mid,ldrolez/free-midi-chords,MIT,other,OK,"chord / progression, key folder in path"
chords/free-midi-chords/06 - F Major - D minor/4 Progression/Modal/F - im viim im bii - New Mysterious Fearful.mid,ldrolez/free-midi-chords,MIT,other,OK,"chord / progression, key folder in path"
chords/free-midi-chords/06 - F Major - D minor/4 Progression/Modal/F - im vm bVIIM IV - New Hopeful Nostalgic.mid,ldrolez/free-midi-chords,MIT,other,OK,"chord / progression, key folder in path"
chords/free-midi-chords/06 - F Major - D minor/4 Progression/Modal/F - im vm bVIM bIIM - Mysterious Hopeful.mid,ldrolez/free-midi-chords,MIT,other,OK,"chord / progression, key folder in path"
chords/free-midi-chords/06 - F Major - D minor/4 Progression/Modal/F - im vm isus4 I - Hopeful Spiritual.mid,ldrolez/free-midi-chords,MIT,other,OK,"chord / progression, key folder in path"
chords/free-midi-chords/06 - F Major - D minor/4 Progression/Modal/F - im vm ivm bIIM7 - Mysterious Dark.mid,ldrolez/free-midi-chords,MIT,other,OK,"chord / progression, key folder in path"
chords/free-midi-chords/06 - F Major - D minor/4 Progression/Modal/F - ivm IIIM bIIM I - Cadence.mid,ldrolez/free-midi-chords,MIT,other,OK,"chord / progression, key folder in path"
chords/free-midi-chords/06 - F Major - D minor/4 Progression/Modal/F - ivm bIIIM bIIM I - Cadence.mid,ldrolez/free-midi-chords,MIT,other,OK,"chord / progression, key folder in path"
chords/free-midi-chords/06 - F Major - D minor/4 Progression/Modal/F - ivm bIIIM bVIM I - Cadence.mid,ldrolez/free-midi-chords,MIT,other,OK,"chord / progression, key folder in path"
chords/free-midi-chords/06 - F Major - D minor/4 Progression/Modal/F - ivm bIIIM iim7 V - Mysterious Tender.mid,ldrolez/free-midi-chords,MIT,other,OK,"chord / progression, key folder in path"
chords/free-midi-chords/06 - F Major - D minor/4 Progression/Modal/F - ivm im bviim bVIM - Dark.mid,ldrolez/free-midi-chords,MIT,other,OK,"chord / progression, key folder in path"
chords/free-midi-chords/06 - F Major - D minor/4 Progression/Modal/F - vdim vdim ivm bIIIM - Fearful Mysterious.mid,ldrolez/free-midi-chords,MIT,other,OK,"chord / progression, key folder in path"
chords/free-midi-chords/06 - F Major - D minor/4 Progression/Modal/F - vi IV I IIM - Hopeful Peaceful.mid,ldrolez/free-midi-chords,MIT,other,OK,"chord / progression, key folder in path"
chords/free-midi-chords/06 - F Major - D minor/4 Progression/Modal/F - vi bVIM bVIIM I - Hopeful Triumphant.mid,ldrolez/free-midi-chords,MIT,other,OK,"chord / progression, key folder in path"
chords/free-midi-chords/06 - F Major - D minor/4 Progression/Modal/F - vi viim V vi #IVdim V - Nostalgic Dark.mid,ldrolez/free-midi-chords,MIT,other,OK,"chord / progression, key folder in path"
chords/free-midi-chords/06 - F Major - D minor/4 Progression/Modal/hiphop2 style/F - I I7 I9 IV ivm - Romantic Nostalgic.mid,ldrolez/free-midi-chords,MIT,other,OK,"chord / progression, key folder in path"
chords/free-midi-chords/06 - F Major - D minor/4 Progression/Modal/hiphop2 style/F - I I7 Idom7 IV ivm I - Relaxed Nostalgic.mid,ldrolez/free-midi-chords,MIT,other,OK,"chord / progression, key folder in path"
chords/free-midi-chords/06 - F Major - D minor/4 Progression/Modal/hiphop2 style/F - I I7 Idom7 IV ivm I ivm6 Vdom7 - Relaxed Romantic.mid,ldrolez/free-midi-chords,MIT,other,OK,"chord / progression, key folder in path"
chords/free-midi-chords/06 - F Major - D minor/4 Progression/Modal/hiphop2 style/F - I IIIM vi V - Joyful Hopeful.mid,ldrolez/free-midi-chords,MIT,other,OK,"chord / progression, key folder in path"
chords/free-midi-chords/06 - F Major - D minor/4 Progression/Modal/hiphop2 style/F - I IIM IV I - Joyful Triumphant.mid,ldrolez/free-midi-chords,MIT,other,OK,"chord / progression, key folder in path"
chords/free-midi-chords/06 - F Major - D minor/4 Progression/Modal/hiphop2 style/F - I IIM iii V6 - Surprised Triumphant.mid,ldrolez/free-midi-chords,MIT,other,OK,"chord / progression, key folder in path"
chords/free-midi-chords/06 - F Major - D minor/4 Progression/Modal/hiphop2 style/F - I IV V bVIIM - Triumphant Rebellious.mid,ldrolez/free-midi-chords,MIT,other,OK,"chord / progression, key folder in path"
chords/free-midi-chords/06 - F Major - D minor/4 Progression/Modal/hiphop2 style/F - I IV bIIIM bVIM - Nostalgic Mysterious.mid,ldrolez/free-midi-chords,MIT,other,OK,"chord / progression, key folder in path"
chords/free-midi-chords/06 - F Major - D minor/4 Progression/Modal/hiphop2 style/F - I IV bVIIM IV - Joyful Rebellious.mid,ldrolez/free-midi-chords,MIT,other,OK,"chord / progression, key folder in path"
chords/free-midi-chords/06 - F Major - D minor/4 Progression/Modal/hiphop2 style/F - I V bVIIM IV - Triumphant Rebellious.mid,ldrolez/free-midi-chords,MIT,other,OK,"chord / progression, key folder in path"
chords/free-midi-chords/06 - F Major - D minor/4 Progression/Modal/hiphop2 style/F - I V ivm bVIM - Surprised Mysterious.mid,ldrolez/free-midi-chords,MIT,other,OK,"chord / progression, key folder in path"
chords/free-midi-chords/06 - F Major - D minor/4 Progression/Modal/hiphop2 style/F - I bIIIM IV I - Romantic.mid,ldrolez/free-midi-chords,MIT,other,OK,"chord / progression, key folder in path"
chords/free-midi-chords/06 - F Major - D minor/4 Progression/Modal/hiphop2 style/F - I bIIIM bVIIM I - Triumphant Rebellious.mid,ldrolez/free-midi-chords,MIT,other,OK,"chord / progression, key folder in path"
chords/free-midi-chords/06 - F Major - D minor/4 Progression/Modal/hiphop2 style/F - I bIIIM bVIIM IV - Triumphant Mysterious.mid,ldrolez/free-midi-chords,MIT,other,OK,"chord / progression, key folder in path"
chords/free-midi-chords/06 - F Major - D minor/4 Progression/Modal/hiphop2 style/F - I bIIIM bVIM bVIIM - Triumphant Hopeful.mid,ldrolez/free-midi-chords,MIT,other,OK,"chord / progression, key folder in path"
chords/free-midi-chords/06 - F Major - D minor/4 Progression/Modal/hiphop2 style/F - I bIIM I iii - Surprised Mysterious.mid,ldrolez/free-midi-chords,MIT,other,OK,"chord / progression, key folder in path"
chords/free-midi-chords/06 - F Major - D minor/4 Progression/Modal/hiphop2 style/F - I bIIM7 bIIIM6 bIIM7 I im bVIIM bIIM - Surprised Mysterious.mid,ldrolez/free-midi-chords,MIT,other,OK,"chord / progression, key folder in path"
chords/free-midi-chords/06 - F Major - D minor/4 Progression/Modal/hiphop2 style/F - I bVIIM I I bVIM V - Triumphant Hopeful.mid,ldrolez/free-midi-chords,MIT,other,OK,"chord / progression, key folder in path"
chords/free-midi-chords/06 - F Major - D minor/4 Progression/Modal/hiphop2 style/F - I bVIIM IV V - Joyful Triumphant.mid,ldrolez/free-midi-chords,MIT,other,OK,"chord / progression, key folder in path"
chords/free-midi-chords/06 - F Major - D minor/4 Progression/Modal/hiphop2 style/F - I bVIIM bVIM IV IVsus4 IV - Hopeful Nostalgic.mid,ldrolez/free-midi-chords,MIT,other,OK,"chord / progression, key folder in path"
chords/free-midi-chords/06 - F Major - D minor/4 Progression/Modal/hiphop2 style/F - I bVIIM bVIM bIIM - Triumphant Rebellious.mid,ldrolez/free-midi-chords,MIT,other,OK,"chord / progression, key folder in path"
chords/free-midi-chords/06 - F Major - D minor/4 Progression/Modal/hiphop2 style/F - I bVIM I bIIM - Surprised Mysterious.mid,ldrolez/free-midi-chords,MIT,other,OK,"chord / progression, key folder in path"
chords/free-midi-chords/06 - F Major - D minor/4 Progression/Modal/hiphop2 style/F - I bVIM IV bIIIM bVIIM - Mysterious Nostalgic.mid,ldrolez/free-midi-chords,MIT,other,OK,"chord / progression, key folder in path"
chords/free-midi-chords/06 - F Major - D minor/4 Progression/Modal/hiphop2 style/F - I bVIM bVIIM ivm - New Empowered Nostalgic.mid,ldrolez/free-midi-chords,MIT,other,OK,"chord / progression, key folder in path"
chords/free-midi-chords/06 - F Major - D minor/4 Progression/Modal/hiphop2 style/F - I im bVII6 bVIM - New Nostalgic Mysterious.mid,ldrolez/free-midi-chords,MIT,other,OK,"chord / progression, key folder in path"
chords/free-midi-chords/06 - F Major - D minor/4 Progression/Modal/hiphop2 style/F - I ivm bIIIM bVIIM - Mysterious Nostalgic.mid,ldrolez/free-midi-chords,MIT,other,OK,"chord / progression, key folder in path"
chords/free-midi-chords/06 - F Major - D minor/4 Progression/Modal/hiphop2 style/F - I vi bVIM V - New Surprised Mysterious.mid,ldrolez/free-midi-chords,MIT,other,OK,"chord / progression, key folder in path"
chords/free-midi-chords/06 - F Major - D minor/4 Progression/Modal/hiphop2 style/F - I5 iii II5 #IVm IV5 vi V5 viim - Excited Triumphant.mid,ldrolez/free-midi-chords,MIT,other,OK,"chord / progression, key folder in path"
chords/free-midi-chords/06 - F Major - D minor/4 Progression/Modal/hiphop2 style/F - I7 bIdom7 III7 ii7 V7 - Playful Surprised.mid,ldrolez/free-midi-chords,MIT,other,OK,"chord / progression, key folder in path"
chords/free-midi-chords/06 - F Major - D minor/4 Progression/Modal/hiphop2 style/F - IIIM V VIsus4 VIM I IIM - Triumphant Surprised.mid,ldrolez/free-midi-chords,MIT,other,OK,"chord / progression, key folder in path"
chords/free-midi-chords/06 - F Major - D minor/4 Progression/Modal/hiphop2 style/F - IV V ii im bIIIM IV - Hopeful Nostalgic.mid,ldrolez/free-midi-chords,MIT,other,OK,"chord / progression, key folder in path"
chords/free-midi-chords/06 - F Major - D minor/4 Progression/Modal/hiphop2 style/F - VIM bVIM im bVIIM - Surprised Rebellious.mid,ldrolez/free-midi-chords,MIT,other,OK,"chord / progression, key folder in path"
chords/free-midi-chords/06 - F Major - D minor/4 Progression/Modal/hiphop2 style/F - bIIIM V7 I - Cadence.mid,ldrolez/free-midi-chords,MIT,other,OK,"chord / progression, key folder in path"
chords/free-midi-chords/06 - F Major - D minor/4 Progression/Modal/hiphop2 style/F - bIIIM ii bIIM I - Mysterious Surprised.mid,ldrolez/free-midi-chords,MIT,other,OK,"chord / progression, key folder in path"
chords/free-midi-chords/06 - F Major - D minor/4 Progression/Modal/hiphop2 style/F - bIIM bVIM biii bviim - Mysterious Surprised.mid,ldrolez/free-midi-chords,MIT,other,OK,"chord / progression, key folder in path"
chords/free-midi-chords/06 - F Major - D minor/4 Progression/Modal/hiphop2 style/F - bIIM ivm biii im - Mysterious Dark.mid,ldrolez/free-midi-chords,MIT,other,OK,"chord / progression, key folder in path"
chords/free-midi-chords/06 - F Major - D minor/4 Progression/Modal/hiphop2 style/F - bVIIM V7 I - Cadence.mid,ldrolez/free-midi-chords,MIT,other,OK,"chord / progression, key folder in path"
chords/free-midi-chords/06 - F Major - D minor/4 Progression/Modal/hiphop2 style/F - bVIIM bIIM bIIIM im - Mysterious Rebellious.mid,ldrolez/free-midi-chords,MIT,other,OK,"chord / progression, key folder in path"
chords/free-midi-chords/06 - F Major - D minor/4 Progression/Modal/hiphop2 style/F - bVIM bIIIM bVIIM IV I - Triumphant Mysterious.mid,ldrolez/free-midi-chords,MIT,other,OK,"chord / progression, key folder in path"
chords/free-midi-chords/06 - F Major - D minor/4 Progression/Modal/hiphop2 style/F - bVIM bVIIm im bIIM - Mysterious Dark.mid,ldrolez/free-midi-chords,MIT,other,OK,"chord / progression, key folder in path"
chords/free-midi-chords/06 - F Major - D minor/4 Progression/Modal/hiphop2 style/F - bVIM vi im bVIIM - Hopeful Mysterious.mid,ldrolez/free-midi-chords,MIT,other,OK,"chord / progression, key folder in path"
chords/free-midi-chords/06 - F Major - D minor/4 Progression/Modal/hiphop2 style/F - bVIM7 ivmadd9 I - Spiritual Nostalgic.mid,ldrolez/free-midi-chords,MIT,other,OK,"chord / progression, key folder in path"
chords/free-midi-chords/06 - F Major - D minor/4 Progression/Modal/hiphop2 style/F - ii IVM vm bVIIM - Mysterious Nostalgic.mid,ldrolez/free-midi-chords,MIT,other,OK,"chord / progression, key folder in path"
chords/free-midi-chords/06 - F Major - D minor/4 Progression/Modal/hiphop2 style/F - ii bIIM I bVIIM - Mysterious Rebellious.mid,ldrolez/free-midi-chords,MIT,other,OK,"chord / progression, key folder in path"
chords/free-midi-chords/06 - F Major - D minor/4 Progression/Modal/hiphop2 style/F - ii bVIIM7 I - Hopeful Triumphant.mid,ldrolez/free-midi-chords,MIT,other,OK,"chord / progression, key folder in path"
chords/free-midi-chords/06 - F Major - D minor/4 Progression/Modal/hiphop2 style/F - iii im iii im7 - New Anguished Mysterious.mid,ldrolez/free-midi-chords,MIT,other,OK,"chord / progression, key folder in path"
chords/free-midi-chords/06 - F Major - D minor/4 Progression/Modal/hiphop2 style/F - im V bVIIM IV bVIM bIIIM ivm V - Mysterious Rebellious.mid,ldrolez/free-midi-chords,MIT,other,OK,"chord / progression, key folder in path"
chords/free-midi-chords/06 - F Major - D minor/4 Progression/Modal/hiphop2 style/F - im VIM IIIM bIIM - Nostalgic Surprised.mid,ldrolez/free-midi-chords,MIT,other,OK,"chord / progression, key folder in path"
chords/free-midi-chords/06 - F Major - D minor/4 Progression/Modal/hiphop2 style/F - im VIM bi V - Mysterious Triumphant.mid,ldrolez/free-midi-chords,MIT,other,OK,"chord / progression, key folder in path"
chords/free-midi-chords/06 - F Major - D minor/4 Progression/Modal/hiphop2 style/F - im bIIIM IV V - New Mysterious Triumphant.mid,ldrolez/free-midi-chords,MIT,other,OK,"chord / progression, key folder in path"
chords/free-midi-chords/06 - F Major - D minor/4 Progression/Modal/hiphop2 style/F - im bIIIM IV bVIM - Mysterious Hopeful.mid,ldrolez/free-midi-chords,MIT,other,OK,"chord / progression, key folder in path"
chords/free-midi-chords/06 - F Major - D minor/4 Progression/Modal/hiphop2 style/F - im bIIIM bVIIM IV - Romantic Nostalgic.mid,ldrolez/free-midi-chords,MIT,other,OK,"chord / progression, key folder in path"
chords/free-midi-chords/06 - F Major - D minor/4 Progression/Modal/hiphop2 style/F - im bIIIM bVIM V - Mysterious Triumphant.mid,ldrolez/free-midi-chords,MIT,other,OK,"chord / progression, key folder in path"
chords/free-midi-chords/06 - F Major - D minor/4 Progression/Modal/hiphop2 style/F - im bIIIsus2 IV - Mysterious Hopeful.mid,ldrolez/free-midi-chords,MIT,other,OK,"chord / progression, key folder in path"
chords/free-midi-chords/06 - F Major - D minor/4 Progression/Modal/hiphop2 style/F - im bIIM bIIIM bIIM - Mysterious Dark.mid,ldrolez/free-midi-chords,MIT,other,OK,"chord / progression, key folder in path"
chords/free-midi-chords/06 - F Major - D minor/4 Progression/Modal/hiphop2 style/F - im bIIM biim6 ivm - Mysterious Tender.mid,ldrolez/free-midi-chords,MIT,other,OK,"chord / progression, key folder in path"
chords/free-midi-chords/06 - F Major - D minor/4 Progression/Modal/hiphop2 style/F - im bIIM im7 bviim - Mysterious Spiritual.mid,ldrolez/free-midi-chords,MIT,other,OK,"chord / progression, key folder in path"
chords/free-midi-chords/06 - F Major - D minor/4 Progression/Modal/hiphop2 style/F - im bIIM ivm IIIM bIIM ivm IIIM IIIM - Mysterious Nostalgic.mid,ldrolez/free-midi-chords,MIT,other,OK,"chord / progression, key folder in path"
chords/free-midi-chords/06 - F Major - D minor/4 Progression/Modal/hiphop2 style/F - im bIIM vm im7 - Mysterious Dark.mid,ldrolez/free-midi-chords,MIT,other,OK,"chord / progression, key folder in path"
chords/free-midi-chords/06 - F Major - D minor/4 Progression/Modal/hiphop2 style/F - im bVIIM IV im - Cadence.mid,ldrolez/free-midi-chords,MIT,other,OK,"chord / progression, key folder in path"
chords/free-midi-chords/06 - F Major - D minor/4 Progression/Modal/hiphop2 style/F - im bVIIM IV im - New Nostalgic Mysterious.mid,ldrolez/free-midi-chords,MIT,other,OK,"chord / progression, key folder in path"
chords/free-midi-chords/06 - F Major - D minor/4 Progression/Modal/hiphop2 style/F - im bVIIM bIIM vm - Mysterious Rebellious.mid,ldrolez/free-midi-chords,MIT,other,OK,"chord / progression, key folder in path"
chords/free-midi-chords/06 - F Major - D minor/4 Progression/Modal/hiphop2 style/F - im bVIM im IV - New Nostalgic Hopeful.mid,ldrolez/free-midi-chords,MIT,other,OK,"chord / progression, key folder in path"
chords/free-midi-chords/06 - F Major - D minor/4 Progression/Modal/hiphop2 style/F - im bVIM ivm V - Triumphant.mid,ldrolez/free-midi-chords,MIT,other,OK,"chord / progression, key folder in path"
chords/free-midi-chords/06 - F Major - D minor/4 Progression/Modal/hiphop2 style/F - im bviim bVIM bIIM - Mysterious Hopeful.mid,ldrolez/free-midi-chords,MIT,other,OK,"chord / progression, key folder in path"
chords/free-midi-chords/06 - F Major - D minor/4 Progression/Modal/hiphop2 style/F - im ii vm IV - Nostalgic Hopeful.mid,ldrolez/free-midi-chords,MIT,other,OK,"chord / progression, key folder in path"
chords/free-midi-chords/06 - F Major - D minor/4 Progression/Modal/hiphop2 style/F - im ivm9 bIIM im - Mysterious Nostalgic.mid,ldrolez/free-midi-chords,MIT,other,OK,"chord / progression, key folder in path"
chords/free-midi-chords/06 - F Major - D minor/4 Progression/Modal/hiphop2 style/F - im ivm9 bIIM im vm ivm7 bIIM im7 - Mysterious Tender.mid,ldrolez/free-midi-chords,MIT,other,OK,"chord / progression, key folder in path"
chords/free-midi-chords/06 - F Major - D minor/4 Progression/Modal/hiphop2 style/F - im viim im bii - New Mysterious Fearful.mid,ldrolez/free-midi-chords,MIT,other,OK,"chord / progression, key folder in path"
chords/free-midi-chords/06 - F Major - D minor/4 Progression/Modal/hiphop2 style/F - im vm bVIIM IV - New Hopeful Nostalgic.mid,ldrolez/free-midi-chords,MIT,other,OK,"chord / progression, key folder in path"
chords/free-midi-chords/06 - F Major - D minor/4 Progression/Modal/hiphop2 style/F - im vm bVIM bIIM - Mysterious Hopeful.mid,ldrolez/free-midi-chords,MIT,other,OK,"chord / progression, key folder in path"
chords/free-midi-chords/06 - F Major - D minor/4 Progression/Modal/hiphop2 style/F - im vm isus4 I - Hopeful Spiritual.mid,ldrolez/free-midi-chords,MIT,other,OK,"chord / progression, key folder in path"
chords/free-midi-chords/06 - F Major - D minor/4 Progression/Modal/hiphop2 style/F - im vm ivm bIIM7 - Mysterious Dark.mid,ldrolez/free-midi-chords,MIT,other,OK,"chord / progression, key folder in path"
chords/free-midi-chords/06 - F Major - D minor/4 Progression/Modal/hiphop2 style/F - ivm IIIM bIIM I - Cadence.mid,ldrolez/free-midi-chords,MIT,other,OK,"chord / progression, key folder in path"
chords/free-midi-chords/06 - F Major - D minor/4 Progression/Modal/hiphop2 style/F - ivm bIIIM bIIM I - Cadence.mid,ldrolez/free-midi-chords,MIT,other,OK,"chord / progression, key folder in path"
chords/free-midi-chords/06 - F Major - D minor/4 Progression/Modal/hiphop2 style/F - ivm bIIIM bVIM I - Cadence.mid,ldrolez/free-midi-chords,MIT,other,OK,"chord / progression, key folder in path"
chords/free-midi-chords/06 - F Major - D minor/4 Progression/Modal/hiphop2 style/F - ivm bIIIM iim7 V - Mysterious Tender.mid,ldrolez/free-midi-chords,MIT,other,OK,"chord / progression, key folder in path"
chords/free-midi-chords/06 - F Major - D minor/4 Progression/Modal/hiphop2 style/F - ivm im bviim bVIM - Dark.mid,ldrolez/free-midi-chords,MIT,other,OK,"chord / progression, key folder in path"
chords/free-midi-chords/06 - F Major - D minor/4 Progression/Modal/hiphop2 style/F - vdim vdim ivm bIIIM - Fearful Mysterious.mid,ldrolez/free-midi-chords,MIT,other,OK,"chord / progression, key folder in path"
chords/free-midi-chords/06 - F Major - D minor/4 Progression/Modal/hiphop2 style/F - vi IV I IIM - Hopeful Peaceful.mid,ldrolez/free-midi-chords,MIT,other,OK,"chord / progression, key folder in path"
chords/free-midi-chords/06 - F Major - D minor/4 Progression/Modal/hiphop2 style/F - vi bVIM bVIIM I - Hopeful Triumphant.mid,ldrolez/free-midi-chords,MIT,other,OK,"chord / progression, key folder in path"
chords/free-midi-chords/06 - F Major - D minor/4 Progression/Modal/hiphop2 style/F - vi viim V vi #IVdim V - Nostalgic Dark.mid,ldrolez/free-midi-chords,MIT,other,OK,"chord / progression, key folder in path"
chords/free-midi-chords/06 - F Major - D minor/4 Progression/Modal/pop style/F - I I7 I9 IV ivm - Romantic Nostalgic.mid,ldrolez/free-midi-chords,MIT,other,OK,"chord / progression, key folder in path"
chords/free-midi-chords/06 - F Major - D minor/4 Progression/Modal/pop style/F - I I7 Idom7 IV ivm I - Relaxed Nostalgic.mid,ldrolez/free-midi-chords,MIT,other,OK,"chord / progression, key folder in path"
chords/free-midi-chords/06 - F Major - D minor/4 Progression/Modal/pop style/F - I I7 Idom7 IV ivm I ivm6 Vdom7 - Relaxed Romantic.mid,ldrolez/free-midi-chords,MIT,other,OK,"chord / progression, key folder in path"
chords/free-midi-chords/06 - F Major - D minor/4 Progression/Modal/pop style/F - I IIIM vi V - Joyful Hopeful.mid,ldrolez/free-midi-chords,MIT,other,OK,"chord / progression, key folder in path"
chords/free-midi-chords/06 - F Major - D minor/4 Progression/Modal/pop style/F - I IIM IV I - Joyful Triumphant.mid,ldrolez/free-midi-chords,MIT,other,OK,"chord / progression, key folder in path"
chords/free-midi-chords/06 - F Major - D minor/4 Progression/Modal/pop style/F - I IIM iii V6 - Surprised Triumphant.mid,ldrolez/free-midi-chords,MIT,other,OK,"chord / progression, key folder in path"
chords/free-midi-chords/06 - F Major - D minor/4 Progression/Modal/pop style/F - I IV V bVIIM - Triumphant Rebellious.mid,ldrolez/free-midi-chords,MIT,other,OK,"chord / progression, key folder in path"
chords/free-midi-chords/06 - F Major - D minor/4 Progression/Modal/pop style/F - I IV bIIIM bVIM - Nostalgic Mysterious.mid,ldrolez/free-midi-chords,MIT,other,OK,"chord / progression, key folder in path"
chords/free-midi-chords/06 - F Major - D minor/4 Progression/Modal/pop style/F - I IV bVIIM IV - Joyful Rebellious.mid,ldrolez/free-midi-chords,MIT,other,OK,"chord / progression, key folder in path"
chords/free-midi-chords/06 - F Major - D minor/4 Progression/Modal/pop style/F - I V bVIIM IV - Triumphant Rebellious.mid,ldrolez/free-midi-chords,MIT,other,OK,"chord / progression, key folder in path"
chords/free-midi-chords/06 - F Major - D minor/4 Progression/Modal/pop style/F - I V ivm bVIM - Surprised Mysterious.mid,ldrolez/free-midi-chords,MIT,other,OK,"chord / progression, key folder in path"
chords/free-midi-chords/06 - F Major - D minor/4 Progression/Modal/pop style/F - I bIIIM IV I - Romantic.mid,ldrolez/free-midi-chords,MIT,other,OK,"chord / progression, key folder in path"
chords/free-midi-chords/06 - F Major - D minor/4 Progression/Modal/pop style/F - I bIIIM bVIIM I - Triumphant Rebellious.mid,ldrolez/free-midi-chords,MIT,other,OK,"chord / progression, key folder in path"
chords/free-midi-chords/06 - F Major - D minor/4 Progression/Modal/pop style/F - I bIIIM bVIIM IV - Triumphant Mysterious.mid,ldrolez/free-midi-chords,MIT,other,OK,"chord / progression, key folder in path"
chords/free-midi-chords/06 - F Major - D minor/4 Progression/Modal/pop style/F - I bIIIM bVIM bVIIM - Triumphant Hopeful.mid,ldrolez/free-midi-chords,MIT,other,OK,"chord / progression, key folder in path"
chords/free-midi-chords/06 - F Major - D minor/4 Progression/Modal/pop style/F - I bIIM I iii - Surprised Mysterious.mid,ldrolez/free-midi-chords,MIT,other,OK,"chord / progression, key folder in path"
chords/free-midi-chords/06 - F Major - D minor/4 Progression/Modal/pop style/F - I bIIM7 bIIIM6 bIIM7 I im bVIIM bIIM - Surprised Mysterious.mid,ldrolez/free-midi-chords,MIT,other,OK,"chord / progression, key folder in path"
chords/free-midi-chords/06 - F Major - D minor/4 Progression/Modal/pop style/F - I bVIIM I I bVIM V - Triumphant Hopeful.mid,ldrolez/free-midi-chords,MIT,other,OK,"chord / progression, key folder in path"
chords/free-midi-chords/06 - F Major - D minor/4 Progression/Modal/pop style/F - I bVIIM IV V - Joyful Triumphant.mid,ldrolez/free-midi-chords,MIT,other,OK,"chord / progression, key folder in path"
chords/free-midi-chords/06 - F Major - D minor/4 Progression/Modal/pop style/F - I bVIIM bVIM IV IVsus4 IV - Hopeful Nostalgic.mid,ldrolez/free-midi-chords,MIT,other,OK,"chord / progression, key folder in path"
chords/free-midi-chords/06 - F Major - D minor/4 Progression/Modal/pop style/F - I bVIIM bVIM bIIM - Triumphant Rebellious.mid,ldrolez/free-midi-chords,MIT,other,OK,"chord / progression, key folder in path"
chords/free-midi-chords/06 - F Major - D minor/4 Progression/Modal/pop style/F - I bVIM I bIIM - Surprised Mysterious.mid,ldrolez/free-midi-chords,MIT,other,OK,"chord / progression, key folder in path"
chords/free-midi-chords/06 - F Major - D minor/4 Progression/Modal/pop style/F - I bVIM IV bIIIM bVIIM - Mysterious Nostalgic.mid,ldrolez/free-midi-chords,MIT,other,OK,"chord / progression, key folder in path"
chords/free-midi-chords/06 - F Major - D minor/4 Progression/Modal/pop style/F - I bVIM bVIIM ivm - New Empowered Nostalgic.mid,ldrolez/free-midi-chords,MIT,other,OK,"chord / progression, key folder in path"
chords/free-midi-chords/06 - F Major - D minor/4 Progression/Modal/pop style/F - I im bVII6 bVIM - New Nostalgic Mysterious.mid,ldrolez/free-midi-chords,MIT,other,OK,"chord / progression, key folder in path"
chords/free-midi-chords/06 - F Major - D minor/4 Progression/Modal/pop style/F - I ivm bIIIM bVIIM - Mysterious Nostalgic.mid,ldrolez/free-midi-chords,MIT,other,OK,"chord / progression, key folder in path"
chords/free-midi-chords/06 - F Major - D minor/4 Progression/Modal/pop style/F - I vi bVIM V - New Surprised Mysterious.mid,ldrolez/free-midi-chords,MIT,other,OK,"chord / progression, key folder in path"
chords/free-midi-chords/06 - F Major - D minor/4 Progression/Modal/pop style/F - I5 iii II5 #IVm IV5 vi V5 viim - Excited Triumphant.mid,ldrolez/free-midi-chords,MIT,other,OK,"chord / progression, key folder in path"
chords/free-midi-chords/06 - F Major - D minor/4 Progression/Modal/pop style/F - I7 bIdom7 III7 ii7 V7 - Playful Surprised.mid,ldrolez/free-midi-chords,MIT,other,OK,"chord / progression, key folder in path"
chords/free-midi-chords/06 - F Major - D minor/4 Progression/Modal/pop style/F - IIIM V VIsus4 VIM I IIM - Triumphant Surprised.mid,ldrolez/free-midi-chords,MIT,other,OK,"chord / progression, key folder in path"
chords/free-midi-chords/06 - F Major - D minor/4 Progression/Modal/pop style/F - IV V ii im bIIIM IV - Hopeful Nostalgic.mid,ldrolez/free-midi-chords,MIT,other,OK,"chord / progression, key folder in path"
chords/free-midi-chords/06 - F Major - D minor/4 Progression/Modal/pop style/F - VIM bVIM im bVIIM - Surprised Rebellious.mid,ldrolez/free-midi-chords,MIT,other,OK,"chord / progression, key folder in path"
chords/free-midi-chords/06 - F Major - D minor/4 Progression/Modal/pop style/F - bIIIM V7 I - Cadence.mid,ldrolez/free-midi-chords,MIT,other,OK,"chord / progression, key folder in path"
chords/free-midi-chords/06 - F Major - D minor/4 Progression/Modal/pop style/F - bIIIM ii bIIM I - Mysterious Surprised.mid,ldrolez/free-midi-chords,MIT,other,OK,"chord / progression, key folder in path"
chords/free-midi-chords/06 - F Major - D minor/4 Progression/Modal/pop style/F - bIIM bVIM biii bviim - Mysterious Surprised.mid,ldrolez/free-midi-chords,MIT,other,OK,"chord / progression, key folder in path"
chords/free-midi-chords/06 - F Major - D minor/4 Progression/Modal/pop style/F - bIIM ivm biii im - Mysterious Dark.mid,ldrolez/free-midi-chords,MIT,other,OK,"chord / progression, key folder in path"
chords/free-midi-chords/06 - F Major - D minor/4 Progression/Modal/pop style/F - bVIIM V7 I - Cadence.mid,ldrolez/free-midi-chords,MIT,other,OK,"chord / progression, key folder in path"
chords/free-midi-chords/06 - F Major - D minor/4 Progression/Modal/pop style/F - bVIIM bIIM bIIIM im - Mysterious Rebellious.mid,ldrolez/free-midi-chords,MIT,other,OK,"chord / progression, key folder in path"
chords/free-midi-chords/06 - F Major - D minor/4 Progression/Modal/pop style/F - bVIM bIIIM bVIIM IV I - Triumphant Mysterious.mid,ldrolez/free-midi-chords,MIT,other,OK,"chord / progression, key folder in path"
chords/free-midi-chords/06 - F Major - D minor/4 Progression/Modal/pop style/F - bVIM bVIIm im bIIM - Mysterious Dark.mid,ldrolez/free-midi-chords,MIT,other,OK,"chord / progression, key folder in path"
chords/free-midi-chords/06 - F Major - D minor/4 Progression/Modal/pop style/F - bVIM vi im bVIIM - Hopeful Mysterious.mid,ldrolez/free-midi-chords,MIT,other,OK,"chord / progression, key folder in path"
chords/free-midi-chords/06 - F Major - D minor/4 Progression/Modal/pop style/F - bVIM7 ivmadd9 I - Spiritual Nostalgic.mid,ldrolez/free-midi-chords,MIT,other,OK,"chord / progression, key folder in path"
chords/free-midi-chords/06 - F Major - D minor/4 Progression/Modal/pop style/F - ii IVM vm bVIIM - Mysterious Nostalgic.mid,ldrolez/free-midi-chords,MIT,other,OK,"chord / progression, key folder in path"
chords/free-midi-chords/06 - F Major - D minor/4 Progression/Modal/pop style/F - ii bIIM I bVIIM - Mysterious Rebellious.mid,ldrolez/free-midi-chords,MIT,other,OK,"chord / progression, key folder in path"
chords/free-midi-chords/06 - F Major - D minor/4 Progression/Modal/pop style/F - ii bVIIM7 I - Hopeful Triumphant.mid,ldrolez/free-midi-chords,MIT,other,OK,"chord / progression, key folder in path"
chords/free-midi-chords/06 - F Major - D minor/4 Progression/Modal/pop style/F - iii im iii im7 - New Anguished Mysterious.mid,ldrolez/free-midi-chords,MIT,other,OK,"chord / progression, key folder in path"
chords/free-midi-chords/06 - F Major - D minor/4 Progression/Modal/pop style/F - im V bVIIM IV bVIM bIIIM ivm V - Mysterious Rebellious.mid,ldrolez/free-midi-chords,MIT,other,OK,"chord / progression, key folder in path"
chords/free-midi-chords/06 - F Major - D minor/4 Progression/Modal/pop style/F - im VIM IIIM bIIM - Nostalgic Surprised.mid,ldrolez/free-midi-chords,MIT,other,OK,"chord / progression, key folder in path"
chords/free-midi-chords/06 - F Major - D minor/4 Progression/Modal/pop style/F - im VIM bi V - Mysterious Triumphant.mid,ldrolez/free-midi-chords,MIT,other,OK,"chord / progression, key folder in path"
chords/free-midi-chords/06 - F Major - D minor/4 Progression/Modal/pop style/F - im bIIIM IV V - New Mysterious Triumphant.mid,ldrolez/free-midi-chords,MIT,other,OK,"chord / progression, key folder in path"
chords/free-midi-chords/06 - F Major - D minor/4 Progression/Modal/pop style/F - im bIIIM IV bVIM - Mysterious Hopeful.mid,ldrolez/free-midi-chords,MIT,other,OK,"chord / progression, key folder in path"
chords/free-midi-chords/06 - F Major - D minor/4 Progression/Modal/pop style/F - im bIIIM bVIIM IV - Romantic Nostalgic.mid,ldrolez/free-midi-chords,MIT,other,OK,"chord / progression, key folder in path"
chords/free-midi-chords/06 - F Major - D minor/4 Progression/Modal/pop style/F - im bIIIM bVIM V - Mysterious Triumphant.mid,ldrolez/free-midi-chords,MIT,other,OK,"chord / progression, key folder in path"
chords/free-midi-chords/06 - F Major - D minor/4 Progression/Modal/pop style/F - im bIIIsus2 IV - Mysterious Hopeful.mid,ldrolez/free-midi-chords,MIT,other,OK,"chord / progression, key folder in path"
chords/free-midi-chords/06 - F Major - D minor/4 Progression/Modal/pop style/F - im bIIM bIIIM bIIM - Mysterious Dark.mid,ldrolez/free-midi-chords,MIT,other,OK,"chord / progression, key folder in path"
chords/free-midi-chords/06 - F Major - D minor/4 Progression/Modal/pop style/F - im bIIM biim6 ivm - Mysterious Tender.mid,ldrolez/free-midi-chords,MIT,other,OK,"chord / progression, key folder in path"
chords/free-midi-chords/06 - F Major - D minor/4 Progression/Modal/pop style/F - im bIIM im7 bviim - Mysterious Spiritual.mid,ldrolez/free-midi-chords,MIT,other,OK,"chord / progression, key folder in path"
chords/free-midi-chords/06 - F Major - D minor/4 Progression/Modal/pop style/F - im bIIM ivm IIIM bIIM ivm IIIM IIIM - Mysterious Nostalgic.mid,ldrolez/free-midi-chords,MIT,other,OK,"chord / progression, key folder in path"
chords/free-midi-chords/06 - F Major - D minor/4 Progression/Modal/pop style/F - im bIIM vm im7 - Mysterious Dark.mid,ldrolez/free-midi-chords,MIT,other,OK,"chord / progression, key folder in path"
chords/free-midi-chords/06 - F Major - D minor/4 Progression/Modal/pop style/F - im bVIIM IV im - Cadence.mid,ldrolez/free-midi-chords,MIT,other,OK,"chord / progression, key folder in path"
chords/free-midi-chords/06 - F Major - D minor/4 Progression/Modal/pop style/F - im bVIIM IV im - New Nostalgic Mysterious.mid,ldrolez/free-midi-chords,MIT,other,OK,"chord / progression, key folder in path"
chords/free-midi-chords/06 - F Major - D minor/4 Progression/Modal/pop style/F - im bVIIM bIIM vm - Mysterious Rebellious.mid,ldrolez/free-midi-chords,MIT,other,OK,"chord / progression, key folder in path"
chords/free-midi-chords/06 - F Major - D minor/4 Progression/Modal/pop style/F - im bVIM im IV - New Nostalgic Hopeful.mid,ldrolez/free-midi-chords,MIT,other,OK,"chord / progression, key folder in path"
chords/free-midi-chords/06 - F Major - D minor/4 Progression/Modal/pop style/F - im bVIM ivm V - Triumphant.mid,ldrolez/free-midi-chords,MIT,other,OK,"chord / progression, key folder in path"
chords/free-midi-chords/06 - F Major - D minor/4 Progression/Modal/pop style/F - im bviim bVIM bIIM - Mysterious Hopeful.mid,ldrolez/free-midi-chords,MIT,other,OK,"chord / progression, key folder in path"
chords/free-midi-chords/06 - F Major - D minor/4 Progression/Modal/pop style/F - im ii vm IV - Nostalgic Hopeful.mid,ldrolez/free-midi-chords,MIT,other,OK,"chord / progression, key folder in path"
chords/free-midi-chords/06 - F Major - D minor/4 Progression/Modal/pop style/F - im ivm9 bIIM im - Mysterious Nostalgic.mid,ldrolez/free-midi-chords,MIT,other,OK,"chord / progression, key folder in path"
chords/free-midi-chords/06 - F Major - D minor/4 Progression/Modal/pop style/F - im ivm9 bIIM im vm ivm7 bIIM im7 - Mysterious Tender.mid,ldrolez/free-midi-chords,MIT,other,OK,"chord / progression, key folder in path"
chords/free-midi-chords/06 - F Major - D minor/4 Progression/Modal/pop style/F - im viim im bii - New Mysterious Fearful.mid,ldrolez/free-midi-chords,MIT,other,OK,"chord / progression, key folder in path"
chords/free-midi-chords/06 - F Major - D minor/4 Progression/Modal/pop style/F - im vm bVIIM IV - New Hopeful Nostalgic.mid,ldrolez/free-midi-chords,MIT,other,OK,"chord / progression, key folder in path"
chords/free-midi-chords/06 - F Major - D minor/4 Progression/Modal/pop style/F - im vm bVIM bIIM - Mysterious Hopeful.mid,ldrolez/free-midi-chords,MIT,other,OK,"chord / progression, key folder in path"
chords/free-midi-chords/06 - F Major - D minor/4 Progression/Modal/pop style/F - im vm isus4 I - Hopeful Spiritual.mid,ldrolez/free-midi-chords,MIT,other,OK,"chord / progression, key folder in path"
chords/free-midi-chords/06 - F Major - D minor/4 Progression/Modal/pop style/F - im vm ivm bIIM7 - Mysterious Dark.mid,ldrolez/free-midi-chords,MIT,other,OK,"chord / progression, key folder in path"
chords/free-midi-chords/06 - F Major - D minor/4 Progression/Modal/pop style/F - ivm IIIM bIIM I - Cadence.mid,ldrolez/free-midi-chords,MIT,other,OK,"chord / progression, key folder in path"
chords/free-midi-chords/06 - F Major - D minor/4 Progression/Modal/pop style/F - ivm bIIIM bIIM I - Cadence.mid,ldrolez/free-midi-chords,MIT,other,OK,"chord / progression, key folder in path"
chords/free-midi-chords/06 - F Major - D minor/4 Progression/Modal/pop style/F - ivm bIIIM bVIM I - Cadence.mid,ldrolez/free-midi-chords,MIT,other,OK,"chord / progression, key folder in path"
chords/free-midi-chords/06 - F Major - D minor/4 Progression/Modal/pop style/F - ivm bIIIM iim7 V - Mysterious Tender.mid,ldrolez/free-midi-chords,MIT,other,OK,"chord / progression, key folder in path"
chords/free-midi-chords/06 - F Major - D minor/4 Progression/Modal/pop style/F - ivm im bviim bVIM - Dark.mid,ldrolez/free-midi-chords,MIT,other,OK,"chord / progression, key folder in path"
chords/free-midi-chords/06 - F Major - D minor/4 Progression/Modal/pop style/F - vdim vdim ivm bIIIM - Fearful Mysterious.mid,ldrolez/free-midi-chords,MIT,other,OK,"chord / progression, key folder in path"
chords/free-midi-chords/06 - F Major - D minor/4 Progression/Modal/pop style/F - vi IV I IIM - Hopeful Peaceful.mid,ldrolez/free-midi-chords,MIT,other,OK,"chord / progression, key folder in path"
chords/free-midi-chords/06 - F Major - D minor/4 Progression/Modal/pop style/F - vi bVIM bVIIM I - Hopeful Triumphant.mid,ldrolez/free-midi-chords,MIT,other,OK,"chord / progression, key folder in path"
chords/free-midi-chords/06 - F Major - D minor/4 Progression/Modal/pop style/F - vi viim V vi #IVdim V - Nostalgic Dark.mid,ldrolez/free-midi-chords,MIT,other,OK,"chord / progression, key folder in path"
chords/free-midi-chords/06 - F Major - D minor/4 Progression/Modal/pop2 style/F - I I7 I9 IV ivm - Romantic Nostalgic.mid,ldrolez/free-midi-chords,MIT,other,OK,"chord / progression, key folder in path"
chords/free-midi-chords/06 - F Major - D minor/4 Progression/Modal/pop2 style/F - I I7 Idom7 IV ivm I - Relaxed Nostalgic.mid,ldrolez/free-midi-chords,MIT,other,OK,"chord / progression, key folder in path"
chords/free-midi-chords/06 - F Major - D minor/4 Progression/Modal/pop2 style/F - I I7 Idom7 IV ivm I ivm6 Vdom7 - Relaxed Romantic.mid,ldrolez/free-midi-chords,MIT,other,OK,"chord / progression, key folder in path"
chords/free-midi-chords/06 - F Major - D minor/4 Progression/Modal/pop2 style/F - I IIIM vi V - Joyful Hopeful.mid,ldrolez/free-midi-chords,MIT,other,OK,"chord / progression, key folder in path"
chords/free-midi-chords/06 - F Major - D minor/4 Progression/Modal/pop2 style/F - I IIM IV I - Joyful Triumphant.mid,ldrolez/free-midi-chords,MIT,other,OK,"chord / progression, key folder in path"
chords/free-midi-chords/06 - F Major - D minor/4 Progression/Modal/pop2 style/F - I IIM iii V6 - Surprised Triumphant.mid,ldrolez/free-midi-chords,MIT,other,OK,"chord / progression, key folder in path"
chords/free-midi-chords/06 - F Major - D minor/4 Progression/Modal/pop2 style/F - I IV V bVIIM - Triumphant Rebellious.mid,ldrolez/free-midi-chords,MIT,other,OK,"chord / progression, key folder in path"
chords/free-midi-chords/06 - F Major - D minor/4 Progression/Modal/pop2 style/F - I IV bIIIM bVIM - Nostalgic Mysterious.mid,ldrolez/free-midi-chords,MIT,other,OK,"chord / progression, key folder in path"
chords/free-midi-chords/06 - F Major - D minor/4 Progression/Modal/pop2 style/F - I IV bVIIM IV - Joyful Rebellious.mid,ldrolez/free-midi-chords,MIT,other,OK,"chord / progression, key folder in path"
chords/free-midi-chords/06 - F Major - D minor/4 Progression/Modal/pop2 style/F - I V bVIIM IV - Triumphant Rebellious.mid,ldrolez/free-midi-chords,MIT,other,OK,"chord / progression, key folder in path"
chords/free-midi-chords/06 - F Major - D minor/4 Progression/Modal/pop2 style/F - I V ivm bVIM - Surprised Mysterious.mid,ldrolez/free-midi-chords,MIT,other,OK,"chord / progression, key folder in path"
chords/free-midi-chords/06 - F Major - D minor/4 Progression/Modal/pop2 style/F - I bIIIM IV I - Romantic.mid,ldrolez/free-midi-chords,MIT,other,OK,"chord / progression, key folder in path"
chords/free-midi-chords/06 - F Major - D minor/4 Progression/Modal/pop2 style/F - I bIIIM bVIIM I - Triumphant Rebellious.mid,ldrolez/free-midi-chords,MIT,other,OK,"chord / progression, key folder in path"
chords/free-midi-chords/06 - F Major - D minor/4 Progression/Modal/pop2 style/F - I bIIIM bVIIM IV - Triumphant Mysterious.mid,ldrolez/free-midi-chords,MIT,other,OK,"chord / progression, key folder in path"
chords/free-midi-chords/06 - F Major - D minor/4 Progression/Modal/pop2 style/F - I bIIIM bVIM bVIIM - Triumphant Hopeful.mid,ldrolez/free-midi-chords,MIT,other,OK,"chord / progression, key folder in path"
chords/free-midi-chords/06 - F Major - D minor/4 Progression/Modal/pop2 style/F - I bIIM I iii - Surprised Mysterious.mid,ldrolez/free-midi-chords,MIT,other,OK,"chord / progression, key folder in path"
chords/free-midi-chords/06 - F Major - D minor/4 Progression/Modal/pop2 style/F - I bIIM7 bIIIM6 bIIM7 I im bVIIM bIIM - Surprised Mysterious.mid,ldrolez/free-midi-chords,MIT,other,OK,"chord / progression, key folder in path"
chords/free-midi-chords/06 - F Major - D minor/4 Progression/Modal/pop2 style/F - I bVIIM I I bVIM V - Triumphant Hopeful.mid,ldrolez/free-midi-chords,MIT,other,OK,"chord / progression, key folder in path"
chords/free-midi-chords/06 - F Major - D minor/4 Progression/Modal/pop2 style/F - I bVIIM IV V - Joyful Triumphant.mid,ldrolez/free-midi-chords,MIT,other,OK,"chord / progression, key folder in path"
chords/free-midi-chords/06 - F Major - D minor/4 Progression/Modal/pop2 style/F - I bVIIM bVIM IV IVsus4 IV - Hopeful Nostalgic.mid,ldrolez/free-midi-chords,MIT,other,OK,"chord / progression, key folder in path"
chords/free-midi-chords/06 - F Major - D minor/4 Progression/Modal/pop2 style/F - I bVIIM bVIM bIIM - Triumphant Rebellious.mid,ldrolez/free-midi-chords,MIT,other,OK,"chord / progression, key folder in path"
chords/free-midi-chords/06 - F Major - D minor/4 Progression/Modal/pop2 style/F - I bVIM I bIIM - Surprised Mysterious.mid,ldrolez/free-midi-chords,MIT,other,OK,"chord / progression, key folder in path"
chords/free-midi-chords/06 - F Major - D minor/4 Progression/Modal/pop2 style/F - I bVIM IV bIIIM bVIIM - Mysterious Nostalgic.mid,ldrolez/free-midi-chords,MIT,other,OK,"chord / progression, key folder in path"
chords/free-midi-chords/06 - F Major - D minor/4 Progression/Modal/pop2 style/F - I bVIM bVIIM ivm - New Empowered Nostalgic.mid,ldrolez/free-midi-chords,MIT,other,OK,"chord / progression, key folder in path"
chords/free-midi-chords/06 - F Major - D minor/4 Progression/Modal/pop2 style/F - I im bVII6 bVIM - New Nostalgic Mysterious.mid,ldrolez/free-midi-chords,MIT,other,OK,"chord / progression, key folder in path"
chords/free-midi-chords/06 - F Major - D minor/4 Progression/Modal/pop2 style/F - I ivm bIIIM bVIIM - Mysterious Nostalgic.mid,ldrolez/free-midi-chords,MIT,other,OK,"chord / progression, key folder in path"
chords/free-midi-chords/06 - F Major - D minor/4 Progression/Modal/pop2 style/F - I vi bVIM V - New Surprised Mysterious.mid,ldrolez/free-midi-chords,MIT,other,OK,"chord / progression, key folder in path"
chords/free-midi-chords/06 - F Major - D minor/4 Progression/Modal/pop2 style/F - I5 iii II5 #IVm IV5 vi V5 viim - Excited Triumphant.mid,ldrolez/free-midi-chords,MIT,other,OK,"chord / progression, key folder in path"
chords/free-midi-chords/06 - F Major - D minor/4 Progression/Modal/pop2 style/F - I7 bIdom7 III7 ii7 V7 - Playful Surprised.mid,ldrolez/free-midi-chords,MIT,other,OK,"chord / progression, key folder in path"
chords/free-midi-chords/06 - F Major - D minor/4 Progression/Modal/pop2 style/F - IIIM V VIsus4 VIM I IIM - Triumphant Surprised.mid,ldrolez/free-midi-chords,MIT,other,OK,"chord / progression, key folder in path"
chords/free-midi-chords/06 - F Major - D minor/4 Progression/Modal/pop2 style/F - IV V ii im bIIIM IV - Hopeful Nostalgic.mid,ldrolez/free-midi-chords,MIT,other,OK,"chord / progression, key folder in path"
chords/free-midi-chords/06 - F Major - D minor/4 Progression/Modal/pop2 style/F - VIM bVIM im bVIIM - Surprised Rebellious.mid,ldrolez/free-midi-chords,MIT,other,OK,"chord / progression, key folder in path"
chords/free-midi-chords/06 - F Major - D minor/4 Progression/Modal/pop2 style/F - bIIIM V7 I - Cadence.mid,ldrolez/free-midi-chords,MIT,other,OK,"chord / progression, key folder in path"
chords/free-midi-chords/06 - F Major - D minor/4 Progression/Modal/pop2 style/F - bIIIM ii bIIM I - Mysterious Surprised.mid,ldrolez/free-midi-chords,MIT,other,OK,"chord / progression, key folder in path"
chords/free-midi-chords/06 - F Major - D minor/4 Progression/Modal/pop2 style/F - bIIM bVIM biii bviim - Mysterious Surprised.mid,ldrolez/free-midi-chords,MIT,other,OK,"chord / progression, key folder in path"
chords/free-midi-chords/06 - F Major - D minor/4 Progression/Modal/pop2 style/F - bIIM ivm biii im - Mysterious Dark.mid,ldrolez/free-midi-chords,MIT,other,OK,"chord / progression, key folder in path"
chords/free-midi-chords/06 - F Major - D minor/4 Progression/Modal/pop2 style/F - bVIIM V7 I - Cadence.mid,ldrolez/free-midi-chords,MIT,other,OK,"chord / progression, key folder in path"
chords/free-midi-chords/06 - F Major - D minor/4 Progression/Modal/pop2 style/F - bVIIM bIIM bIIIM im - Mysterious Rebellious.mid,ldrolez/free-midi-chords,MIT,other,OK,"chord / progression, key folder in path"
chords/free-midi-chords/06 - F Major - D minor/4 Progression/Modal/pop2 style/F - bVIM bIIIM bVIIM IV I - Triumphant Mysterious.mid,ldrolez/free-midi-chords,MIT,other,OK,"chord / progression, key folder in path"
chords/free-midi-chords/06 - F Major - D minor/4 Progression/Modal/pop2 style/F - bVIM bVIIm im bIIM - Mysterious Dark.mid,ldrolez/free-midi-chords,MIT,other,OK,"chord / progression, key folder in path"
chords/free-midi-chords/06 - F Major - D minor/4 Progression/Modal/pop2 style/F - bVIM vi im bVIIM - Hopeful Mysterious.mid,ldrolez/free-midi-chords,MIT,other,OK,"chord / progression, key folder in path"
chords/free-midi-chords/06 - F Major - D minor/4 Progression/Modal/pop2 style/F - bVIM7 ivmadd9 I - Spiritual Nostalgic.mid,ldrolez/free-midi-chords,MIT,other,OK,"chord / progression, key folder in path"
chords/free-midi-chords/06 - F Major - D minor/4 Progression/Modal/pop2 style/F - ii IVM vm bVIIM - Mysterious Nostalgic.mid,ldrolez/free-midi-chords,MIT,other,OK,"chord / progression, key folder in path"
chords/free-midi-chords/06 - F Major - D minor/4 Progression/Modal/pop2 style/F - ii bIIM I bVIIM - Mysterious Rebellious.mid,ldrolez/free-midi-chords,MIT,other,OK,"chord / progression, key folder in path"
chords/free-midi-chords/06 - F Major - D minor/4 Progression/Modal/pop2 style/F - ii bVIIM7 I - Hopeful Triumphant.mid,ldrolez/free-midi-chords,MIT,other,OK,"chord / progression, key folder in path"
chords/free-midi-chords/06 - F Major - D minor/4 Progression/Modal/pop2 style/F - iii im iii im7 - New Anguished Mysterious.mid,ldrolez/free-midi-chords,MIT,other,OK,"chord / progression, key folder in path"
chords/free-midi-chords/06 - F Major - D minor/4 Progression/Modal/pop2 style/F - im V bVIIM IV bVIM bIIIM ivm V - Mysterious Rebellious.mid,ldrolez/free-midi-chords,MIT,other,OK,"chord / progression, key folder in path"
chords/free-midi-chords/06 - F Major - D minor/4 Progression/Modal/pop2 style/F - im VIM IIIM bIIM - Nostalgic Surprised.mid,ldrolez/free-midi-chords,MIT,other,OK,"chord / progression, key folder in path"
chords/free-midi-chords/06 - F Major - D minor/4 Progression/Modal/pop2 style/F - im VIM bi V - Mysterious Triumphant.mid,ldrolez/free-midi-chords,MIT,other,OK,"chord / progression, key folder in path"
chords/free-midi-chords/06 - F Major - D minor/4 Progression/Modal/pop2 style/F - im bIIIM IV V - New Mysterious Triumphant.mid,ldrolez/free-midi-chords,MIT,other,OK,"chord / progression, key folder in path"
chords/free-midi-chords/06 - F Major - D minor/4 Progression/Modal/pop2 style/F - im bIIIM IV bVIM - Mysterious Hopeful.mid,ldrolez/free-midi-chords,MIT,other,OK,"chord / progression, key folder in path"
chords/free-midi-chords/06 - F Major - D minor/4 Progression/Modal/pop2 style/F - im bIIIM bVIIM IV - Romantic Nostalgic.mid,ldrolez/free-midi-chords,MIT,other,OK,"chord / progression, key folder in path"
chords/free-midi-chords/06 - F Major - D minor/4 Progression/Modal/pop2 style/F - im bIIIM bVIM V - Mysterious Triumphant.mid,ldrolez/free-midi-chords,MIT,other,OK,"chord / progression, key folder in path"
chords/free-midi-chords/06 - F Major - D minor/4 Progression/Modal/pop2 style/F - im bIIIsus2 IV - Mysterious Hopeful.mid,ldrolez/free-midi-chords,MIT,other,OK,"chord / progression, key folder in path"
chords/free-midi-chords/06 - F Major - D minor/4 Progression/Modal/pop2 style/F - im bIIM bIIIM bIIM - Mysterious Dark.mid,ldrolez/free-midi-chords,MIT,other,OK,"chord / progression, key folder in path"
chords/free-midi-chords/06 - F Major - D minor/4 Progression/Modal/pop2 style/F - im bIIM biim6 ivm - Mysterious Tender.mid,ldrolez/free-midi-chords,MIT,other,OK,"chord / progression, key folder in path"
chords/free-midi-chords/06 - F Major - D minor/4 Progression/Modal/pop2 style/F - im bIIM im7 bviim - Mysterious Spiritual.mid,ldrolez/free-midi-chords,MIT,other,OK,"chord / progression, key folder in path"
chords/free-midi-chords/06 - F Major - D minor/4 Progression/Modal/pop2 style/F - im bIIM ivm IIIM bIIM ivm IIIM IIIM - Mysterious Nostalgic.mid,ldrolez/free-midi-chords,MIT,other,OK,"chord / progression, key folder in path"
chords/free-midi-chords/06 - F Major - D minor/4 Progression/Modal/pop2 style/F - im bIIM vm im7 - Mysterious Dark.mid,ldrolez/free-midi-chords,MIT,other,OK,"chord / progression, key folder in path"
chords/free-midi-chords/06 - F Major - D minor/4 Progression/Modal/pop2 style/F - im bVIIM IV im - Cadence.mid,ldrolez/free-midi-chords,MIT,other,OK,"chord / progression, key folder in path"
chords/free-midi-chords/06 - F Major - D minor/4 Progression/Modal/pop2 style/F - im bVIIM IV im - New Nostalgic Mysterious.mid,ldrolez/free-midi-chords,MIT,other,OK,"chord / progression, key folder in path"
chords/free-midi-chords/06 - F Major - D minor/4 Progression/Modal/pop2 style/F - im bVIIM bIIM vm - Mysterious Rebellious.mid,ldrolez/free-midi-chords,MIT,other,OK,"chord / progression, key folder in path"
chords/free-midi-chords/06 - F Major - D minor/4 Progression/Modal/pop2 style/F - im bVIM im IV - New Nostalgic Hopeful.mid,ldrolez/free-midi-chords,MIT,other,OK,"chord / progression, key folder in path"
chords/free-midi-chords/06 - F Major - D minor/4 Progression/Modal/pop2 style/F - im bVIM ivm V - Triumphant.mid,ldrolez/free-midi-chords,MIT,other,OK,"chord / progression, key folder in path"
chords/free-midi-chords/06 - F Major - D minor/4 Progression/Modal/pop2 style/F - im bviim bVIM bIIM - Mysterious Hopeful.mid,ldrolez/free-midi-chords,MIT,other,OK,"chord / progression, key folder in path"
chords/free-midi-chords/06 - F Major - D minor/4 Progression/Modal/pop2 style/F - im ii vm IV - Nostalgic Hopeful.mid,ldrolez/free-midi-chords,MIT,other,OK,"chord / progression, key folder in path"
chords/free-midi-chords/06 - F Major - D minor/4 Progression/Modal/pop2 style/F - im ivm9 bIIM im - Mysterious Nostalgic.mid,ldrolez/free-midi-chords,MIT,other,OK,"chord / progression, key folder in path"
chords/free-midi-chords/06 - F Major - D minor/4 Progression/Modal/pop2 style/F - im ivm9 bIIM im vm ivm7 bIIM im7 - Mysterious Tender.mid,ldrolez/free-midi-chords,MIT,other,OK,"chord / progression, key folder in path"
chords/free-midi-chords/06 - F Major - D minor/4 Progression/Modal/pop2 style/F - im viim im bii - New Mysterious Fearful.mid,ldrolez/free-midi-chords,MIT,other,OK,"chord / progression, key folder in path"
chords/free-midi-chords/06 - F Major - D minor/4 Progression/Modal/pop2 style/F - im vm bVIIM IV - New Hopeful Nostalgic.mid,ldrolez/free-midi-chords,MIT,other,OK,"chord / progression, key folder in path"
chords/free-midi-chords/06 - F Major - D minor/4 Progression/Modal/pop2 style/F - im vm bVIM bIIM - Mysterious Hopeful.mid,ldrolez/free-midi-chords,MIT,other,OK,"chord / progression, key folder in path"
chords/free-midi-chords/06 - F Major - D minor/4 Progression/Modal/pop2 style/F - im vm isus4 I - Hopeful Spiritual.mid,ldrolez/free-midi-chords,MIT,other,OK,"chord / progression, key folder in path"
chords/free-midi-chords/06 - F Major - D minor/4 Progression/Modal/pop2 style/F - im vm ivm bIIM7 - Mysterious Dark.mid,ldrolez/free-midi-chords,MIT,other,OK,"chord / progression, key folder in path"
chords/free-midi-chords/06 - F Major - D minor/4 Progression/Modal/pop2 style/F - ivm IIIM bIIM I - Cadence.mid,ldrolez/free-midi-chords,MIT,other,OK,"chord / progression, key folder in path"
chords/free-midi-chords/06 - F Major - D minor/4 Progression/Modal/pop2 style/F - ivm bIIIM bIIM I - Cadence.mid,ldrolez/free-midi-chords,MIT,other,OK,"chord / progression, key folder in path"
chords/free-midi-chords/06 - F Major - D minor/4 Progression/Modal/pop2 style/F - ivm bIIIM bVIM I - Cadence.mid,ldrolez/free-midi-chords,MIT,other,OK,"chord / progression, key folder in path"
chords/free-midi-chords/06 - F Major - D minor/4 Progression/Modal/pop2 style/F - ivm bIIIM iim7 V - Mysterious Tender.mid,ldrolez/free-midi-chords,MIT,other,OK,"chord / progression, key folder in path"
chords/free-midi-chords/06 - F Major - D minor/4 Progression/Modal/pop2 style/F - ivm im bviim bVIM - Dark.mid,ldrolez/free-midi-chords,MIT,other,OK,"chord / progression, key folder in path"
chords/free-midi-chords/06 - F Major - D minor/4 Progression/Modal/pop2 style/F - vdim vdim ivm bIIIM - Fearful Mysterious.mid,ldrolez/free-midi-chords,MIT,other,OK,"chord / progression, key folder in path"
chords/free-midi-chords/06 - F Major - D minor/4 Progression/Modal/pop2 style/F - vi IV I IIM - Hopeful Peaceful.mid,ldrolez/free-midi-chords,MIT,other,OK,"chord / progression, key folder in path"
chords/free-midi-chords/06 - F Major - D minor/4 Progression/Modal/pop2 style/F - vi bVIM bVIIM I - Hopeful Triumphant.mid,ldrolez/free-midi-chords,MIT,other,OK,"chord / progression, key folder in path"
chords/free-midi-chords/06 - F Major - D minor/4 Progression/Modal/pop2 style/F - vi viim V vi #IVdim V - Nostalgic Dark.mid,ldrolez/free-midi-chords,MIT,other,OK,"chord / progression, key folder in path"
chords/free-midi-chords/06 - F Major - D minor/4 Progression/Modal/soul style/F - I I7 I9 IV ivm - Romantic Nostalgic.mid,ldrolez/free-midi-chords,MIT,other,OK,"chord / progression, key folder in path"
chords/free-midi-chords/06 - F Major - D minor/4 Progression/Modal/soul style/F - I I7 Idom7 IV ivm I - Relaxed Nostalgic.mid,ldrolez/free-midi-chords,MIT,other,OK,"chord / progression, key folder in path"
chords/free-midi-chords/06 - F Major - D minor/4 Progression/Modal/soul style/F - I I7 Idom7 IV ivm I ivm6 Vdom7 - Relaxed Romantic.mid,ldrolez/free-midi-chords,MIT,other,OK,"chord / progression, key folder in path"
chords/free-midi-chords/06 - F Major - D minor/4 Progression/Modal/soul style/F - I IIIM vi V - Joyful Hopeful.mid,ldrolez/free-midi-chords,MIT,other,OK,"chord / progression, key folder in path"
chords/free-midi-chords/06 - F Major - D minor/4 Progression/Modal/soul style/F - I IIM IV I - Joyful Triumphant.mid,ldrolez/free-midi-chords,MIT,other,OK,"chord / progression, key folder in path"
chords/free-midi-chords/06 - F Major - D minor/4 Progression/Modal/soul style/F - I IIM iii V6 - Surprised Triumphant.mid,ldrolez/free-midi-chords,MIT,other,OK,"chord / progression, key folder in path"
chords/free-midi-chords/06 - F Major - D minor/4 Progression/Modal/soul style/F - I IV V bVIIM - Triumphant Rebellious.mid,ldrolez/free-midi-chords,MIT,other,OK,"chord / progression, key folder in path"
chords/free-midi-chords/06 - F Major - D minor/4 Progression/Modal/soul style/F - I IV bIIIM bVIM - Nostalgic Mysterious.mid,ldrolez/free-midi-chords,MIT,other,OK,"chord / progression, key folder in path"
chords/free-midi-chords/06 - F Major - D minor/4 Progression/Modal/soul style/F - I IV bVIIM IV - Joyful Rebellious.mid,ldrolez/free-midi-chords,MIT,other,OK,"chord / progression, key folder in path"
chords/free-midi-chords/06 - F Major - D minor/4 Progression/Modal/soul style/F - I V bVIIM IV - Triumphant Rebellious.mid,ldrolez/free-midi-chords,MIT,other,OK,"chord / progression, key folder in path"
chords/free-midi-chords/06 - F Major - D minor/4 Progression/Modal/soul style/F - I V ivm bVIM - Surprised Mysterious.mid,ldrolez/free-midi-chords,MIT,other,OK,"chord / progression, key folder in path"
chords/free-midi-chords/06 - F Major - D minor/4 Progression/Modal/soul style/F - I bIIIM IV I - Romantic.mid,ldrolez/free-midi-chords,MIT,other,OK,"chord / progression, key folder in path"
chords/free-midi-chords/06 - F Major - D minor/4 Progression/Modal/soul style/F - I bIIIM bVIIM I - Triumphant Rebellious.mid,ldrolez/free-midi-chords,MIT,other,OK,"chord / progression, key folder in path"
chords/free-midi-chords/06 - F Major - D minor/4 Progression/Modal/soul style/F - I bIIIM bVIIM IV - Triumphant Mysterious.mid,ldrolez/free-midi-chords,MIT,other,OK,"chord / progression, key folder in path"
chords/free-midi-chords/06 - F Major - D minor/4 Progression/Modal/soul style/F - I bIIIM bVIM bVIIM - Triumphant Hopeful.mid,ldrolez/free-midi-chords,MIT,other,OK,"chord / progression, key folder in path"
chords/free-midi-chords/06 - F Major - D minor/4 Progression/Modal/soul style/F - I bIIM I iii - Surprised Mysterious.mid,ldrolez/free-midi-chords,MIT,other,OK,"chord / progression, key folder in path"
chords/free-midi-chords/06 - F Major - D minor/4 Progression/Modal/soul style/F - I bIIM7 bIIIM6 bIIM7 I im bVIIM bIIM - Surprised Mysterious.mid,ldrolez/free-midi-chords,MIT,other,OK,"chord / progression, key folder in path"
chords/free-midi-chords/06 - F Major - D minor/4 Progression/Modal/soul style/F - I bVIIM I I bVIM V - Triumphant Hopeful.mid,ldrolez/free-midi-chords,MIT,other,OK,"chord / progression, key folder in path"
chords/free-midi-chords/06 - F Major - D minor/4 Progression/Modal/soul style/F - I bVIIM IV V - Joyful Triumphant.mid,ldrolez/free-midi-chords,MIT,other,OK,"chord / progression, key folder in path"
chords/free-midi-chords/06 - F Major - D minor/4 Progression/Modal/soul style/F - I bVIIM bVIM IV IVsus4 IV - Hopeful Nostalgic.mid,ldrolez/free-midi-chords,MIT,other,OK,"chord / progression, key folder in path"
chords/free-midi-chords/06 - F Major - D minor/4 Progression/Modal/soul style/F - I bVIIM bVIM bIIM - Triumphant Rebellious.mid,ldrolez/free-midi-chords,MIT,other,OK,"chord / progression, key folder in path"
chords/free-midi-chords/06 - F Major - D minor/4 Progression/Modal/soul style/F - I bVIM I bIIM - Surprised Mysterious.mid,ldrolez/free-midi-chords,MIT,other,OK,"chord / progression, key folder in path"
chords/free-midi-chords/06 - F Major - D minor/4 Progression/Modal/soul style/F - I bVIM IV bIIIM bVIIM - Mysterious Nostalgic.mid,ldrolez/free-midi-chords,MIT,other,OK,"chord / progression, key folder in path"
chords/free-midi-chords/06 - F Major - D minor/4 Progression/Modal/soul style/F - I bVIM bVIIM ivm - New Empowered Nostalgic.mid,ldrolez/free-midi-chords,MIT,other,OK,"chord / progression, key folder in path"
chords/free-midi-chords/06 - F Major - D minor/4 Progression/Modal/soul style/F - I im bVII6 bVIM - New Nostalgic Mysterious.mid,ldrolez/free-midi-chords,MIT,other,OK,"chord / progression, key folder in path"
chords/free-midi-chords/06 - F Major - D minor/4 Progression/Modal/soul style/F - I ivm bIIIM bVIIM - Mysterious Nostalgic.mid,ldrolez/free-midi-chords,MIT,other,OK,"chord / progression, key folder in path"
chords/free-midi-chords/06 - F Major - D minor/4 Progression/Modal/soul style/F - I vi bVIM V - New Surprised Mysterious.mid,ldrolez/free-midi-chords,MIT,other,OK,"chord / progression, key folder in path"
chords/free-midi-chords/06 - F Major - D minor/4 Progression/Modal/soul style/F - I5 iii II5 #IVm IV5 vi V5 viim - Excited Triumphant.mid,ldrolez/free-midi-chords,MIT,other,OK,"chord / progression, key folder in path"
chords/free-midi-chords/06 - F Major - D minor/4 Progression/Modal/soul style/F - I7 bIdom7 III7 ii7 V7 - Playful Surprised.mid,ldrolez/free-midi-chords,MIT,other,OK,"chord / progression, key folder in path"
chords/free-midi-chords/06 - F Major - D minor/4 Progression/Modal/soul style/F - IIIM V VIsus4 VIM I IIM - Triumphant Surprised.mid,ldrolez/free-midi-chords,MIT,other,OK,"chord / progression, key folder in path"
chords/free-midi-chords/06 - F Major - D minor/4 Progression/Modal/soul style/F - IV V ii im bIIIM IV - Hopeful Nostalgic.mid,ldrolez/free-midi-chords,MIT,other,OK,"chord / progression, key folder in path"
chords/free-midi-chords/06 - F Major - D minor/4 Progression/Modal/soul style/F - VIM bVIM im bVIIM - Surprised Rebellious.mid,ldrolez/free-midi-chords,MIT,other,OK,"chord / progression, key folder in path"
chords/free-midi-chords/06 - F Major - D minor/4 Progression/Modal/soul style/F - bIIIM V7 I - Cadence.mid,ldrolez/free-midi-chords,MIT,other,OK,"chord / progression, key folder in path"
chords/free-midi-chords/06 - F Major - D minor/4 Progression/Modal/soul style/F - bIIIM ii bIIM I - Mysterious Surprised.mid,ldrolez/free-midi-chords,MIT,other,OK,"chord / progression, key folder in path"
chords/free-midi-chords/06 - F Major - D minor/4 Progression/Modal/soul style/F - bIIM bVIM biii bviim - Mysterious Surprised.mid,ldrolez/free-midi-chords,MIT,other,OK,"chord / progression, key folder in path"
chords/free-midi-chords/06 - F Major - D minor/4 Progression/Modal/soul style/F - bIIM ivm biii im - Mysterious Dark.mid,ldrolez/free-midi-chords,MIT,other,OK,"chord / progression, key folder in path"
chords/free-midi-chords/06 - F Major - D minor/4 Progression/Modal/soul style/F - bVIIM V7 I - Cadence.mid,ldrolez/free-midi-chords,MIT,other,OK,"chord / progression, key folder in path"
chords/free-midi-chords/06 - F Major - D minor/4 Progression/Modal/soul style/F - bVIIM bIIM bIIIM im - Mysterious Rebellious.mid,ldrolez/free-midi-chords,MIT,other,OK,"chord / progression, key folder in path"
chords/free-midi-chords/06 - F Major - D minor/4 Progression/Modal/soul style/F - bVIM bIIIM bVIIM IV I - Triumphant Mysterious.mid,ldrolez/free-midi-chords,MIT,other,OK,"chord / progression, key folder in path"
chords/free-midi-chords/06 - F Major - D minor/4 Progression/Modal/soul style/F - bVIM bVIIm im bIIM - Mysterious Dark.mid,ldrolez/free-midi-chords,MIT,other,OK,"chord / progression, key folder in path"
chords/free-midi-chords/06 - F Major - D minor/4 Progression/Modal/soul style/F - bVIM vi im bVIIM - Hopeful Mysterious.mid,ldrolez/free-midi-chords,MIT,other,OK,"chord / progression, key folder in path"
chords/free-midi-chords/06 - F Major - D minor/4 Progression/Modal/soul style/F - bVIM7 ivmadd9 I - Spiritual Nostalgic.mid,ldrolez/free-midi-chords,MIT,other,OK,"chord / progression, key folder in path"
chords/free-midi-chords/06 - F Major - D minor/4 Progression/Modal/soul style/F - ii IVM vm bVIIM - Mysterious Nostalgic.mid,ldrolez/free-midi-chords,MIT,other,OK,"chord / progression, key folder in path"
chords/free-midi-chords/06 - F Major - D minor/4 Progression/Modal/soul style/F - ii bIIM I bVIIM - Mysterious Rebellious.mid,ldrolez/free-midi-chords,MIT,other,OK,"chord / progression, key folder in path"
chords/free-midi-chords/06 - F Major - D minor/4 Progression/Modal/soul style/F - ii bVIIM7 I - Hopeful Triumphant.mid,ldrolez/free-midi-chords,MIT,other,OK,"chord / progression, key folder in path"
chords/free-midi-chords/06 - F Major - D minor/4 Progression/Modal/soul style/F - iii im iii im7 - New Anguished Mysterious.mid,ldrolez/free-midi-chords,MIT,other,OK,"chord / progression, key folder in path"
chords/free-midi-chords/06 - F Major - D minor/4 Progression/Modal/soul style/F - im V bVIIM IV bVIM bIIIM ivm V - Mysterious Rebellious.mid,ldrolez/free-midi-chords,MIT,other,OK,"chord / progression, key folder in path"
chords/free-midi-chords/06 - F Major - D minor/4 Progression/Modal/soul style/F - im VIM IIIM bIIM - Nostalgic Surprised.mid,ldrolez/free-midi-chords,MIT,other,OK,"chord / progression, key folder in path"
chords/free-midi-chords/06 - F Major - D minor/4 Progression/Modal/soul style/F - im VIM bi V - Mysterious Triumphant.mid,ldrolez/free-midi-chords,MIT,other,OK,"chord / progression, key folder in path"
chords/free-midi-chords/06 - F Major - D minor/4 Progression/Modal/soul style/F - im bIIIM IV V - New Mysterious Triumphant.mid,ldrolez/free-midi-chords,MIT,other,OK,"chord / progression, key folder in path"
chords/free-midi-chords/06 - F Major - D minor/4 Progression/Modal/soul style/F - im bIIIM IV bVIM - Mysterious Hopeful.mid,ldrolez/free-midi-chords,MIT,other,OK,"chord / progression, key folder in path"
chords/free-midi-chords/06 - F Major - D minor/4 Progression/Modal/soul style/F - im bIIIM bVIIM IV - Romantic Nostalgic.mid,ldrolez/free-midi-chords,MIT,other,OK,"chord / progression, key folder in path"
chords/free-midi-chords/06 - F Major - D minor/4 Progression/Modal/soul style/F - im bIIIM bVIM V - Mysterious Triumphant.mid,ldrolez/free-midi-chords,MIT,other,OK,"chord / progression, key folder in path"
chords/free-midi-chords/06 - F Major - D minor/4 Progression/Modal/soul style/F - im bIIIsus2 IV - Mysterious Hopeful.mid,ldrolez/free-midi-chords,MIT,other,OK,"chord / progression, key folder in path"
chords/free-midi-chords/06 - F Major - D minor/4 Progression/Modal/soul style/F - im bIIM bIIIM bIIM - Mysterious Dark.mid,ldrolez/free-midi-chords,MIT,other,OK,"chord / progression, key folder in path"
chords/free-midi-chords/06 - F Major - D minor/4 Progression/Modal/soul style/F - im bIIM biim6 ivm - Mysterious Tender.mid,ldrolez/free-midi-chords,MIT,other,OK,"chord / progression, key folder in path"
chords/free-midi-chords/06 - F Major - D minor/4 Progression/Modal/soul style/F - im bIIM im7 bviim - Mysterious Spiritual.mid,ldrolez/free-midi-chords,MIT,other,OK,"chord / progression, key folder in path"
chords/free-midi-chords/06 - F Major - D minor/4 Progression/Modal/soul style/F - im bIIM ivm IIIM bIIM ivm IIIM IIIM - Mysterious Nostalgic.mid,ldrolez/free-midi-chords,MIT,other,OK,"chord / progression, key folder in path"
chords/free-midi-chords/06 - F Major - D minor/4 Progression/Modal/soul style/F - im bIIM vm im7 - Mysterious Dark.mid,ldrolez/free-midi-chords,MIT,other,OK,"chord / progression, key folder in path"
chords/free-midi-chords/06 - F Major - D minor/4 Progression/Modal/soul style/F - im bVIIM IV im - Cadence.mid,ldrolez/free-midi-chords,MIT,other,OK,"chord / progression, key folder in path"
chords/free-midi-chords/06 - F Major - D minor/4 Progression/Modal/soul style/F - im bVIIM IV im - New Nostalgic Mysterious.mid,ldrolez/free-midi-chords,MIT,other,OK,"chord / progression, key folder in path"
chords/free-midi-chords/06 - F Major - D minor/4 Progression/Modal/soul style/F - im bVIIM bIIM vm - Mysterious Rebellious.mid,ldrolez/free-midi-chords,MIT,other,OK,"chord / progression, key folder in path"
chords/free-midi-chords/06 - F Major - D minor/4 Progression/Modal/soul style/F - im bVIM im IV - New Nostalgic Hopeful.mid,ldrolez/free-midi-chords,MIT,other,OK,"chord / progression, key folder in path"
chords/free-midi-chords/06 - F Major - D minor/4 Progression/Modal/soul style/F - im bVIM ivm V - Triumphant.mid,ldrolez/free-midi-chords,MIT,other,OK,"chord / progression, key folder in path"
chords/free-midi-chords/06 - F Major - D minor/4 Progression/Modal/soul style/F - im bviim bVIM bIIM - Mysterious Hopeful.mid,ldrolez/free-midi-chords,MIT,other,OK,"chord / progression, key folder in path"
chords/free-midi-chords/06 - F Major - D minor/4 Progression/Modal/soul style/F - im ii vm IV - Nostalgic Hopeful.mid,ldrolez/free-midi-chords,MIT,other,OK,"chord / progression, key folder in path"
chords/free-midi-chords/06 - F Major - D minor/4 Progression/Modal/soul style/F - im ivm9 bIIM im - Mysterious Nostalgic.mid,ldrolez/free-midi-chords,MIT,other,OK,"chord / progression, key folder in path"
chords/free-midi-chords/06 - F Major - D minor/4 Progression/Modal/soul style/F - im ivm9 bIIM im vm ivm7 bIIM im7 - Mysterious Tender.mid,ldrolez/free-midi-chords,MIT,other,OK,"chord / progression, key folder in path"
chords/free-midi-chords/06 - F Major - D minor/4 Progression/Modal/soul style/F - im viim im bii - New Mysterious Fearful.mid,ldrolez/free-midi-chords,MIT,other,OK,"chord / progression, key folder in path"
chords/free-midi-chords/06 - F Major - D minor/4 Progression/Modal/soul style/F - im vm bVIIM IV - New Hopeful Nostalgic.mid,ldrolez/free-midi-chords,MIT,other,OK,"chord / progression, key folder in path"
chords/free-midi-chords/06 - F Major - D minor/4 Progression/Modal/soul style/F - im vm bVIM bIIM - Mysterious Hopeful.mid,ldrolez/free-midi-chords,MIT,other,OK,"chord / progression, key folder in path"
chords/free-midi-chords/06 - F Major - D minor/4 Progression/Modal/soul style/F - im vm isus4 I - Hopeful Spiritual.mid,ldrolez/free-midi-chords,MIT,other,OK,"chord / progression, key folder in path"
chords/free-midi-chords/06 - F Major - D minor/4 Progression/Modal/soul style/F - im vm ivm bIIM7 - Mysterious Dark.mid,ldrolez/free-midi-chords,MIT,other,OK,"chord / progression, key folder in path"
chords/free-midi-chords/06 - F Major - D minor/4 Progression/Modal/soul style/F - ivm IIIM bIIM I - Cadence.mid,ldrolez/free-midi-chords,MIT,other,OK,"chord / progression, key folder in path"
chords/free-midi-chords/06 - F Major - D minor/4 Progression/Modal/soul style/F - ivm bIIIM bIIM I - Cadence.mid,ldrolez/free-midi-chords,MIT,other,OK,"chord / progression, key folder in path"
chords/free-midi-chords/06 - F Major - D minor/4 Progression/Modal/soul style/F - ivm bIIIM bVIM I - Cadence.mid,ldrolez/free-midi-chords,MIT,other,OK,"chord / progression, key folder in path"
chords/free-midi-chords/06 - F Major - D minor/4 Progression/Modal/soul style/F - ivm bIIIM iim7 V - Mysterious Tender.mid,ldrolez/free-midi-chords,MIT,other,OK,"chord / progression, key folder in path"
chords/free-midi-chords/06 - F Major - D minor/4 Progression/Modal/soul style/F - ivm im bviim bVIM - Dark.mid,ldrolez/free-midi-chords,MIT,other,OK,"chord / progression, key folder in path"
chords/free-midi-chords/06 - F Major - D minor/4 Progression/Modal/soul style/F - vdim vdim ivm bIIIM - Fearful Mysterious.mid,ldrolez/free-midi-chords,MIT,other,OK,"chord / progression, key folder in path"
chords/free-midi-chords/06 - F Major - D minor/4 Progression/Modal/soul style/F - vi IV I IIM - Hopeful Peaceful.mid,ldrolez/free-midi-chords,MIT,other,OK,"chord / progression, key folder in path"
chords/free-midi-chords/06 - F Major - D minor/4 Progression/Modal/soul style/F - vi bVIM bVIIM I - Hopeful Triumphant.mid,ldrolez/free-midi-chords,MIT,other,OK,"chord / progression, key folder in path"
chords/free-midi-chords/06 - F Major - D minor/4 Progression/Modal/soul style/F - vi viim V vi #IVdim V - Nostalgic Dark.mid,ldrolez/free-midi-chords,MIT,other,OK,"chord / progression, key folder in path"
chords/free-midi-chords/08 - G Major - E minor/1 Triad/Major/I - G.mid,ldrolez/free-midi-chords,MIT,other,OK,"chord / progression, key folder in path"
chords/free-midi-chords/08 - G Major - E minor/1 Triad/Major/IV - C.mid,ldrolez/free-midi-chords,MIT,other,OK,"chord / progression, key folder in path"
chords/free-midi-chords/08 - G Major - E minor/1 Triad/Major/V - D.mid,ldrolez/free-midi-chords,MIT,other,OK,"chord / progression, key folder in path"
chords/free-midi-chords/08 - G Major - E minor/1 Triad/Major/ii - Am.mid,ldrolez/free-midi-chords,MIT,other,OK,"chord / progression, key folder in path"
chords/free-midi-chords/08 - G Major - E minor/1 Triad/Major/iii - Bm.mid,ldrolez/free-midi-chords,MIT,other,OK,"chord / progression, key folder in path"
chords/free-midi-chords/08 - G Major - E minor/1 Triad/Major/vi - Em.mid,ldrolez/free-midi-chords,MIT,other,OK,"chord / progression, key folder in path"
chords/free-midi-chords/08 - G Major - E minor/1 Triad/Major/vii - F#dim.mid,ldrolez/free-midi-chords,MIT,other,OK,"chord / progression, key folder in path"
chords/free-midi-chords/08 - G Major - E minor/1 Triad/Minor/III - G.mid,ldrolez/free-midi-chords,MIT,other,OK,"chord / progression, key folder in path"
chords/free-midi-chords/08 - G Major - E minor/1 Triad/Minor/VI - C.mid,ldrolez/free-midi-chords,MIT,other,OK,"chord / progression, key folder in path"
chords/free-midi-chords/08 - G Major - E minor/1 Triad/Minor/VII - D.mid,ldrolez/free-midi-chords,MIT,other,OK,"chord / progression, key folder in path"
chords/free-midi-chords/08 - G Major - E minor/1 Triad/Minor/i - Em.mid,ldrolez/free-midi-chords,MIT,other,OK,"chord / progression, key folder in path"
chords/free-midi-chords/08 - G Major - E minor/1 Triad/Minor/ii - F#dim.mid,ldrolez/free-midi-chords,MIT,other,OK,"chord / progression, key folder in path"
chords/free-midi-chords/08 - G Major - E minor/1 Triad/Minor/iv - Am.mid,ldrolez/free-midi-chords,MIT,other,OK,"chord / progression, key folder in path"
chords/free-midi-chords/08 - G Major - E minor/1 Triad/Minor/v - Bm.mid,ldrolez/free-midi-chords,MIT,other,OK,"chord / progression, key folder in path"
chords/free-midi-chords/08 - G Major - E minor/2 7th and 9th/Major/I - GM7.mid,ldrolez/free-midi-chords,MIT,other,OK,"chord / progression, key folder in path"
chords/free-midi-chords/08 - G Major - E minor/2 7th and 9th/Major/I - GM9.mid,ldrolez/free-midi-chords,MIT,other,OK,"chord / progression, key folder in path"
chords/free-midi-chords/08 - G Major - E minor/2 7th and 9th/Major/IV - CM7.mid,ldrolez/free-midi-chords,MIT,other,OK,"chord / progression, key folder in path"
chords/free-midi-chords/08 - G Major - E minor/2 7th and 9th/Major/IV - CM9.mid,ldrolez/free-midi-chords,MIT,other,OK,"chord / progression, key folder in path"
chords/free-midi-chords/08 - G Major - E minor/2 7th and 9th/Major/V - D7.mid,ldrolez/free-midi-chords,MIT,other,OK,"chord / progression, key folder in path"
chords/free-midi-chords/08 - G Major - E minor/2 7th and 9th/Major/V - D9.mid,ldrolez/free-midi-chords,MIT,other,OK,"chord / progression, key folder in path"
chords/free-midi-chords/08 - G Major - E minor/2 7th and 9th/Major/ii - Am7.mid,ldrolez/free-midi-chords,MIT,other,OK,"chord / progression, key folder in path"
chords/free-midi-chords/08 - G Major - E minor/2 7th and 9th/Major/ii - Am9.mid,ldrolez/free-midi-chords,MIT,other,OK,"chord / progression, key folder in path"
chords/free-midi-chords/08 - G Major - E minor/2 7th and 9th/Major/iii - Bm7.mid,ldrolez/free-midi-chords,MIT,other,OK,"chord / progression, key folder in path"
chords/free-midi-chords/08 - G Major - E minor/2 7th and 9th/Major/iii - Bm9.mid,ldrolez/free-midi-chords,MIT,other,OK,"chord / progression, key folder in path"
chords/free-midi-chords/08 - G Major - E minor/2 7th and 9th/Major/vi - Em7.mid,ldrolez/free-midi-chords,MIT,other,OK,"chord / progression, key folder in path"
chords/free-midi-chords/08 - G Major - E minor/2 7th and 9th/Major/vi - Em9.mid,ldrolez/free-midi-chords,MIT,other,OK,"chord / progression, key folder in path"
chords/free-midi-chords/08 - G Major - E minor/2 7th and 9th/Major/vii - F#m7-5.mid,ldrolez/free-midi-chords,MIT,other,OK,"chord / progression, key folder in path"
chords/free-midi-chords/08 - G Major - E minor/2 7th and 9th/Major/vii - F#m7b9b5.mid,ldrolez/free-midi-chords,MIT,other,OK,"chord / progression, key folder in path"
chords/free-midi-chords/08 - G Major - E minor/2 7th and 9th/Minor/III - GM7.mid,ldrolez/free-midi-chords,MIT,other,OK,"chord / progression, key folder in path"
chords/free-midi-chords/08 - G Major - E minor/2 7th and 9th/Minor/III - GM9.mid,ldrolez/free-midi-chords,MIT,other,OK,"chord / progression, key folder in path"
chords/free-midi-chords/08 - G Major - E minor/2 7th and 9th/Minor/VI - CM7.mid,ldrolez/free-midi-chords,MIT,other,OK,"chord / progression, key folder in path"
chords/free-midi-chords/08 - G Major - E minor/2 7th and 9th/Minor/VI - CM9.mid,ldrolez/free-midi-chords,MIT,other,OK,"chord / progression, key folder in path"
chords/free-midi-chords/08 - G Major - E minor/2 7th and 9th/Minor/VII - D7.mid,ldrolez/free-midi-chords,MIT,other,OK,"chord / progression, key folder in path"
chords/free-midi-chords/08 - G Major - E minor/2 7th and 9th/Minor/VII - D9.mid,ldrolez/free-midi-chords,MIT,other,OK,"chord / progression, key folder in path"
chords/free-midi-chords/08 - G Major - E minor/2 7th and 9th/Minor/i - Em7.mid,ldrolez/free-midi-chords,MIT,other,OK,"chord / progression, key folder in path"
chords/free-midi-chords/08 - G Major - E minor/2 7th and 9th/Minor/i - Em9.mid,ldrolez/free-midi-chords,MIT,other,OK,"chord / progression, key folder in path"
chords/free-midi-chords/08 - G Major - E minor/2 7th and 9th/Minor/ii - F#m7-5.mid,ldrolez/free-midi-chords,MIT,other,OK,"chord / progression, key folder in path"
chords/free-midi-chords/08 - G Major - E minor/2 7th and 9th/Minor/ii - F#m7b9b5.mid,ldrolez/free-midi-chords,MIT,other,OK,"chord / progression, key folder in path"
chords/free-midi-chords/08 - G Major - E minor/2 7th and 9th/Minor/iv - Am7.mid,ldrolez/free-midi-chords,MIT,other,OK,"chord / progression, key folder in path"
chords/free-midi-chords/08 - G Major - E minor/2 7th and 9th/Minor/iv - Am9.mid,ldrolez/free-midi-chords,MIT,other,OK,"chord / progression, key folder in path"
chords/free-midi-chords/08 - G Major - E minor/2 7th and 9th/Minor/v - Bm7.mid,ldrolez/free-midi-chords,MIT,other,OK,"chord / progression, key folder in path"
chords/free-midi-chords/08 - G Major - E minor/2 7th and 9th/Minor/v - Bm9.mid,ldrolez/free-midi-chords,MIT,other,OK,"chord / progression, key folder in path"
chords/free-midi-chords/08 - G Major - E minor/4 Progression/Major/G - I I IM-5 IM-5 IV IV V Vsus2 - Joyful Triumphant.mid,ldrolez/free-midi-chords,MIT,other,OK,"chord / progression, key folder in path"
chords/free-midi-chords/08 - G Major - E minor/4 Progression/Major/G - I I IV iii - Hopeful Nostalgic.mid,ldrolez/free-midi-chords,MIT,other,OK,"chord / progression, key folder in path"
chords/free-midi-chords/08 - G Major - E minor/4 Progression/Major/G - I I7 Idom7 I7 - Relaxed Playful.mid,ldrolez/free-midi-chords,MIT,other,OK,"chord / progression, key folder in path"
chords/free-midi-chords/08 - G Major - E minor/4 Progression/Major/G - I I7 Idom7 IV - Relaxed Nostalgic.mid,ldrolez/free-midi-chords,MIT,other,OK,"chord / progression, key folder in path"
chords/free-midi-chords/08 - G Major - E minor/4 Progression/Major/G - I IV Isus2 IV - Peaceful Hopeful.mid,ldrolez/free-midi-chords,MIT,other,OK,"chord / progression, key folder in path"
chords/free-midi-chords/08 - G Major - E minor/4 Progression/Major/G - I IV V - Joyful Excited.mid,ldrolez/free-midi-chords,MIT,other,OK,"chord / progression, key folder in path"
chords/free-midi-chords/08 - G Major - E minor/4 Progression/Major/G - I IV V IV - Joyful Triumphant.mid,ldrolez/free-midi-chords,MIT,other,OK,"chord / progression, key folder in path"
chords/free-midi-chords/08 - G Major - E minor/4 Progression/Major/G - I IV ii V - Joyful Triumphant.mid,ldrolez/free-midi-chords,MIT,other,OK,"chord / progression, key folder in path"
chords/free-midi-chords/08 - G Major - E minor/4 Progression/Major/G - I IV vi V - Joyful Hopeful.mid,ldrolez/free-midi-chords,MIT,other,OK,"chord / progression, key folder in path"
chords/free-midi-chords/08 - G Major - E minor/4 Progression/Major/G - I IV vii iii vi ii V I - Romantic Triumphant.mid,ldrolez/free-midi-chords,MIT,other,OK,"chord / progression, key folder in path"
chords/free-midi-chords/08 - G Major - E minor/4 Progression/Major/G - I V I IV - Joyful Playful.mid,ldrolez/free-midi-chords,MIT,other,OK,"chord / progression, key folder in path"
chords/free-midi-chords/08 - G Major - E minor/4 Progression/Major/G - I V IV vi - Romantic Hopeful.mid,ldrolez/free-midi-chords,MIT,other,OK,"chord / progression, key folder in path"
chords/free-midi-chords/08 - G Major - E minor/4 Progression/Major/G - I V vi IV - Hopeful Romantic.mid,ldrolez/free-midi-chords,MIT,other,OK,"chord / progression, key folder in path"
chords/free-midi-chords/08 - G Major - E minor/4 Progression/Major/G - I V vi V - Hopeful Romantic.mid,ldrolez/free-midi-chords,MIT,other,OK,"chord / progression, key folder in path"
chords/free-midi-chords/08 - G Major - E minor/4 Progression/Major/G - I V vi ii - Hopeful Romantic.mid,ldrolez/free-midi-chords,MIT,other,OK,"chord / progression, key folder in path"
chords/free-midi-chords/08 - G Major - E minor/4 Progression/Major/G - I V vi iii IV - Hopeful Joyful.mid,ldrolez/free-midi-chords,MIT,other,OK,"chord / progression, key folder in path"
chords/free-midi-chords/08 - G Major - E minor/4 Progression/Major/G - I V vi iii IV I IV V - Hopeful Joyful.mid,ldrolez/free-midi-chords,MIT,other,OK,"chord / progression, key folder in path"
chords/free-midi-chords/08 - G Major - E minor/4 Progression/Major/G - I iii IV vi - Romantic Nostalgic.mid,ldrolez/free-midi-chords,MIT,other,OK,"chord / progression, key folder in path"
chords/free-midi-chords/08 - G Major - E minor/4 Progression/Major/G - I iii vi IV - Romantic Hopeful.mid,ldrolez/free-midi-chords,MIT,other,OK,"chord / progression, key folder in path"
chords/free-midi-chords/08 - G Major - E minor/4 Progression/Major/G - I iii vi Isus4 - Tender Spiritual.mid,ldrolez/free-midi-chords,MIT,other,OK,"chord / progression, key folder in path"
chords/free-midi-chords/08 - G Major - E minor/4 Progression/Major/G - I vi I IV - Tender Nostalgic.mid,ldrolez/free-midi-chords,MIT,other,OK,"chord / progression, key folder in path"
chords/free-midi-chords/08 - G Major - E minor/4 Progression/Major/G - I vi IV V - Romantic Hopeful.mid,ldrolez/free-midi-chords,MIT,other,OK,"chord / progression, key folder in path"
chords/free-midi-chords/08 - G Major - E minor/4 Progression/Major/G - I vi IV iii - Nostalgic Romantic.mid,ldrolez/free-midi-chords,MIT,other,OK,"chord / progression, key folder in path"
chords/free-midi-chords/08 - G Major - E minor/4 Progression/Major/G - I vi ii IV - Tender Nostalgic.mid,ldrolez/free-midi-chords,MIT,other,OK,"chord / progression, key folder in path"
chords/free-midi-chords/08 - G Major - E minor/4 Progression/Major/G - I vi ii V - Nostalgic Romantic.mid,ldrolez/free-midi-chords,MIT,other,OK,"chord / progression, key folder in path"
chords/free-midi-chords/08 - G Major - E minor/4 Progression/Major/G - I7 V7 viadd9 IV7 - Playful Joyful.mid,ldrolez/free-midi-chords,MIT,other,OK,"chord / progression, key folder in path"
chords/free-midi-chords/08 - G Major - E minor/4 Progression/Major/G - IV I IV6 Iadd9 - Relaxed Joyful.mid,ldrolez/free-midi-chords,MIT,other,OK,"chord / progression, key folder in path"
chords/free-midi-chords/08 - G Major - E minor/4 Progression/Major/G - IV I V vi - Joyful Romantic.mid,ldrolez/free-midi-chords,MIT,other,OK,"chord / progression, key folder in path"
chords/free-midi-chords/08 - G Major - E minor/4 Progression/Major/G - IV I ii vi - Nostalgic Peaceful.mid,ldrolez/free-midi-chords,MIT,other,OK,"chord / progression, key folder in path"
chords/free-midi-chords/08 - G Major - E minor/4 Progression/Major/G - IV I iii IV - Playful Joyful.mid,ldrolez/free-midi-chords,MIT,other,OK,"chord / progression, key folder in path"
chords/free-midi-chords/08 - G Major - E minor/4 Progression/Major/G - IV IV I V - Joyful Hopeful.mid,ldrolez/free-midi-chords,MIT,other,OK,"chord / progression, key folder in path"
chords/free-midi-chords/08 - G Major - E minor/4 Progression/Major/G - IV vi I V - Hopeful Romantic.mid,ldrolez/free-midi-chords,MIT,other,OK,"chord / progression, key folder in path"
chords/free-midi-chords/08 - G Major - E minor/4 Progression/Major/G - IV vi IV vi - Nostalgic.mid,ldrolez/free-midi-chords,MIT,other,OK,"chord / progression, key folder in path"
chords/free-midi-chords/08 - G Major - E minor/4 Progression/Major/G - IV vi iii I - Nostalgic Playful.mid,ldrolez/free-midi-chords,MIT,other,OK,"chord / progression, key folder in path"
chords/free-midi-chords/08 - G Major - E minor/4 Progression/Major/G - Isus2 I vi7 visus4 - Playful Romantic.mid,ldrolez/free-midi-chords,MIT,other,OK,"chord / progression, key folder in path"
chords/free-midi-chords/08 - G Major - E minor/4 Progression/Major/G - V I vi V - Hopeful Romantic.mid,ldrolez/free-midi-chords,MIT,other,OK,"chord / progression, key folder in path"
chords/free-midi-chords/08 - G Major - E minor/4 Progression/Major/G - V IV vi I - Hopeful Triumphant.mid,ldrolez/free-midi-chords,MIT,other,OK,"chord / progression, key folder in path"
chords/free-midi-chords/08 - G Major - E minor/4 Progression/Major/G - V vi IV I - Hopeful Romantic.mid,ldrolez/free-midi-chords,MIT,other,OK,"chord / progression, key folder in path"
chords/free-midi-chords/08 - G Major - E minor/4 Progression/Major/G - ii IV V - Hopeful.mid,ldrolez/free-midi-chords,MIT,other,OK,"chord / progression, key folder in path"
chords/free-midi-chords/08 - G Major - E minor/4 Progression/Major/G - ii IV vi V - Romantic.mid,ldrolez/free-midi-chords,MIT,other,OK,"chord / progression, key folder in path"
chords/free-midi-chords/08 - G Major - E minor/4 Progression/Major/G - ii V I - Triumphant.mid,ldrolez/free-midi-chords,MIT,other,OK,"chord / progression, key folder in path"
chords/free-midi-chords/08 - G Major - E minor/4 Progression/Major/G - ii V I IV - Hopeful Triumphant.mid,ldrolez/free-midi-chords,MIT,other,OK,"chord / progression, key folder in path"
chords/free-midi-chords/08 - G Major - E minor/4 Progression/Major/G - ii7 Vadd9 I7 - Triumphant.mid,ldrolez/free-midi-chords,MIT,other,OK,"chord / progression, key folder in path"
chords/free-midi-chords/08 - G Major - E minor/4 Progression/Major/G - iii vi IV I - Romantic Nostalgic.mid,ldrolez/free-midi-chords,MIT,other,OK,"chord / progression, key folder in path"
chords/free-midi-chords/08 - G Major - E minor/4 Progression/Major/G - iim7 V7 iiim7 vi7 iim7 V7 - Romantic Nostalgic.mid,ldrolez/free-midi-chords,MIT,other,OK,"chord / progression, key folder in path"
chords/free-midi-chords/08 - G Major - E minor/4 Progression/Major/G - vi IV I V - Hopeful Romantic.mid,ldrolez/free-midi-chords,MIT,other,OK,"chord / progression, key folder in path"
chords/free-midi-chords/08 - G Major - E minor/4 Progression/Major/G - vi IV iii V - New Hopeful Romantic.mid,ldrolez/free-midi-chords,MIT,other,OK,"chord / progression, key folder in path"
chords/free-midi-chords/08 - G Major - E minor/4 Progression/Major/G - vi V IV V - Romantic Hopeful.mid,ldrolez/free-midi-chords,MIT,other,OK,"chord / progression, key folder in path"
chords/free-midi-chords/08 - G Major - E minor/4 Progression/Major/G - vi V IV V ii V I I - Triumphant Hopeful.mid,ldrolez/free-midi-chords,MIT,other,OK,"chord / progression, key folder in path"
chords/free-midi-chords/08 - G Major - E minor/4 Progression/Major/G - vi ii V I - Hopeful Romantic.mid,ldrolez/free-midi-chords,MIT,other,OK,"chord / progression, key folder in path"
chords/free-midi-chords/08 - G Major - E minor/4 Progression/Major/hiphop2 style/G - I I IM-5 IM-5 IV IV V Vsus2 - Joyful Triumphant.mid,ldrolez/free-midi-chords,MIT,other,OK,"chord / progression, key folder in path"
chords/free-midi-chords/08 - G Major - E minor/4 Progression/Major/hiphop2 style/G - I I IV iii - Hopeful Nostalgic.mid,ldrolez/free-midi-chords,MIT,other,OK,"chord / progression, key folder in path"
chords/free-midi-chords/08 - G Major - E minor/4 Progression/Major/hiphop2 style/G - I I7 Idom7 I7 - Relaxed Playful.mid,ldrolez/free-midi-chords,MIT,other,OK,"chord / progression, key folder in path"
chords/free-midi-chords/08 - G Major - E minor/4 Progression/Major/hiphop2 style/G - I I7 Idom7 IV - Relaxed Nostalgic.mid,ldrolez/free-midi-chords,MIT,other,OK,"chord / progression, key folder in path"
chords/free-midi-chords/08 - G Major - E minor/4 Progression/Major/hiphop2 style/G - I IV Isus2 IV - Peaceful Hopeful.mid,ldrolez/free-midi-chords,MIT,other,OK,"chord / progression, key folder in path"
chords/free-midi-chords/08 - G Major - E minor/4 Progression/Major/hiphop2 style/G - I IV V - Joyful Excited.mid,ldrolez/free-midi-chords,MIT,other,OK,"chord / progression, key folder in path"
chords/free-midi-chords/08 - G Major - E minor/4 Progression/Major/hiphop2 style/G - I IV V IV - Joyful Triumphant.mid,ldrolez/free-midi-chords,MIT,other,OK,"chord / progression, key folder in path"
chords/free-midi-chords/08 - G Major - E minor/4 Progression/Major/hiphop2 style/G - I IV ii V - Joyful Triumphant.mid,ldrolez/free-midi-chords,MIT,other,OK,"chord / progression, key folder in path"
chords/free-midi-chords/08 - G Major - E minor/4 Progression/Major/hiphop2 style/G - I IV vi V - Joyful Hopeful.mid,ldrolez/free-midi-chords,MIT,other,OK,"chord / progression, key folder in path"
chords/free-midi-chords/08 - G Major - E minor/4 Progression/Major/hiphop2 style/G - I IV vii iii vi ii V I - Romantic Triumphant.mid,ldrolez/free-midi-chords,MIT,other,OK,"chord / progression, key folder in path"
chords/free-midi-chords/08 - G Major - E minor/4 Progression/Major/hiphop2 style/G - I V I IV - Joyful Playful.mid,ldrolez/free-midi-chords,MIT,other,OK,"chord / progression, key folder in path"
chords/free-midi-chords/08 - G Major - E minor/4 Progression/Major/hiphop2 style/G - I V IV vi - Romantic Hopeful.mid,ldrolez/free-midi-chords,MIT,other,OK,"chord / progression, key folder in path"
chords/free-midi-chords/08 - G Major - E minor/4 Progression/Major/hiphop2 style/G - I V vi IV - Hopeful Romantic.mid,ldrolez/free-midi-chords,MIT,other,OK,"chord / progression, key folder in path"
chords/free-midi-chords/08 - G Major - E minor/4 Progression/Major/hiphop2 style/G - I V vi V - Hopeful Romantic.mid,ldrolez/free-midi-chords,MIT,other,OK,"chord / progression, key folder in path"
chords/free-midi-chords/08 - G Major - E minor/4 Progression/Major/hiphop2 style/G - I V vi ii - Hopeful Romantic.mid,ldrolez/free-midi-chords,MIT,other,OK,"chord / progression, key folder in path"
chords/free-midi-chords/08 - G Major - E minor/4 Progression/Major/hiphop2 style/G - I V vi iii IV - Hopeful Joyful.mid,ldrolez/free-midi-chords,MIT,other,OK,"chord / progression, key folder in path"
chords/free-midi-chords/08 - G Major - E minor/4 Progression/Major/hiphop2 style/G - I V vi iii IV I IV V - Hopeful Joyful.mid,ldrolez/free-midi-chords,MIT,other,OK,"chord / progression, key folder in path"
chords/free-midi-chords/08 - G Major - E minor/4 Progression/Major/hiphop2 style/G - I iii IV vi - Romantic Nostalgic.mid,ldrolez/free-midi-chords,MIT,other,OK,"chord / progression, key folder in path"
chords/free-midi-chords/08 - G Major - E minor/4 Progression/Major/hiphop2 style/G - I iii vi IV - Romantic Hopeful.mid,ldrolez/free-midi-chords,MIT,other,OK,"chord / progression, key folder in path"
chords/free-midi-chords/08 - G Major - E minor/4 Progression/Major/hiphop2 style/G - I iii vi Isus4 - Tender Spiritual.mid,ldrolez/free-midi-chords,MIT,other,OK,"chord / progression, key folder in path"
chords/free-midi-chords/08 - G Major - E minor/4 Progression/Major/hiphop2 style/G - I vi I IV - Tender Nostalgic.mid,ldrolez/free-midi-chords,MIT,other,OK,"chord / progression, key folder in path"
chords/free-midi-chords/08 - G Major - E minor/4 Progression/Major/hiphop2 style/G - I vi IV V - Romantic Hopeful.mid,ldrolez/free-midi-chords,MIT,other,OK,"chord / progression, key folder in path"
chords/free-midi-chords/08 - G Major - E minor/4 Progression/Major/hiphop2 style/G - I vi IV iii - Nostalgic Romantic.mid,ldrolez/free-midi-chords,MIT,other,OK,"chord / progression, key folder in path"
chords/free-midi-chords/08 - G Major - E minor/4 Progression/Major/hiphop2 style/G - I vi ii IV - Tender Nostalgic.mid,ldrolez/free-midi-chords,MIT,other,OK,"chord / progression, key folder in path"
chords/free-midi-chords/08 - G Major - E minor/4 Progression/Major/hiphop2 style/G - I vi ii V - Nostalgic Romantic.mid,ldrolez/free-midi-chords,MIT,other,OK,"chord / progression, key folder in path"
chords/free-midi-chords/08 - G Major - E minor/4 Progression/Major/hiphop2 style/G - I7 V7 viadd9 IV7 - Playful Joyful.mid,ldrolez/free-midi-chords,MIT,other,OK,"chord / progression, key folder in path"
chords/free-midi-chords/08 - G Major - E minor/4 Progression/Major/hiphop2 style/G - IV I IV6 Iadd9 - Relaxed Joyful.mid,ldrolez/free-midi-chords,MIT,other,OK,"chord / progression, key folder in path"
chords/free-midi-chords/08 - G Major - E minor/4 Progression/Major/hiphop2 style/G - IV I V vi - Joyful Romantic.mid,ldrolez/free-midi-chords,MIT,other,OK,"chord / progression, key folder in path"
chords/free-midi-chords/08 - G Major - E minor/4 Progression/Major/hiphop2 style/G - IV I ii vi - Nostalgic Peaceful.mid,ldrolez/free-midi-chords,MIT,other,OK,"chord / progression, key folder in path"
chords/free-midi-chords/08 - G Major - E minor/4 Progression/Major/hiphop2 style/G - IV I iii IV - Playful Joyful.mid,ldrolez/free-midi-chords,MIT,other,OK,"chord / progression, key folder in path"
chords/free-midi-chords/08 - G Major - E minor/4 Progression/Major/hiphop2 style/G - IV IV I V - Joyful Hopeful.mid,ldrolez/free-midi-chords,MIT,other,OK,"chord / progression, key folder in path"
chords/free-midi-chords/08 - G Major - E minor/4 Progression/Major/hiphop2 style/G - IV vi I V - Hopeful Romantic.mid,ldrolez/free-midi-chords,MIT,other,OK,"chord / progression, key folder in path"
chords/free-midi-chords/08 - G Major - E minor/4 Progression/Major/hiphop2 style/G - IV vi IV vi - Nostalgic.mid,ldrolez/free-midi-chords,MIT,other,OK,"chord / progression, key folder in path"
chords/free-midi-chords/08 - G Major - E minor/4 Progression/Major/hiphop2 style/G - IV vi iii I - Nostalgic Playful.mid,ldrolez/free-midi-chords,MIT,other,OK,"chord / progression, key folder in path"
chords/free-midi-chords/08 - G Major - E minor/4 Progression/Major/hiphop2 style/G - Isus2 I vi7 visus4 - Playful Romantic.mid,ldrolez/free-midi-chords,MIT,other,OK,"chord / progression, key folder in path"
chords/free-midi-chords/08 - G Major - E minor/4 Progression/Major/hiphop2 style/G - V I vi V - Hopeful Romantic.mid,ldrolez/free-midi-chords,MIT,other,OK,"chord / progression, key folder in path"
chords/free-midi-chords/08 - G Major - E minor/4 Progression/Major/hiphop2 style/G - V IV vi I - Hopeful Triumphant.mid,ldrolez/free-midi-chords,MIT,other,OK,"chord / progression, key folder in path"
chords/free-midi-chords/08 - G Major - E minor/4 Progression/Major/hiphop2 style/G - V vi IV I - Hopeful Romantic.mid,ldrolez/free-midi-chords,MIT,other,OK,"chord / progression, key folder in path"
chords/free-midi-chords/08 - G Major - E minor/4 Progression/Major/hiphop2 style/G - ii IV V - Hopeful.mid,ldrolez/free-midi-chords,MIT,other,OK,"chord / progression, key folder in path"
chords/free-midi-chords/08 - G Major - E minor/4 Progression/Major/hiphop2 style/G - ii IV vi V - Romantic.mid,ldrolez/free-midi-chords,MIT,other,OK,"chord / progression, key folder in path"
chords/free-midi-chords/08 - G Major - E minor/4 Progression/Major/hiphop2 style/G - ii V I - Triumphant.mid,ldrolez/free-midi-chords,MIT,other,OK,"chord / progression, key folder in path"
chords/free-midi-chords/08 - G Major - E minor/4 Progression/Major/hiphop2 style/G - ii V I IV - Hopeful Triumphant.mid,ldrolez/free-midi-chords,MIT,other,OK,"chord / progression, key folder in path"
chords/free-midi-chords/08 - G Major - E minor/4 Progression/Major/hiphop2 style/G - ii7 Vadd9 I7 - Triumphant.mid,ldrolez/free-midi-chords,MIT,other,OK,"chord / progression, key folder in path"
chords/free-midi-chords/08 - G Major - E minor/4 Progression/Major/hiphop2 style/G - iii vi IV I - Romantic Nostalgic.mid,ldrolez/free-midi-chords,MIT,other,OK,"chord / progression, key folder in path"
chords/free-midi-chords/08 - G Major - E minor/4 Progression/Major/hiphop2 style/G - iim7 V7 iiim7 vi7 iim7 V7 - Romantic Nostalgic.mid,ldrolez/free-midi-chords,MIT,other,OK,"chord / progression, key folder in path"
chords/free-midi-chords/08 - G Major - E minor/4 Progression/Major/hiphop2 style/G - vi IV I V - Hopeful Romantic.mid,ldrolez/free-midi-chords,MIT,other,OK,"chord / progression, key folder in path"
chords/free-midi-chords/08 - G Major - E minor/4 Progression/Major/hiphop2 style/G - vi IV iii V - New Hopeful Romantic.mid,ldrolez/free-midi-chords,MIT,other,OK,"chord / progression, key folder in path"
chords/free-midi-chords/08 - G Major - E minor/4 Progression/Major/hiphop2 style/G - vi V IV V - Romantic Hopeful.mid,ldrolez/free-midi-chords,MIT,other,OK,"chord / progression, key folder in path"
chords/free-midi-chords/08 - G Major - E minor/4 Progression/Major/hiphop2 style/G - vi V IV V ii V I I - Triumphant Hopeful.mid,ldrolez/free-midi-chords,MIT,other,OK,"chord / progression, key folder in path"
chords/free-midi-chords/08 - G Major - E minor/4 Progression/Major/hiphop2 style/G - vi ii V I - Hopeful Romantic.mid,ldrolez/free-midi-chords,MIT,other,OK,"chord / progression, key folder in path"
chords/free-midi-chords/08 - G Major - E minor/4 Progression/Major/pop style/G - I I IM-5 IM-5 IV IV V Vsus2 - Joyful Triumphant.mid,ldrolez/free-midi-chords,MIT,other,OK,"chord / progression, key folder in path"
chords/free-midi-chords/08 - G Major - E minor/4 Progression/Major/pop style/G - I I IV iii - Hopeful Nostalgic.mid,ldrolez/free-midi-chords,MIT,other,OK,"chord / progression, key folder in path"
chords/free-midi-chords/08 - G Major - E minor/4 Progression/Major/pop style/G - I I7 Idom7 I7 - Relaxed Playful.mid,ldrolez/free-midi-chords,MIT,other,OK,"chord / progression, key folder in path"
chords/free-midi-chords/08 - G Major - E minor/4 Progression/Major/pop style/G - I I7 Idom7 IV - Relaxed Nostalgic.mid,ldrolez/free-midi-chords,MIT,other,OK,"chord / progression, key folder in path"
chords/free-midi-chords/08 - G Major - E minor/4 Progression/Major/pop style/G - I IV Isus2 IV - Peaceful Hopeful.mid,ldrolez/free-midi-chords,MIT,other,OK,"chord / progression, key folder in path"
chords/free-midi-chords/08 - G Major - E minor/4 Progression/Major/pop style/G - I IV V - Joyful Excited.mid,ldrolez/free-midi-chords,MIT,other,OK,"chord / progression, key folder in path"
chords/free-midi-chords/08 - G Major - E minor/4 Progression/Major/pop style/G - I IV V IV - Joyful Triumphant.mid,ldrolez/free-midi-chords,MIT,other,OK,"chord / progression, key folder in path"
chords/free-midi-chords/08 - G Major - E minor/4 Progression/Major/pop style/G - I IV ii V - Joyful Triumphant.mid,ldrolez/free-midi-chords,MIT,other,OK,"chord / progression, key folder in path"
chords/free-midi-chords/08 - G Major - E minor/4 Progression/Major/pop style/G - I IV vi V - Joyful Hopeful.mid,ldrolez/free-midi-chords,MIT,other,OK,"chord / progression, key folder in path"
chords/free-midi-chords/08 - G Major - E minor/4 Progression/Major/pop style/G - I IV vii iii vi ii V I - Romantic Triumphant.mid,ldrolez/free-midi-chords,MIT,other,OK,"chord / progression, key folder in path"
chords/free-midi-chords/08 - G Major - E minor/4 Progression/Major/pop style/G - I V I IV - Joyful Playful.mid,ldrolez/free-midi-chords,MIT,other,OK,"chord / progression, key folder in path"
chords/free-midi-chords/08 - G Major - E minor/4 Progression/Major/pop style/G - I V IV vi - Romantic Hopeful.mid,ldrolez/free-midi-chords,MIT,other,OK,"chord / progression, key folder in path"
chords/free-midi-chords/08 - G Major - E minor/4 Progression/Major/pop style/G - I V vi IV - Hopeful Romantic.mid,ldrolez/free-midi-chords,MIT,other,OK,"chord / progression, key folder in path"
chords/free-midi-chords/08 - G Major - E minor/4 Progression/Major/pop style/G - I V vi V - Hopeful Romantic.mid,ldrolez/free-midi-chords,MIT,other,OK,"chord / progression, key folder in path"
chords/free-midi-chords/08 - G Major - E minor/4 Progression/Major/pop style/G - I V vi ii - Hopeful Romantic.mid,ldrolez/free-midi-chords,MIT,other,OK,"chord / progression, key folder in path"
chords/free-midi-chords/08 - G Major - E minor/4 Progression/Major/pop style/G - I V vi iii IV - Hopeful Joyful.mid,ldrolez/free-midi-chords,MIT,other,OK,"chord / progression, key folder in path"
chords/free-midi-chords/08 - G Major - E minor/4 Progression/Major/pop style/G - I V vi iii IV I IV V - Hopeful Joyful.mid,ldrolez/free-midi-chords,MIT,other,OK,"chord / progression, key folder in path"
chords/free-midi-chords/08 - G Major - E minor/4 Progression/Major/pop style/G - I iii IV vi - Romantic Nostalgic.mid,ldrolez/free-midi-chords,MIT,other,OK,"chord / progression, key folder in path"
chords/free-midi-chords/08 - G Major - E minor/4 Progression/Major/pop style/G - I iii vi IV - Romantic Hopeful.mid,ldrolez/free-midi-chords,MIT,other,OK,"chord / progression, key folder in path"
chords/free-midi-chords/08 - G Major - E minor/4 Progression/Major/pop style/G - I iii vi Isus4 - Tender Spiritual.mid,ldrolez/free-midi-chords,MIT,other,OK,"chord / progression, key folder in path"
chords/free-midi-chords/08 - G Major - E minor/4 Progression/Major/pop style/G - I vi I IV - Tender Nostalgic.mid,ldrolez/free-midi-chords,MIT,other,OK,"chord / progression, key folder in path"
chords/free-midi-chords/08 - G Major - E minor/4 Progression/Major/pop style/G - I vi IV V - Romantic Hopeful.mid,ldrolez/free-midi-chords,MIT,other,OK,"chord / progression, key folder in path"
chords/free-midi-chords/08 - G Major - E minor/4 Progression/Major/pop style/G - I vi IV iii - Nostalgic Romantic.mid,ldrolez/free-midi-chords,MIT,other,OK,"chord / progression, key folder in path"
chords/free-midi-chords/08 - G Major - E minor/4 Progression/Major/pop style/G - I vi ii IV - Tender Nostalgic.mid,ldrolez/free-midi-chords,MIT,other,OK,"chord / progression, key folder in path"
chords/free-midi-chords/08 - G Major - E minor/4 Progression/Major/pop style/G - I vi ii V - Nostalgic Romantic.mid,ldrolez/free-midi-chords,MIT,other,OK,"chord / progression, key folder in path"
chords/free-midi-chords/08 - G Major - E minor/4 Progression/Major/pop style/G - I7 V7 viadd9 IV7 - Playful Joyful.mid,ldrolez/free-midi-chords,MIT,other,OK,"chord / progression, key folder in path"
chords/free-midi-chords/08 - G Major - E minor/4 Progression/Major/pop style/G - IV I IV6 Iadd9 - Relaxed Joyful.mid,ldrolez/free-midi-chords,MIT,other,OK,"chord / progression, key folder in path"
chords/free-midi-chords/08 - G Major - E minor/4 Progression/Major/pop style/G - IV I V vi - Joyful Romantic.mid,ldrolez/free-midi-chords,MIT,other,OK,"chord / progression, key folder in path"
chords/free-midi-chords/08 - G Major - E minor/4 Progression/Major/pop style/G - IV I ii vi - Nostalgic Peaceful.mid,ldrolez/free-midi-chords,MIT,other,OK,"chord / progression, key folder in path"
chords/free-midi-chords/08 - G Major - E minor/4 Progression/Major/pop style/G - IV I iii IV - Playful Joyful.mid,ldrolez/free-midi-chords,MIT,other,OK,"chord / progression, key folder in path"
chords/free-midi-chords/08 - G Major - E minor/4 Progression/Major/pop style/G - IV IV I V - Joyful Hopeful.mid,ldrolez/free-midi-chords,MIT,other,OK,"chord / progression, key folder in path"
chords/free-midi-chords/08 - G Major - E minor/4 Progression/Major/pop style/G - IV vi I V - Hopeful Romantic.mid,ldrolez/free-midi-chords,MIT,other,OK,"chord / progression, key folder in path"
chords/free-midi-chords/08 - G Major - E minor/4 Progression/Major/pop style/G - IV vi IV vi - Nostalgic.mid,ldrolez/free-midi-chords,MIT,other,OK,"chord / progression, key folder in path"
chords/free-midi-chords/08 - G Major - E minor/4 Progression/Major/pop style/G - IV vi iii I - Nostalgic Playful.mid,ldrolez/free-midi-chords,MIT,other,OK,"chord / progression, key folder in path"
chords/free-midi-chords/08 - G Major - E minor/4 Progression/Major/pop style/G - Isus2 I vi7 visus4 - Playful Romantic.mid,ldrolez/free-midi-chords,MIT,other,OK,"chord / progression, key folder in path"
chords/free-midi-chords/08 - G Major - E minor/4 Progression/Major/pop style/G - V I vi V - Hopeful Romantic.mid,ldrolez/free-midi-chords,MIT,other,OK,"chord / progression, key folder in path"
chords/free-midi-chords/08 - G Major - E minor/4 Progression/Major/pop style/G - V IV vi I - Hopeful Triumphant.mid,ldrolez/free-midi-chords,MIT,other,OK,"chord / progression, key folder in path"
chords/free-midi-chords/08 - G Major - E minor/4 Progression/Major/pop style/G - V vi IV I - Hopeful Romantic.mid,ldrolez/free-midi-chords,MIT,other,OK,"chord / progression, key folder in path"
chords/free-midi-chords/08 - G Major - E minor/4 Progression/Major/pop style/G - ii IV V - Hopeful.mid,ldrolez/free-midi-chords,MIT,other,OK,"chord / progression, key folder in path"
chords/free-midi-chords/08 - G Major - E minor/4 Progression/Major/pop style/G - ii IV vi V - Romantic.mid,ldrolez/free-midi-chords,MIT,other,OK,"chord / progression, key folder in path"
chords/free-midi-chords/08 - G Major - E minor/4 Progression/Major/pop style/G - ii V I - Triumphant.mid,ldrolez/free-midi-chords,MIT,other,OK,"chord / progression, key folder in path"
chords/free-midi-chords/08 - G Major - E minor/4 Progression/Major/pop style/G - ii V I IV - Hopeful Triumphant.mid,ldrolez/free-midi-chords,MIT,other,OK,"chord / progression, key folder in path"
chords/free-midi-chords/08 - G Major - E minor/4 Progression/Major/pop style/G - ii7 Vadd9 I7 - Triumphant.mid,ldrolez/free-midi-chords,MIT,other,OK,"chord / progression, key folder in path"
chords/free-midi-chords/08 - G Major - E minor/4 Progression/Major/pop style/G - iii vi IV I - Romantic Nostalgic.mid,ldrolez/free-midi-chords,MIT,other,OK,"chord / progression, key folder in path"
chords/free-midi-chords/08 - G Major - E minor/4 Progression/Major/pop style/G - iim7 V7 iiim7 vi7 iim7 V7 - Romantic Nostalgic.mid,ldrolez/free-midi-chords,MIT,other,OK,"chord / progression, key folder in path"
chords/free-midi-chords/08 - G Major - E minor/4 Progression/Major/pop style/G - vi IV I V - Hopeful Romantic.mid,ldrolez/free-midi-chords,MIT,other,OK,"chord / progression, key folder in path"
chords/free-midi-chords/08 - G Major - E minor/4 Progression/Major/pop style/G - vi IV iii V - New Hopeful Romantic.mid,ldrolez/free-midi-chords,MIT,other,OK,"chord / progression, key folder in path"
chords/free-midi-chords/08 - G Major - E minor/4 Progression/Major/pop style/G - vi V IV V - Romantic Hopeful.mid,ldrolez/free-midi-chords,MIT,other,OK,"chord / progression, key folder in path"
chords/free-midi-chords/08 - G Major - E minor/4 Progression/Major/pop style/G - vi V IV V ii V I I - Triumphant Hopeful.mid,ldrolez/free-midi-chords,MIT,other,OK,"chord / progression, key folder in path"
chords/free-midi-chords/08 - G Major - E minor/4 Progression/Major/pop style/G - vi ii V I - Hopeful Romantic.mid,ldrolez/free-midi-chords,MIT,other,OK,"chord / progression, key folder in path"
chords/free-midi-chords/08 - G Major - E minor/4 Progression/Major/pop2 style/G - I I IM-5 IM-5 IV IV V Vsus2 - Joyful Triumphant.mid,ldrolez/free-midi-chords,MIT,other,OK,"chord / progression, key folder in path"
chords/free-midi-chords/08 - G Major - E minor/4 Progression/Major/pop2 style/G - I I IV iii - Hopeful Nostalgic.mid,ldrolez/free-midi-chords,MIT,other,OK,"chord / progression, key folder in path"
chords/free-midi-chords/08 - G Major - E minor/4 Progression/Major/pop2 style/G - I I7 Idom7 I7 - Relaxed Playful.mid,ldrolez/free-midi-chords,MIT,other,OK,"chord / progression, key folder in path"
chords/free-midi-chords/08 - G Major - E minor/4 Progression/Major/pop2 style/G - I I7 Idom7 IV - Relaxed Nostalgic.mid,ldrolez/free-midi-chords,MIT,other,OK,"chord / progression, key folder in path"
chords/free-midi-chords/08 - G Major - E minor/4 Progression/Major/pop2 style/G - I IV Isus2 IV - Peaceful Hopeful.mid,ldrolez/free-midi-chords,MIT,other,OK,"chord / progression, key folder in path"
chords/free-midi-chords/08 - G Major - E minor/4 Progression/Major/pop2 style/G - I IV V - Joyful Excited.mid,ldrolez/free-midi-chords,MIT,other,OK,"chord / progression, key folder in path"
chords/free-midi-chords/08 - G Major - E minor/4 Progression/Major/pop2 style/G - I IV V IV - Joyful Triumphant.mid,ldrolez/free-midi-chords,MIT,other,OK,"chord / progression, key folder in path"
chords/free-midi-chords/08 - G Major - E minor/4 Progression/Major/pop2 style/G - I IV ii V - Joyful Triumphant.mid,ldrolez/free-midi-chords,MIT,other,OK,"chord / progression, key folder in path"
chords/free-midi-chords/08 - G Major - E minor/4 Progression/Major/pop2 style/G - I IV vi V - Joyful Hopeful.mid,ldrolez/free-midi-chords,MIT,other,OK,"chord / progression, key folder in path"
chords/free-midi-chords/08 - G Major - E minor/4 Progression/Major/pop2 style/G - I IV vii iii vi ii V I - Romantic Triumphant.mid,ldrolez/free-midi-chords,MIT,other,OK,"chord / progression, key folder in path"
chords/free-midi-chords/08 - G Major - E minor/4 Progression/Major/pop2 style/G - I V I IV - Joyful Playful.mid,ldrolez/free-midi-chords,MIT,other,OK,"chord / progression, key folder in path"
chords/free-midi-chords/08 - G Major - E minor/4 Progression/Major/pop2 style/G - I V IV vi - Romantic Hopeful.mid,ldrolez/free-midi-chords,MIT,other,OK,"chord / progression, key folder in path"
chords/free-midi-chords/08 - G Major - E minor/4 Progression/Major/pop2 style/G - I V vi IV - Hopeful Romantic.mid,ldrolez/free-midi-chords,MIT,other,OK,"chord / progression, key folder in path"
chords/free-midi-chords/08 - G Major - E minor/4 Progression/Major/pop2 style/G - I V vi V - Hopeful Romantic.mid,ldrolez/free-midi-chords,MIT,other,OK,"chord / progression, key folder in path"
chords/free-midi-chords/08 - G Major - E minor/4 Progression/Major/pop2 style/G - I V vi ii - Hopeful Romantic.mid,ldrolez/free-midi-chords,MIT,other,OK,"chord / progression, key folder in path"
chords/free-midi-chords/08 - G Major - E minor/4 Progression/Major/pop2 style/G - I V vi iii IV - Hopeful Joyful.mid,ldrolez/free-midi-chords,MIT,other,OK,"chord / progression, key folder in path"
chords/free-midi-chords/08 - G Major - E minor/4 Progression/Major/pop2 style/G - I V vi iii IV I IV V - Hopeful Joyful.mid,ldrolez/free-midi-chords,MIT,other,OK,"chord / progression, key folder in path"
chords/free-midi-chords/08 - G Major - E minor/4 Progression/Major/pop2 style/G - I iii IV vi - Romantic Nostalgic.mid,ldrolez/free-midi-chords,MIT,other,OK,"chord / progression, key folder in path"
chords/free-midi-chords/08 - G Major - E minor/4 Progression/Major/pop2 style/G - I iii vi IV - Romantic Hopeful.mid,ldrolez/free-midi-chords,MIT,other,OK,"chord / progression, key folder in path"
chords/free-midi-chords/08 - G Major - E minor/4 Progression/Major/pop2 style/G - I iii vi Isus4 - Tender Spiritual.mid,ldrolez/free-midi-chords,MIT,other,OK,"chord / progression, key folder in path"
chords/free-midi-chords/08 - G Major - E minor/4 Progression/Major/pop2 style/G - I vi I IV - Tender Nostalgic.mid,ldrolez/free-midi-chords,MIT,other,OK,"chord / progression, key folder in path"
chords/free-midi-chords/08 - G Major - E minor/4 Progression/Major/pop2 style/G - I vi IV V - Romantic Hopeful.mid,ldrolez/free-midi-chords,MIT,other,OK,"chord / progression, key folder in path"
chords/free-midi-chords/08 - G Major - E minor/4 Progression/Major/pop2 style/G - I vi IV iii - Nostalgic Romantic.mid,ldrolez/free-midi-chords,MIT,other,OK,"chord / progression, key folder in path"
chords/free-midi-chords/08 - G Major - E minor/4 Progression/Major/pop2 style/G - I vi ii IV - Tender Nostalgic.mid,ldrolez/free-midi-chords,MIT,other,OK,"chord / progression, key folder in path"
chords/free-midi-chords/08 - G Major - E minor/4 Progression/Major/pop2 style/G - I vi ii V - Nostalgic Romantic.mid,ldrolez/free-midi-chords,MIT,other,OK,"chord / progression, key folder in path"
chords/free-midi-chords/08 - G Major - E minor/4 Progression/Major/pop2 style/G - I7 V7 viadd9 IV7 - Playful Joyful.mid,ldrolez/free-midi-chords,MIT,other,OK,"chord / progression, key folder in path"
chords/free-midi-chords/08 - G Major - E minor/4 Progression/Major/pop2 style/G - IV I IV6 Iadd9 - Relaxed Joyful.mid,ldrolez/free-midi-chords,MIT,other,OK,"chord / progression, key folder in path"
chords/free-midi-chords/08 - G Major - E minor/4 Progression/Major/pop2 style/G - IV I V vi - Joyful Romantic.mid,ldrolez/free-midi-chords,MIT,other,OK,"chord / progression, key folder in path"
chords/free-midi-chords/08 - G Major - E minor/4 Progression/Major/pop2 style/G - IV I ii vi - Nostalgic Peaceful.mid,ldrolez/free-midi-chords,MIT,other,OK,"chord / progression, key folder in path"
chords/free-midi-chords/08 - G Major - E minor/4 Progression/Major/pop2 style/G - IV I iii IV - Playful Joyful.mid,ldrolez/free-midi-chords,MIT,other,OK,"chord / progression, key folder in path"
chords/free-midi-chords/08 - G Major - E minor/4 Progression/Major/pop2 style/G - IV IV I V - Joyful Hopeful.mid,ldrolez/free-midi-chords,MIT,other,OK,"chord / progression, key folder in path"
chords/free-midi-chords/08 - G Major - E minor/4 Progression/Major/pop2 style/G - IV vi I V - Hopeful Romantic.mid,ldrolez/free-midi-chords,MIT,other,OK,"chord / progression, key folder in path"
chords/free-midi-chords/08 - G Major - E minor/4 Progression/Major/pop2 style/G - IV vi IV vi - Nostalgic.mid,ldrolez/free-midi-chords,MIT,other,OK,"chord / progression, key folder in path"
chords/free-midi-chords/08 - G Major - E minor/4 Progression/Major/pop2 style/G - IV vi iii I - Nostalgic Playful.mid,ldrolez/free-midi-chords,MIT,other,OK,"chord / progression, key folder in path"
chords/free-midi-chords/08 - G Major - E minor/4 Progression/Major/pop2 style/G - Isus2 I vi7 visus4 - Playful Romantic.mid,ldrolez/free-midi-chords,MIT,other,OK,"chord / progression, key folder in path"
chords/free-midi-chords/08 - G Major - E minor/4 Progression/Major/pop2 style/G - V I vi V - Hopeful Romantic.mid,ldrolez/free-midi-chords,MIT,other,OK,"chord / progression, key folder in path"
chords/free-midi-chords/08 - G Major - E minor/4 Progression/Major/pop2 style/G - V IV vi I - Hopeful Triumphant.mid,ldrolez/free-midi-chords,MIT,other,OK,"chord / progression, key folder in path"
chords/free-midi-chords/08 - G Major - E minor/4 Progression/Major/pop2 style/G - V vi IV I - Hopeful Romantic.mid,ldrolez/free-midi-chords,MIT,other,OK,"chord / progression, key folder in path"
chords/free-midi-chords/08 - G Major - E minor/4 Progression/Major/pop2 style/G - ii IV V - Hopeful.mid,ldrolez/free-midi-chords,MIT,other,OK,"chord / progression, key folder in path"
chords/free-midi-chords/08 - G Major - E minor/4 Progression/Major/pop2 style/G - ii IV vi V - Romantic.mid,ldrolez/free-midi-chords,MIT,other,OK,"chord / progression, key folder in path"
chords/free-midi-chords/08 - G Major - E minor/4 Progression/Major/pop2 style/G - ii V I - Triumphant.mid,ldrolez/free-midi-chords,MIT,other,OK,"chord / progression, key folder in path"
chords/free-midi-chords/08 - G Major - E minor/4 Progression/Major/pop2 style/G - ii V I IV - Hopeful Triumphant.mid,ldrolez/free-midi-chords,MIT,other,OK,"chord / progression, key folder in path"
chords/free-midi-chords/08 - G Major - E minor/4 Progression/Major/pop2 style/G - ii7 Vadd9 I7 - Triumphant.mid,ldrolez/free-midi-chords,MIT,other,OK,"chord / progression, key folder in path"
chords/free-midi-chords/08 - G Major - E minor/4 Progression/Major/pop2 style/G - iii vi IV I - Romantic Nostalgic.mid,ldrolez/free-midi-chords,MIT,other,OK,"chord / progression, key folder in path"
chords/free-midi-chords/08 - G Major - E minor/4 Progression/Major/pop2 style/G - iim7 V7 iiim7 vi7 iim7 V7 - Romantic Nostalgic.mid,ldrolez/free-midi-chords,MIT,other,OK,"chord / progression, key folder in path"
chords/free-midi-chords/08 - G Major - E minor/4 Progression/Major/pop2 style/G - vi IV I V - Hopeful Romantic.mid,ldrolez/free-midi-chords,MIT,other,OK,"chord / progression, key folder in path"
chords/free-midi-chords/08 - G Major - E minor/4 Progression/Major/pop2 style/G - vi IV iii V - New Hopeful Romantic.mid,ldrolez/free-midi-chords,MIT,other,OK,"chord / progression, key folder in path"
chords/free-midi-chords/08 - G Major - E minor/4 Progression/Major/pop2 style/G - vi V IV V - Romantic Hopeful.mid,ldrolez/free-midi-chords,MIT,other,OK,"chord / progression, key folder in path"
chords/free-midi-chords/08 - G Major - E minor/4 Progression/Major/pop2 style/G - vi V IV V ii V I I - Triumphant Hopeful.mid,ldrolez/free-midi-chords,MIT,other,OK,"chord / progression, key folder in path"
chords/free-midi-chords/08 - G Major - E minor/4 Progression/Major/pop2 style/G - vi ii V I - Hopeful Romantic.mid,ldrolez/free-midi-chords,MIT,other,OK,"chord / progression, key folder in path"
chords/free-midi-chords/08 - G Major - E minor/4 Progression/Major/soul style/G - I I IM-5 IM-5 IV IV V Vsus2 - Joyful Triumphant.mid,ldrolez/free-midi-chords,MIT,other,OK,"chord / progression, key folder in path"
chords/free-midi-chords/08 - G Major - E minor/4 Progression/Major/soul style/G - I I IV iii - Hopeful Nostalgic.mid,ldrolez/free-midi-chords,MIT,other,OK,"chord / progression, key folder in path"
chords/free-midi-chords/08 - G Major - E minor/4 Progression/Major/soul style/G - I I7 Idom7 I7 - Relaxed Playful.mid,ldrolez/free-midi-chords,MIT,other,OK,"chord / progression, key folder in path"
chords/free-midi-chords/08 - G Major - E minor/4 Progression/Major/soul style/G - I I7 Idom7 IV - Relaxed Nostalgic.mid,ldrolez/free-midi-chords,MIT,other,OK,"chord / progression, key folder in path"
chords/free-midi-chords/08 - G Major - E minor/4 Progression/Major/soul style/G - I IV Isus2 IV - Peaceful Hopeful.mid,ldrolez/free-midi-chords,MIT,other,OK,"chord / progression, key folder in path"
chords/free-midi-chords/08 - G Major - E minor/4 Progression/Major/soul style/G - I IV V - Joyful Excited.mid,ldrolez/free-midi-chords,MIT,other,OK,"chord / progression, key folder in path"
chords/free-midi-chords/08 - G Major - E minor/4 Progression/Major/soul style/G - I IV V IV - Joyful Triumphant.mid,ldrolez/free-midi-chords,MIT,other,OK,"chord / progression, key folder in path"
chords/free-midi-chords/08 - G Major - E minor/4 Progression/Major/soul style/G - I IV ii V - Joyful Triumphant.mid,ldrolez/free-midi-chords,MIT,other,OK,"chord / progression, key folder in path"
chords/free-midi-chords/08 - G Major - E minor/4 Progression/Major/soul style/G - I IV vi V - Joyful Hopeful.mid,ldrolez/free-midi-chords,MIT,other,OK,"chord / progression, key folder in path"
chords/free-midi-chords/08 - G Major - E minor/4 Progression/Major/soul style/G - I IV vii iii vi ii V I - Romantic Triumphant.mid,ldrolez/free-midi-chords,MIT,other,OK,"chord / progression, key folder in path"
chords/free-midi-chords/08 - G Major - E minor/4 Progression/Major/soul style/G - I V I IV - Joyful Playful.mid,ldrolez/free-midi-chords,MIT,other,OK,"chord / progression, key folder in path"
chords/free-midi-chords/08 - G Major - E minor/4 Progression/Major/soul style/G - I V IV vi - Romantic Hopeful.mid,ldrolez/free-midi-chords,MIT,other,OK,"chord / progression, key folder in path"
chords/free-midi-chords/08 - G Major - E minor/4 Progression/Major/soul style/G - I V vi IV - Hopeful Romantic.mid,ldrolez/free-midi-chords,MIT,other,OK,"chord / progression, key folder in path"
chords/free-midi-chords/08 - G Major - E minor/4 Progression/Major/soul style/G - I V vi V - Hopeful Romantic.mid,ldrolez/free-midi-chords,MIT,other,OK,"chord / progression, key folder in path"
chords/free-midi-chords/08 - G Major - E minor/4 Progression/Major/soul style/G - I V vi ii - Hopeful Romantic.mid,ldrolez/free-midi-chords,MIT,other,OK,"chord / progression, key folder in path"
chords/free-midi-chords/08 - G Major - E minor/4 Progression/Major/soul style/G - I V vi iii IV - Hopeful Joyful.mid,ldrolez/free-midi-chords,MIT,other,OK,"chord / progression, key folder in path"
chords/free-midi-chords/08 - G Major - E minor/4 Progression/Major/soul style/G - I V vi iii IV I IV V - Hopeful Joyful.mid,ldrolez/free-midi-chords,MIT,other,OK,"chord / progression, key folder in path"
chords/free-midi-chords/08 - G Major - E minor/4 Progression/Major/soul style/G - I iii IV vi - Romantic Nostalgic.mid,ldrolez/free-midi-chords,MIT,other,OK,"chord / progression, key folder in path"
chords/free-midi-chords/08 - G Major - E minor/4 Progression/Major/soul style/G - I iii vi IV - Romantic Hopeful.mid,ldrolez/free-midi-chords,MIT,other,OK,"chord / progression, key folder in path"
chords/free-midi-chords/08 - G Major - E minor/4 Progression/Major/soul style/G - I iii vi Isus4 - Tender Spiritual.mid,ldrolez/free-midi-chords,MIT,other,OK,"chord / progression, key folder in path"
chords/free-midi-chords/08 - G Major - E minor/4 Progression/Major/soul style/G - I vi I IV - Tender Nostalgic.mid,ldrolez/free-midi-chords,MIT,other,OK,"chord / progression, key folder in path"
chords/free-midi-chords/08 - G Major - E minor/4 Progression/Major/soul style/G - I vi IV V - Romantic Hopeful.mid,ldrolez/free-midi-chords,MIT,other,OK,"chord / progression, key folder in path"
chords/free-midi-chords/08 - G Major - E minor/4 Progression/Major/soul style/G - I vi IV iii - Nostalgic Romantic.mid,ldrolez/free-midi-chords,MIT,other,OK,"chord / progression, key folder in path"
chords/free-midi-chords/08 - G Major - E minor/4 Progression/Major/soul style/G - I vi ii IV - Tender Nostalgic.mid,ldrolez/free-midi-chords,MIT,other,OK,"chord / progression, key folder in path"
chords/free-midi-chords/08 - G Major - E minor/4 Progression/Major/soul style/G - I vi ii V - Nostalgic Romantic.mid,ldrolez/free-midi-chords,MIT,other,OK,"chord / progression, key folder in path"
chords/free-midi-chords/08 - G Major - E minor/4 Progression/Major/soul style/G - I7 V7 viadd9 IV7 - Playful Joyful.mid,ldrolez/free-midi-chords,MIT,other,OK,"chord / progression, key folder in path"
chords/free-midi-chords/08 - G Major - E minor/4 Progression/Major/soul style/G - IV I IV6 Iadd9 - Relaxed Joyful.mid,ldrolez/free-midi-chords,MIT,other,OK,"chord / progression, key folder in path"
chords/free-midi-chords/08 - G Major - E minor/4 Progression/Major/soul style/G - IV I V vi - Joyful Romantic.mid,ldrolez/free-midi-chords,MIT,other,OK,"chord / progression, key folder in path"
chords/free-midi-chords/08 - G Major - E minor/4 Progression/Major/soul style/G - IV I ii vi - Nostalgic Peaceful.mid,ldrolez/free-midi-chords,MIT,other,OK,"chord / progression, key folder in path"
chords/free-midi-chords/08 - G Major - E minor/4 Progression/Major/soul style/G - IV I iii IV - Playful Joyful.mid,ldrolez/free-midi-chords,MIT,other,OK,"chord / progression, key folder in path"
chords/free-midi-chords/08 - G Major - E minor/4 Progression/Major/soul style/G - IV IV I V - Joyful Hopeful.mid,ldrolez/free-midi-chords,MIT,other,OK,"chord / progression, key folder in path"
chords/free-midi-chords/08 - G Major - E minor/4 Progression/Major/soul style/G - IV vi I V - Hopeful Romantic.mid,ldrolez/free-midi-chords,MIT,other,OK,"chord / progression, key folder in path"
chords/free-midi-chords/08 - G Major - E minor/4 Progression/Major/soul style/G - IV vi IV vi - Nostalgic.mid,ldrolez/free-midi-chords,MIT,other,OK,"chord / progression, key folder in path"
chords/free-midi-chords/08 - G Major - E minor/4 Progression/Major/soul style/G - IV vi iii I - Nostalgic Playful.mid,ldrolez/free-midi-chords,MIT,other,OK,"chord / progression, key folder in path"
chords/free-midi-chords/08 - G Major - E minor/4 Progression/Major/soul style/G - Isus2 I vi7 visus4 - Playful Romantic.mid,ldrolez/free-midi-chords,MIT,other,OK,"chord / progression, key folder in path"
chords/free-midi-chords/08 - G Major - E minor/4 Progression/Major/soul style/G - V I vi V - Hopeful Romantic.mid,ldrolez/free-midi-chords,MIT,other,OK,"chord / progression, key folder in path"
chords/free-midi-chords/08 - G Major - E minor/4 Progression/Major/soul style/G - V IV vi I - Hopeful Triumphant.mid,ldrolez/free-midi-chords,MIT,other,OK,"chord / progression, key folder in path"
chords/free-midi-chords/08 - G Major - E minor/4 Progression/Major/soul style/G - V vi IV I - Hopeful Romantic.mid,ldrolez/free-midi-chords,MIT,other,OK,"chord / progression, key folder in path"
chords/free-midi-chords/08 - G Major - E minor/4 Progression/Major/soul style/G - ii IV V - Hopeful.mid,ldrolez/free-midi-chords,MIT,other,OK,"chord / progression, key folder in path"
chords/free-midi-chords/08 - G Major - E minor/4 Progression/Major/soul style/G - ii IV vi V - Romantic.mid,ldrolez/free-midi-chords,MIT,other,OK,"chord / progression, key folder in path"
chords/free-midi-chords/08 - G Major - E minor/4 Progression/Major/soul style/G - ii V I - Triumphant.mid,ldrolez/free-midi-chords,MIT,other,OK,"chord / progression, key folder in path"
chords/free-midi-chords/08 - G Major - E minor/4 Progression/Major/soul style/G - ii V I IV - Hopeful Triumphant.mid,ldrolez/free-midi-chords,MIT,other,OK,"chord / progression, key folder in path"
chords/free-midi-chords/08 - G Major - E minor/4 Progression/Major/soul style/G - ii7 Vadd9 I7 - Triumphant.mid,ldrolez/free-midi-chords,MIT,other,OK,"chord / progression, key folder in path"
chords/free-midi-chords/08 - G Major - E minor/4 Progression/Major/soul style/G - iii vi IV I - Romantic Nostalgic.mid,ldrolez/free-midi-chords,MIT,other,OK,"chord / progression, key folder in path"
chords/free-midi-chords/08 - G Major - E minor/4 Progression/Major/soul style/G - iim7 V7 iiim7 vi7 iim7 V7 - Romantic Nostalgic.mid,ldrolez/free-midi-chords,MIT,other,OK,"chord / progression, key folder in path"
chords/free-midi-chords/08 - G Major - E minor/4 Progression/Major/soul style/G - vi IV I V - Hopeful Romantic.mid,ldrolez/free-midi-chords,MIT,other,OK,"chord / progression, key folder in path"
chords/free-midi-chords/08 - G Major - E minor/4 Progression/Major/soul style/G - vi IV iii V - New Hopeful Romantic.mid,ldrolez/free-midi-chords,MIT,other,OK,"chord / progression, key folder in path"
chords/free-midi-chords/08 - G Major - E minor/4 Progression/Major/soul style/G - vi V IV V - Romantic Hopeful.mid,ldrolez/free-midi-chords,MIT,other,OK,"chord / progression, key folder in path"
chords/free-midi-chords/08 - G Major - E minor/4 Progression/Major/soul style/G - vi V IV V ii V I I - Triumphant Hopeful.mid,ldrolez/free-midi-chords,MIT,other,OK,"chord / progression, key folder in path"
chords/free-midi-chords/08 - G Major - E minor/4 Progression/Major/soul style/G - vi ii V I - Hopeful Romantic.mid,ldrolez/free-midi-chords,MIT,other,OK,"chord / progression, key folder in path"
chords/free-midi-chords/08 - G Major - E minor/4 Progression/Minor/E - VI III i v - Nostalgic Dark.mid,ldrolez/free-midi-chords,MIT,other,OK,"chord / progression, key folder in path"
chords/free-midi-chords/08 - G Major - E minor/4 Progression/Minor/E - VI VI i VII - Empowered.mid,ldrolez/free-midi-chords,MIT,other,OK,"chord / progression, key folder in path"
chords/free-midi-chords/08 - G Major - E minor/4 Progression/Minor/E - VI VII i III - Triumphant Nostalgic.mid,ldrolez/free-midi-chords,MIT,other,OK,"chord / progression, key folder in path"
chords/free-midi-chords/08 - G Major - E minor/4 Progression/Minor/E - VI VII v III - Rebellious Nostalgic.mid,ldrolez/free-midi-chords,MIT,other,OK,"chord / progression, key folder in path"
chords/free-midi-chords/08 - G Major - E minor/4 Progression/Minor/E - VI i v - Sad.mid,ldrolez/free-midi-chords,MIT,other,OK,"chord / progression, key folder in path"
chords/free-midi-chords/08 - G Major - E minor/4 Progression/Minor/E - VI i v III - Hopeful Nostalgic.mid,ldrolez/free-midi-chords,MIT,other,OK,"chord / progression, key folder in path"
chords/free-midi-chords/08 - G Major - E minor/4 Progression/Minor/E - VI iv i v - Hopeful Tender.mid,ldrolez/free-midi-chords,MIT,other,OK,"chord / progression, key folder in path"
chords/free-midi-chords/08 - G Major - E minor/4 Progression/Minor/E - VI7 VII i v VI7 VII i iv7 - New Empowered Nostalgic.mid,ldrolez/free-midi-chords,MIT,other,OK,"chord / progression, key folder in path"
chords/free-midi-chords/08 - G Major - E minor/4 Progression/Minor/E - VI7 VII6 i VII6 - New Nostalgic Hopeful.mid,ldrolez/free-midi-chords,MIT,other,OK,"chord / progression, key folder in path"
chords/free-midi-chords/08 - G Major - E minor/4 Progression/Minor/E - VII iv VII i - Spiritual.mid,ldrolez/free-midi-chords,MIT,other,OK,"chord / progression, key folder in path"
chords/free-midi-chords/08 - G Major - E minor/4 Progression/Minor/E - VII iv v i - Mysterious Dark.mid,ldrolez/free-midi-chords,MIT,other,OK,"chord / progression, key folder in path"
chords/free-midi-chords/08 - G Major - E minor/4 Progression/Minor/E - i III VII VI - Nostalgic Romantic.mid,ldrolez/free-midi-chords,MIT,other,OK,"chord / progression, key folder in path"
chords/free-midi-chords/08 - G Major - E minor/4 Progression/Minor/E - i III VII iv - New Empowered Nostalgic.mid,ldrolez/free-midi-chords,MIT,other,OK,"chord / progression, key folder in path"
chords/free-midi-chords/08 - G Major - E minor/4 Progression/Minor/E - i III iv VI - Nostalgic Romantic.mid,ldrolez/free-midi-chords,MIT,other,OK,"chord / progression, key folder in path"
chords/free-midi-chords/08 - G Major - E minor/4 Progression/Minor/E - i VI III VII - Nostalgic Hopeful.mid,ldrolez/free-midi-chords,MIT,other,OK,"chord / progression, key folder in path"
chords/free-midi-chords/08 - G Major - E minor/4 Progression/Minor/E - i VI III VII i VI69 III7 VII - Mysterious Spiritual.mid,ldrolez/free-midi-chords,MIT,other,OK,"chord / progression, key folder in path"
chords/free-midi-chords/08 - G Major - E minor/4 Progression/Minor/E - i VI VII - Triumphant Rebellious.mid,ldrolez/free-midi-chords,MIT,other,OK,"chord / progression, key folder in path"
chords/free-midi-chords/08 - G Major - E minor/4 Progression/Minor/E - i VI VII iv - Mysterious Nostalgic.mid,ldrolez/free-midi-chords,MIT,other,OK,"chord / progression, key folder in path"
chords/free-midi-chords/08 - G Major - E minor/4 Progression/Minor/E - i VI VII v - Mysterious Rebellious.mid,ldrolez/free-midi-chords,MIT,other,OK,"chord / progression, key folder in path"
chords/free-midi-chords/08 - G Major - E minor/4 Progression/Minor/E - i VI iv III - Sad Nostalgic.mid,ldrolez/free-midi-chords,MIT,other,OK,"chord / progression, key folder in path"
chords/free-midi-chords/08 - G Major - E minor/4 Progression/Minor/E - i VI iv ii - Sad Tender.mid,ldrolez/free-midi-chords,MIT,other,OK,"chord / progression, key folder in path"
chords/free-midi-chords/08 - G Major - E minor/4 Progression/Minor/E - i VI iv v - Sad Hopeful.mid,ldrolez/free-midi-chords,MIT,other,OK,"chord / progression, key folder in path"
chords/free-midi-chords/08 - G Major - E minor/4 Progression/Minor/E - i VII III VI - Rebellious Triumphant.mid,ldrolez/free-midi-chords,MIT,other,OK,"chord / progression, key folder in path"
chords/free-midi-chords/08 - G Major - E minor/4 Progression/Minor/E - i VII VI III - Nostalgic Hopeful.mid,ldrolez/free-midi-chords,MIT,other,OK,"chord / progression, key folder in path"
chords/free-midi-chords/08 - G Major - E minor/4 Progression/Minor/E - i VII VI III iv VI VII i - Mysterious Surprised.mid,ldrolez/free-midi-chords,MIT,other,OK,"chord / progression, key folder in path"
chords/free-midi-chords/08 - G Major - E minor/4 Progression/Minor/E - i VII VI VII - Rebellious Triumphant.mid,ldrolez/free-midi-chords,MIT,other,OK,"chord / progression, key folder in path"
chords/free-midi-chords/08 - G Major - E minor/4 Progression/Minor/E - i VII VI iv - Sad Romantic.mid,ldrolez/free-midi-chords,MIT,other,OK,"chord / progression, key folder in path"
chords/free-midi-chords/08 - G Major - E minor/4 Progression/Minor/E - i VII VIadd9 VII i v VI VIIsus4 - New Nostalgic Sad.mid,ldrolez/free-midi-chords,MIT,other,OK,"chord / progression, key folder in path"
chords/free-midi-chords/08 - G Major - E minor/4 Progression/Minor/E - i VII i v - Mysterious Nostalgic.mid,ldrolez/free-midi-chords,MIT,other,OK,"chord / progression, key folder in path"
chords/free-midi-chords/08 - G Major - E minor/4 Progression/Minor/E - i VII i v III VII i v i - Mysterious Surprised.mid,ldrolez/free-midi-chords,MIT,other,OK,"chord / progression, key folder in path"
chords/free-midi-chords/08 - G Major - E minor/4 Progression/Minor/E - i VII v VI - Mysterious Hopeful.mid,ldrolez/free-midi-chords,MIT,other,OK,"chord / progression, key folder in path"
chords/free-midi-chords/08 - G Major - E minor/4 Progression/Minor/E - i i iv iv v7 ii5 v v7 - Dark Mysterious.mid,ldrolez/free-midi-chords,MIT,other,OK,"chord / progression, key folder in path"
chords/free-midi-chords/08 - G Major - E minor/4 Progression/Minor/E - i ii v III i ii v VII - Mysterious Dramatic.mid,ldrolez/free-midi-chords,MIT,other,OK,"chord / progression, key folder in path"
chords/free-midi-chords/08 - G Major - E minor/4 Progression/Minor/E - i ii v i - Mysterious Triumphant.mid,ldrolez/free-midi-chords,MIT,other,OK,"chord / progression, key folder in path"
chords/free-midi-chords/08 - G Major - E minor/4 Progression/Minor/E - i iv III VI - Nostalgic Romantic.mid,ldrolez/free-midi-chords,MIT,other,OK,"chord / progression, key folder in path"
chords/free-midi-chords/08 - G Major - E minor/4 Progression/Minor/E - i iv VI v - Sad Hopeful.mid,ldrolez/free-midi-chords,MIT,other,OK,"chord / progression, key folder in path"
chords/free-midi-chords/08 - G Major - E minor/4 Progression/Minor/E - i iv VII i - Sad Nostalgic.mid,ldrolez/free-midi-chords,MIT,other,OK,"chord / progression, key folder in path"
chords/free-midi-chords/08 - G Major - E minor/4 Progression/Minor/E - i iv VII v i i ii V - Mysterious Surprised.mid,ldrolez/free-midi-chords,MIT,other,OK,"chord / progression, key folder in path"
chords/free-midi-chords/08 - G Major - E minor/4 Progression/Minor/E - i iv v - Sad Lonely.mid,ldrolez/free-midi-chords,MIT,other,OK,"chord / progression, key folder in path"
chords/free-midi-chords/08 - G Major - E minor/4 Progression/Minor/E - i iv v iv - Mysterious Sad.mid,ldrolez/free-midi-chords,MIT,other,OK,"chord / progression, key folder in path"
chords/free-midi-chords/08 - G Major - E minor/4 Progression/Minor/E - i v iv VII - Sad Rebellious.mid,ldrolez/free-midi-chords,MIT,other,OK,"chord / progression, key folder in path"
chords/free-midi-chords/08 - G Major - E minor/4 Progression/Minor/E - i vdim iv VI - Dark Nostalgic.mid,ldrolez/free-midi-chords,MIT,other,OK,"chord / progression, key folder in path"
chords/free-midi-chords/08 - G Major - E minor/4 Progression/Minor/E - i7 VI III7 VII6 i i7 III7 iv7 - Dark Nostalgic.mid,ldrolez/free-midi-chords,MIT,other,OK,"chord / progression, key folder in path"
chords/free-midi-chords/08 - G Major - E minor/4 Progression/Minor/E - i7 VII VI7 iv7 - Nostalgic Romantic.mid,ldrolez/free-midi-chords,MIT,other,OK,"chord / progression, key folder in path"
chords/free-midi-chords/08 - G Major - E minor/4 Progression/Minor/E - ii VI i iv - Sad Hopeful.mid,ldrolez/free-midi-chords,MIT,other,OK,"chord / progression, key folder in path"
chords/free-midi-chords/08 - G Major - E minor/4 Progression/Minor/E - ii v i - Peaceful Hopeful.mid,ldrolez/free-midi-chords,MIT,other,OK,"chord / progression, key folder in path"
chords/free-midi-chords/08 - G Major - E minor/4 Progression/Minor/E - ii v i iv - Peaceful Nostalgic.mid,ldrolez/free-midi-chords,MIT,other,OK,"chord / progression, key folder in path"
chords/free-midi-chords/08 - G Major - E minor/4 Progression/Minor/E - im7 ivsus4 v7 isus4 - Mysterious Tender.mid,ldrolez/free-midi-chords,MIT,other,OK,"chord / progression, key folder in path"
chords/free-midi-chords/08 - G Major - E minor/4 Progression/Minor/E - iv III VII i - Nostalgic Mysterious.mid,ldrolez/free-midi-chords,MIT,other,OK,"chord / progression, key folder in path"
chords/free-midi-chords/08 - G Major - E minor/4 Progression/Minor/E - iv III vsus4 VI iv i III VI - Nostalgic Mysterious.mid,ldrolez/free-midi-chords,MIT,other,OK,"chord / progression, key folder in path"
chords/free-midi-chords/08 - G Major - E minor/4 Progression/Minor/E - iv VI VII i - Triumphant.mid,ldrolez/free-midi-chords,MIT,other,OK,"chord / progression, key folder in path"
chords/free-midi-chords/08 - G Major - E minor/4 Progression/Minor/E - iv VI v VII - Mysterious Hopeful.mid,ldrolez/free-midi-chords,MIT,other,OK,"chord / progression, key folder in path"
chords/free-midi-chords/08 - G Major - E minor/4 Progression/Minor/E - iv i v VI - Nostalgic Hopeful.mid,ldrolez/free-midi-chords,MIT,other,OK,"chord / progression, key folder in path"
chords/free-midi-chords/08 - G Major - E minor/4 Progression/Minor/E - iv v VI VII - Mysterious Rebellious.mid,ldrolez/free-midi-chords,MIT,other,OK,"chord / progression, key folder in path"
chords/free-midi-chords/08 - G Major - E minor/4 Progression/Minor/E - v VI III i - Hopeful Nostalgic.mid,ldrolez/free-midi-chords,MIT,other,OK,"chord / progression, key folder in path"
chords/free-midi-chords/08 - G Major - E minor/4 Progression/Minor/E - v VI v i - Sad.mid,ldrolez/free-midi-chords,MIT,other,OK,"chord / progression, key folder in path"
chords/free-midi-chords/08 - G Major - E minor/4 Progression/Minor/E - v i iv VII - Dark Rebellious.mid,ldrolez/free-midi-chords,MIT,other,OK,"chord / progression, key folder in path"
chords/free-midi-chords/08 - G Major - E minor/4 Progression/Minor/E - v iv i - Lonely.mid,ldrolez/free-midi-chords,MIT,other,OK,"chord / progression, key folder in path"
chords/free-midi-chords/08 - G Major - E minor/4 Progression/Minor/hiphop2 style/E - VI III i v - Nostalgic Dark.mid,ldrolez/free-midi-chords,MIT,other,OK,"chord / progression, key folder in path"
chords/free-midi-chords/08 - G Major - E minor/4 Progression/Minor/hiphop2 style/E - VI VI i VII - Empowered.mid,ldrolez/free-midi-chords,MIT,other,OK,"chord / progression, key folder in path"
chords/free-midi-chords/08 - G Major - E minor/4 Progression/Minor/hiphop2 style/E - VI VII i III - Triumphant Nostalgic.mid,ldrolez/free-midi-chords,MIT,other,OK,"chord / progression, key folder in path"
chords/free-midi-chords/08 - G Major - E minor/4 Progression/Minor/hiphop2 style/E - VI VII v III - Rebellious Nostalgic.mid,ldrolez/free-midi-chords,MIT,other,OK,"chord / progression, key folder in path"
chords/free-midi-chords/08 - G Major - E minor/4 Progression/Minor/hiphop2 style/E - VI i v - Sad.mid,ldrolez/free-midi-chords,MIT,other,OK,"chord / progression, key folder in path"
chords/free-midi-chords/08 - G Major - E minor/4 Progression/Minor/hiphop2 style/E - VI i v III - Hopeful Nostalgic.mid,ldrolez/free-midi-chords,MIT,other,OK,"chord / progression, key folder in path"
chords/free-midi-chords/08 - G Major - E minor/4 Progression/Minor/hiphop2 style/E - VI iv i v - Hopeful Tender.mid,ldrolez/free-midi-chords,MIT,other,OK,"chord / progression, key folder in path"
chords/free-midi-chords/08 - G Major - E minor/4 Progression/Minor/hiphop2 style/E - VI7 VII i v VI7 VII i iv7 - New Empowered Nostalgic.mid,ldrolez/free-midi-chords,MIT,other,OK,"chord / progression, key folder in path"
chords/free-midi-chords/08 - G Major - E minor/4 Progression/Minor/hiphop2 style/E - VI7 VII6 i VII6 - New Nostalgic Hopeful.mid,ldrolez/free-midi-chords,MIT,other,OK,"chord / progression, key folder in path"
chords/free-midi-chords/08 - G Major - E minor/4 Progression/Minor/hiphop2 style/E - VII iv VII i - Spiritual.mid,ldrolez/free-midi-chords,MIT,other,OK,"chord / progression, key folder in path"
chords/free-midi-chords/08 - G Major - E minor/4 Progression/Minor/hiphop2 style/E - VII iv v i - Mysterious Dark.mid,ldrolez/free-midi-chords,MIT,other,OK,"chord / progression, key folder in path"
chords/free-midi-chords/08 - G Major - E minor/4 Progression/Minor/hiphop2 style/E - i III VII VI - Nostalgic Romantic.mid,ldrolez/free-midi-chords,MIT,other,OK,"chord / progression, key folder in path"
chords/free-midi-chords/08 - G Major - E minor/4 Progression/Minor/hiphop2 style/E - i III VII iv - New Empowered Nostalgic.mid,ldrolez/free-midi-chords,MIT,other,OK,"chord / progression, key folder in path"
chords/free-midi-chords/08 - G Major - E minor/4 Progression/Minor/hiphop2 style/E - i III iv VI - Nostalgic Romantic.mid,ldrolez/free-midi-chords,MIT,other,OK,"chord / progression, key folder in path"
chords/free-midi-chords/08 - G Major - E minor/4 Progression/Minor/hiphop2 style/E - i VI III VII - Nostalgic Hopeful.mid,ldrolez/free-midi-chords,MIT,other,OK,"chord / progression, key folder in path"
chords/free-midi-chords/08 - G Major - E minor/4 Progression/Minor/hiphop2 style/E - i VI III VII i VI69 III7 VII - Mysterious Spiritual.mid,ldrolez/free-midi-chords,MIT,other,OK,"chord / progression, key folder in path"
chords/free-midi-chords/08 - G Major - E minor/4 Progression/Minor/hiphop2 style/E - i VI VII - Triumphant Rebellious.mid,ldrolez/free-midi-chords,MIT,other,OK,"chord / progression, key folder in path"
chords/free-midi-chords/08 - G Major - E minor/4 Progression/Minor/hiphop2 style/E - i VI VII iv - Mysterious Nostalgic.mid,ldrolez/free-midi-chords,MIT,other,OK,"chord / progression, key folder in path"
chords/free-midi-chords/08 - G Major - E minor/4 Progression/Minor/hiphop2 style/E - i VI VII v - Mysterious Rebellious.mid,ldrolez/free-midi-chords,MIT,other,OK,"chord / progression, key folder in path"
chords/free-midi-chords/08 - G Major - E minor/4 Progression/Minor/hiphop2 style/E - i VI iv III - Sad Nostalgic.mid,ldrolez/free-midi-chords,MIT,other,OK,"chord / progression, key folder in path"
chords/free-midi-chords/08 - G Major - E minor/4 Progression/Minor/hiphop2 style/E - i VI iv ii - Sad Tender.mid,ldrolez/free-midi-chords,MIT,other,OK,"chord / progression, key folder in path"
chords/free-midi-chords/08 - G Major - E minor/4 Progression/Minor/hiphop2 style/E - i VI iv v - Sad Hopeful.mid,ldrolez/free-midi-chords,MIT,other,OK,"chord / progression, key folder in path"
chords/free-midi-chords/08 - G Major - E minor/4 Progression/Minor/hiphop2 style/E - i VII III VI - Rebellious Triumphant.mid,ldrolez/free-midi-chords,MIT,other,OK,"chord / progression, key folder in path"
chords/free-midi-chords/08 - G Major - E minor/4 Progression/Minor/hiphop2 style/E - i VII VI III - Nostalgic Hopeful.mid,ldrolez/free-midi-chords,MIT,other,OK,"chord / progression, key folder in path"
chords/free-midi-chords/08 - G Major - E minor/4 Progression/Minor/hiphop2 style/E - i VII VI III iv VI VII i - Mysterious Surprised.mid,ldrolez/free-midi-chords,MIT,other,OK,"chord / progression, key folder in path"
chords/free-midi-chords/08 - G Major - E minor/4 Progression/Minor/hiphop2 style/E - i VII VI VII - Rebellious Triumphant.mid,ldrolez/free-midi-chords,MIT,other,OK,"chord / progression, key folder in path"
chords/free-midi-chords/08 - G Major - E minor/4 Progression/Minor/hiphop2 style/E - i VII VI iv - Sad Romantic.mid,ldrolez/free-midi-chords,MIT,other,OK,"chord / progression, key folder in path"
chords/free-midi-chords/08 - G Major - E minor/4 Progression/Minor/hiphop2 style/E - i VII VIadd9 VII i v VI VIIsus4 - New Nostalgic Sad.mid,ldrolez/free-midi-chords,MIT,other,OK,"chord / progression, key folder in path"
chords/free-midi-chords/08 - G Major - E minor/4 Progression/Minor/hiphop2 style/E - i VII i v - Mysterious Nostalgic.mid,ldrolez/free-midi-chords,MIT,other,OK,"chord / progression, key folder in path"
chords/free-midi-chords/08 - G Major - E minor/4 Progression/Minor/hiphop2 style/E - i VII i v III VII i v i - Mysterious Surprised.mid,ldrolez/free-midi-chords,MIT,other,OK,"chord / progression, key folder in path"
chords/free-midi-chords/08 - G Major - E minor/4 Progression/Minor/hiphop2 style/E - i VII v VI - Mysterious Hopeful.mid,ldrolez/free-midi-chords,MIT,other,OK,"chord / progression, key folder in path"
chords/free-midi-chords/08 - G Major - E minor/4 Progression/Minor/hiphop2 style/E - i i iv iv v7 ii5 v v7 - Dark Mysterious.mid,ldrolez/free-midi-chords,MIT,other,OK,"chord / progression, key folder in path"
chords/free-midi-chords/08 - G Major - E minor/4 Progression/Minor/hiphop2 style/E - i ii v III i ii v VII - Mysterious Dramatic.mid,ldrolez/free-midi-chords,MIT,other,OK,"chord / progression, key folder in path"
chords/free-midi-chords/08 - G Major - E minor/4 Progression/Minor/hiphop2 style/E - i ii v i - Mysterious Triumphant.mid,ldrolez/free-midi-chords,MIT,other,OK,"chord / progression, key folder in path"
chords/free-midi-chords/08 - G Major - E minor/4 Progression/Minor/hiphop2 style/E - i iv III VI - Nostalgic Romantic.mid,ldrolez/free-midi-chords,MIT,other,OK,"chord / progression, key folder in path"
chords/free-midi-chords/08 - G Major - E minor/4 Progression/Minor/hiphop2 style/E - i iv VI v - Sad Hopeful.mid,ldrolez/free-midi-chords,MIT,other,OK,"chord / progression, key folder in path"
chords/free-midi-chords/08 - G Major - E minor/4 Progression/Minor/hiphop2 style/E - i iv VII i - Sad Nostalgic.mid,ldrolez/free-midi-chords,MIT,other,OK,"chord / progression, key folder in path"
chords/free-midi-chords/08 - G Major - E minor/4 Progression/Minor/hiphop2 style/E - i iv VII v i i ii V - Mysterious Surprised.mid,ldrolez/free-midi-chords,MIT,other,OK,"chord / progression, key folder in path"
chords/free-midi-chords/08 - G Major - E minor/4 Progression/Minor/hiphop2 style/E - i iv v - Sad Lonely.mid,ldrolez/free-midi-chords,MIT,other,OK,"chord / progression, key folder in path"
chords/free-midi-chords/08 - G Major - E minor/4 Progression/Minor/hiphop2 style/E - i iv v iv - Mysterious Sad.mid,ldrolez/free-midi-chords,MIT,other,OK,"chord / progression, key folder in path"
chords/free-midi-chords/08 - G Major - E minor/4 Progression/Minor/hiphop2 style/E - i v iv VII - Sad Rebellious.mid,ldrolez/free-midi-chords,MIT,other,OK,"chord / progression, key folder in path"
chords/free-midi-chords/08 - G Major - E minor/4 Progression/Minor/hiphop2 style/E - i vdim iv VI - Dark Nostalgic.mid,ldrolez/free-midi-chords,MIT,other,OK,"chord / progression, key folder in path"
chords/free-midi-chords/08 - G Major - E minor/4 Progression/Minor/hiphop2 style/E - i7 VI III7 VII6 i i7 III7 iv7 - Dark Nostalgic.mid,ldrolez/free-midi-chords,MIT,other,OK,"chord / progression, key folder in path"
chords/free-midi-chords/08 - G Major - E minor/4 Progression/Minor/hiphop2 style/E - i7 VII VI7 iv7 - Nostalgic Romantic.mid,ldrolez/free-midi-chords,MIT,other,OK,"chord / progression, key folder in path"
chords/free-midi-chords/08 - G Major - E minor/4 Progression/Minor/hiphop2 style/E - ii VI i iv - Sad Hopeful.mid,ldrolez/free-midi-chords,MIT,other,OK,"chord / progression, key folder in path"
chords/free-midi-chords/08 - G Major - E minor/4 Progression/Minor/hiphop2 style/E - ii v i - Peaceful Hopeful.mid,ldrolez/free-midi-chords,MIT,other,OK,"chord / progression, key folder in path"
chords/free-midi-chords/08 - G Major - E minor/4 Progression/Minor/hiphop2 style/E - ii v i iv - Peaceful Nostalgic.mid,ldrolez/free-midi-chords,MIT,other,OK,"chord / progression, key folder in path"
chords/free-midi-chords/08 - G Major - E minor/4 Progression/Minor/hiphop2 style/E - im7 ivsus4 v7 isus4 - Mysterious Tender.mid,ldrolez/free-midi-chords,MIT,other,OK,"chord / progression, key folder in path"
chords/free-midi-chords/08 - G Major - E minor/4 Progression/Minor/hiphop2 style/E - iv III VII i - Nostalgic Mysterious.mid,ldrolez/free-midi-chords,MIT,other,OK,"chord / progression, key folder in path"
chords/free-midi-chords/08 - G Major - E minor/4 Progression/Minor/hiphop2 style/E - iv III vsus4 VI iv i III VI - Nostalgic Mysterious.mid,ldrolez/free-midi-chords,MIT,other,OK,"chord / progression, key folder in path"
chords/free-midi-chords/08 - G Major - E minor/4 Progression/Minor/hiphop2 style/E - iv VI VII i - Triumphant.mid,ldrolez/free-midi-chords,MIT,other,OK,"chord / progression, key folder in path"
chords/free-midi-chords/08 - G Major - E minor/4 Progression/Minor/hiphop2 style/E - iv VI v VII - Mysterious Hopeful.mid,ldrolez/free-midi-chords,MIT,other,OK,"chord / progression, key folder in path"
chords/free-midi-chords/08 - G Major - E minor/4 Progression/Minor/hiphop2 style/E - iv i v VI - Nostalgic Hopeful.mid,ldrolez/free-midi-chords,MIT,other,OK,"chord / progression, key folder in path"
chords/free-midi-chords/08 - G Major - E minor/4 Progression/Minor/hiphop2 style/E - iv v VI VII - Mysterious Rebellious.mid,ldrolez/free-midi-chords,MIT,other,OK,"chord / progression, key folder in path"
chords/free-midi-chords/08 - G Major - E minor/4 Progression/Minor/hiphop2 style/E - v VI III i - Hopeful Nostalgic.mid,ldrolez/free-midi-chords,MIT,other,OK,"chord / progression, key folder in path"
chords/free-midi-chords/08 - G Major - E minor/4 Progression/Minor/hiphop2 style/E - v VI v i - Sad.mid,ldrolez/free-midi-chords,MIT,other,OK,"chord / progression, key folder in path"
chords/free-midi-chords/08 - G Major - E minor/4 Progression/Minor/hiphop2 style/E - v i iv VII - Dark Rebellious.mid,ldrolez/free-midi-chords,MIT,other,OK,"chord / progression, key folder in path"
chords/free-midi-chords/08 - G Major - E minor/4 Progression/Minor/hiphop2 style/E - v iv i - Lonely.mid,ldrolez/free-midi-chords,MIT,other,OK,"chord / progression, key folder in path"
chords/free-midi-chords/08 - G Major - E minor/4 Progression/Minor/pop style/E - VI III i v - Nostalgic Dark.mid,ldrolez/free-midi-chords,MIT,other,OK,"chord / progression, key folder in path"
chords/free-midi-chords/08 - G Major - E minor/4 Progression/Minor/pop style/E - VI VI i VII - Empowered.mid,ldrolez/free-midi-chords,MIT,other,OK,"chord / progression, key folder in path"
chords/free-midi-chords/08 - G Major - E minor/4 Progression/Minor/pop style/E - VI VII i III - Triumphant Nostalgic.mid,ldrolez/free-midi-chords,MIT,other,OK,"chord / progression, key folder in path"
chords/free-midi-chords/08 - G Major - E minor/4 Progression/Minor/pop style/E - VI VII v III - Rebellious Nostalgic.mid,ldrolez/free-midi-chords,MIT,other,OK,"chord / progression, key folder in path"
chords/free-midi-chords/08 - G Major - E minor/4 Progression/Minor/pop style/E - VI i v - Sad.mid,ldrolez/free-midi-chords,MIT,other,OK,"chord / progression, key folder in path"
chords/free-midi-chords/08 - G Major - E minor/4 Progression/Minor/pop style/E - VI i v III - Hopeful Nostalgic.mid,ldrolez/free-midi-chords,MIT,other,OK,"chord / progression, key folder in path"
chords/free-midi-chords/08 - G Major - E minor/4 Progression/Minor/pop style/E - VI iv i v - Hopeful Tender.mid,ldrolez/free-midi-chords,MIT,other,OK,"chord / progression, key folder in path"
chords/free-midi-chords/08 - G Major - E minor/4 Progression/Minor/pop style/E - VI7 VII i v VI7 VII i iv7 - New Empowered Nostalgic.mid,ldrolez/free-midi-chords,MIT,other,OK,"chord / progression, key folder in path"
chords/free-midi-chords/08 - G Major - E minor/4 Progression/Minor/pop style/E - VI7 VII6 i VII6 - New Nostalgic Hopeful.mid,ldrolez/free-midi-chords,MIT,other,OK,"chord / progression, key folder in path"
chords/free-midi-chords/08 - G Major - E minor/4 Progression/Minor/pop style/E - VII iv VII i - Spiritual.mid,ldrolez/free-midi-chords,MIT,other,OK,"chord / progression, key folder in path"
chords/free-midi-chords/08 - G Major - E minor/4 Progression/Minor/pop style/E - VII iv v i - Mysterious Dark.mid,ldrolez/free-midi-chords,MIT,other,OK,"chord / progression, key folder in path"
chords/free-midi-chords/08 - G Major - E minor/4 Progression/Minor/pop style/E - i III VII VI - Nostalgic Romantic.mid,ldrolez/free-midi-chords,MIT,other,OK,"chord / progression, key folder in path"
chords/free-midi-chords/08 - G Major - E minor/4 Progression/Minor/pop style/E - i III VII iv - New Empowered Nostalgic.mid,ldrolez/free-midi-chords,MIT,other,OK,"chord / progression, key folder in path"
chords/free-midi-chords/08 - G Major - E minor/4 Progression/Minor/pop style/E - i III iv VI - Nostalgic Romantic.mid,ldrolez/free-midi-chords,MIT,other,OK,"chord / progression, key folder in path"
chords/free-midi-chords/08 - G Major - E minor/4 Progression/Minor/pop style/E - i VI III VII - Nostalgic Hopeful.mid,ldrolez/free-midi-chords,MIT,other,OK,"chord / progression, key folder in path"
chords/free-midi-chords/08 - G Major - E minor/4 Progression/Minor/pop style/E - i VI III VII i VI69 III7 VII - Mysterious Spiritual.mid,ldrolez/free-midi-chords,MIT,other,OK,"chord / progression, key folder in path"
chords/free-midi-chords/08 - G Major - E minor/4 Progression/Minor/pop style/E - i VI VII - Triumphant Rebellious.mid,ldrolez/free-midi-chords,MIT,other,OK,"chord / progression, key folder in path"
chords/free-midi-chords/08 - G Major - E minor/4 Progression/Minor/pop style/E - i VI VII iv - Mysterious Nostalgic.mid,ldrolez/free-midi-chords,MIT,other,OK,"chord / progression, key folder in path"
chords/free-midi-chords/08 - G Major - E minor/4 Progression/Minor/pop style/E - i VI VII v - Mysterious Rebellious.mid,ldrolez/free-midi-chords,MIT,other,OK,"chord / progression, key folder in path"
chords/free-midi-chords/08 - G Major - E minor/4 Progression/Minor/pop style/E - i VI iv III - Sad Nostalgic.mid,ldrolez/free-midi-chords,MIT,other,OK,"chord / progression, key folder in path"
chords/free-midi-chords/08 - G Major - E minor/4 Progression/Minor/pop style/E - i VI iv ii - Sad Tender.mid,ldrolez/free-midi-chords,MIT,other,OK,"chord / progression, key folder in path"
chords/free-midi-chords/08 - G Major - E minor/4 Progression/Minor/pop style/E - i VI iv v - Sad Hopeful.mid,ldrolez/free-midi-chords,MIT,other,OK,"chord / progression, key folder in path"
chords/free-midi-chords/08 - G Major - E minor/4 Progression/Minor/pop style/E - i VII III VI - Rebellious Triumphant.mid,ldrolez/free-midi-chords,MIT,other,OK,"chord / progression, key folder in path"
chords/free-midi-chords/08 - G Major - E minor/4 Progression/Minor/pop style/E - i VII VI III - Nostalgic Hopeful.mid,ldrolez/free-midi-chords,MIT,other,OK,"chord / progression, key folder in path"
chords/free-midi-chords/08 - G Major - E minor/4 Progression/Minor/pop style/E - i VII VI III iv VI VII i - Mysterious Surprised.mid,ldrolez/free-midi-chords,MIT,other,OK,"chord / progression, key folder in path"
chords/free-midi-chords/08 - G Major - E minor/4 Progression/Minor/pop style/E - i VII VI VII - Rebellious Triumphant.mid,ldrolez/free-midi-chords,MIT,other,OK,"chord / progression, key folder in path"
chords/free-midi-chords/08 - G Major - E minor/4 Progression/Minor/pop style/E - i VII VI iv - Sad Romantic.mid,ldrolez/free-midi-chords,MIT,other,OK,"chord / progression, key folder in path"
chords/free-midi-chords/08 - G Major - E minor/4 Progression/Minor/pop style/E - i VII VIadd9 VII i v VI VIIsus4 - New Nostalgic Sad.mid,ldrolez/free-midi-chords,MIT,other,OK,"chord / progression, key folder in path"
chords/free-midi-chords/08 - G Major - E minor/4 Progression/Minor/pop style/E - i VII i v - Mysterious Nostalgic.mid,ldrolez/free-midi-chords,MIT,other,OK,"chord / progression, key folder in path"
chords/free-midi-chords/08 - G Major - E minor/4 Progression/Minor/pop style/E - i VII i v III VII i v i - Mysterious Surprised.mid,ldrolez/free-midi-chords,MIT,other,OK,"chord / progression, key folder in path"
chords/free-midi-chords/08 - G Major - E minor/4 Progression/Minor/pop style/E - i VII v VI - Mysterious Hopeful.mid,ldrolez/free-midi-chords,MIT,other,OK,"chord / progression, key folder in path"
chords/free-midi-chords/08 - G Major - E minor/4 Progression/Minor/pop style/E - i i iv iv v7 ii5 v v7 - Dark Mysterious.mid,ldrolez/free-midi-chords,MIT,other,OK,"chord / progression, key folder in path"
chords/free-midi-chords/08 - G Major - E minor/4 Progression/Minor/pop style/E - i ii v III i ii v VII - Mysterious Dramatic.mid,ldrolez/free-midi-chords,MIT,other,OK,"chord / progression, key folder in path"
chords/free-midi-chords/08 - G Major - E minor/4 Progression/Minor/pop style/E - i ii v i - Mysterious Triumphant.mid,ldrolez/free-midi-chords,MIT,other,OK,"chord / progression, key folder in path"
chords/free-midi-chords/08 - G Major - E minor/4 Progression/Minor/pop style/E - i iv III VI - Nostalgic Romantic.mid,ldrolez/free-midi-chords,MIT,other,OK,"chord / progression, key folder in path"
chords/free-midi-chords/08 - G Major - E minor/4 Progression/Minor/pop style/E - i iv VI v - Sad Hopeful.mid,ldrolez/free-midi-chords,MIT,other,OK,"chord / progression, key folder in path"
chords/free-midi-chords/08 - G Major - E minor/4 Progression/Minor/pop style/E - i iv VII i - Sad Nostalgic.mid,ldrolez/free-midi-chords,MIT,other,OK,"chord / progression, key folder in path"
chords/free-midi-chords/08 - G Major - E minor/4 Progression/Minor/pop style/E - i iv VII v i i ii V - Mysterious Surprised.mid,ldrolez/free-midi-chords,MIT,other,OK,"chord / progression, key folder in path"
chords/free-midi-chords/08 - G Major - E minor/4 Progression/Minor/pop style/E - i iv v - Sad Lonely.mid,ldrolez/free-midi-chords,MIT,other,OK,"chord / progression, key folder in path"
chords/free-midi-chords/08 - G Major - E minor/4 Progression/Minor/pop style/E - i iv v iv - Mysterious Sad.mid,ldrolez/free-midi-chords,MIT,other,OK,"chord / progression, key folder in path"
chords/free-midi-chords/08 - G Major - E minor/4 Progression/Minor/pop style/E - i v iv VII - Sad Rebellious.mid,ldrolez/free-midi-chords,MIT,other,OK,"chord / progression, key folder in path"
chords/free-midi-chords/08 - G Major - E minor/4 Progression/Minor/pop style/E - i vdim iv VI - Dark Nostalgic.mid,ldrolez/free-midi-chords,MIT,other,OK,"chord / progression, key folder in path"
chords/free-midi-chords/08 - G Major - E minor/4 Progression/Minor/pop style/E - i7 VI III7 VII6 i i7 III7 iv7 - Dark Nostalgic.mid,ldrolez/free-midi-chords,MIT,other,OK,"chord / progression, key folder in path"
chords/free-midi-chords/08 - G Major - E minor/4 Progression/Minor/pop style/E - i7 VII VI7 iv7 - Nostalgic Romantic.mid,ldrolez/free-midi-chords,MIT,other,OK,"chord / progression, key folder in path"
chords/free-midi-chords/08 - G Major - E minor/4 Progression/Minor/pop style/E - ii VI i iv - Sad Hopeful.mid,ldrolez/free-midi-chords,MIT,other,OK,"chord / progression, key folder in path"
chords/free-midi-chords/08 - G Major - E minor/4 Progression/Minor/pop style/E - ii v i - Peaceful Hopeful.mid,ldrolez/free-midi-chords,MIT,other,OK,"chord / progression, key folder in path"
chords/free-midi-chords/08 - G Major - E minor/4 Progression/Minor/pop style/E - ii v i iv - Peaceful Nostalgic.mid,ldrolez/free-midi-chords,MIT,other,OK,"chord / progression, key folder in path"
chords/free-midi-chords/08 - G Major - E minor/4 Progression/Minor/pop style/E - im7 ivsus4 v7 isus4 - Mysterious Tender.mid,ldrolez/free-midi-chords,MIT,other,OK,"chord / progression, key folder in path"
chords/free-midi-chords/08 - G Major - E minor/4 Progression/Minor/pop style/E - iv III VII i - Nostalgic Mysterious.mid,ldrolez/free-midi-chords,MIT,other,OK,"chord / progression, key folder in path"
chords/free-midi-chords/08 - G Major - E minor/4 Progression/Minor/pop style/E - iv III vsus4 VI iv i III VI - Nostalgic Mysterious.mid,ldrolez/free-midi-chords,MIT,other,OK,"chord / progression, key folder in path"
chords/free-midi-chords/08 - G Major - E minor/4 Progression/Minor/pop style/E - iv VI VII i - Triumphant.mid,ldrolez/free-midi-chords,MIT,other,OK,"chord / progression, key folder in path"
chords/free-midi-chords/08 - G Major - E minor/4 Progression/Minor/pop style/E - iv VI v VII - Mysterious Hopeful.mid,ldrolez/free-midi-chords,MIT,other,OK,"chord / progression, key folder in path"
chords/free-midi-chords/08 - G Major - E minor/4 Progression/Minor/pop style/E - iv i v VI - Nostalgic Hopeful.mid,ldrolez/free-midi-chords,MIT,other,OK,"chord / progression, key folder in path"
chords/free-midi-chords/08 - G Major - E minor/4 Progression/Minor/pop style/E - iv v VI VII - Mysterious Rebellious.mid,ldrolez/free-midi-chords,MIT,other,OK,"chord / progression, key folder in path"
chords/free-midi-chords/08 - G Major - E minor/4 Progression/Minor/pop style/E - v VI III i - Hopeful Nostalgic.mid,ldrolez/free-midi-chords,MIT,other,OK,"chord / progression, key folder in path"
chords/free-midi-chords/08 - G Major - E minor/4 Progression/Minor/pop style/E - v VI v i - Sad.mid,ldrolez/free-midi-chords,MIT,other,OK,"chord / progression, key folder in path"
chords/free-midi-chords/08 - G Major - E minor/4 Progression/Minor/pop style/E - v i iv VII - Dark Rebellious.mid,ldrolez/free-midi-chords,MIT,other,OK,"chord / progression, key folder in path"
chords/free-midi-chords/08 - G Major - E minor/4 Progression/Minor/pop style/E - v iv i - Lonely.mid,ldrolez/free-midi-chords,MIT,other,OK,"chord / progression, key folder in path"
chords/free-midi-chords/08 - G Major - E minor/4 Progression/Minor/pop2 style/E - VI III i v - Nostalgic Dark.mid,ldrolez/free-midi-chords,MIT,other,OK,"chord / progression, key folder in path"
chords/free-midi-chords/08 - G Major - E minor/4 Progression/Minor/pop2 style/E - VI VI i VII - Empowered.mid,ldrolez/free-midi-chords,MIT,other,OK,"chord / progression, key folder in path"
chords/free-midi-chords/08 - G Major - E minor/4 Progression/Minor/pop2 style/E - VI VII i III - Triumphant Nostalgic.mid,ldrolez/free-midi-chords,MIT,other,OK,"chord / progression, key folder in path"
chords/free-midi-chords/08 - G Major - E minor/4 Progression/Minor/pop2 style/E - VI VII v III - Rebellious Nostalgic.mid,ldrolez/free-midi-chords,MIT,other,OK,"chord / progression, key folder in path"
chords/free-midi-chords/08 - G Major - E minor/4 Progression/Minor/pop2 style/E - VI i v - Sad.mid,ldrolez/free-midi-chords,MIT,other,OK,"chord / progression, key folder in path"
chords/free-midi-chords/08 - G Major - E minor/4 Progression/Minor/pop2 style/E - VI i v III - Hopeful Nostalgic.mid,ldrolez/free-midi-chords,MIT,other,OK,"chord / progression, key folder in path"
chords/free-midi-chords/08 - G Major - E minor/4 Progression/Minor/pop2 style/E - VI iv i v - Hopeful Tender.mid,ldrolez/free-midi-chords,MIT,other,OK,"chord / progression, key folder in path"
chords/free-midi-chords/08 - G Major - E minor/4 Progression/Minor/pop2 style/E - VI7 VII i v VI7 VII i iv7 - New Empowered Nostalgic.mid,ldrolez/free-midi-chords,MIT,other,OK,"chord / progression, key folder in path"
chords/free-midi-chords/08 - G Major - E minor/4 Progression/Minor/pop2 style/E - VI7 VII6 i VII6 - New Nostalgic Hopeful.mid,ldrolez/free-midi-chords,MIT,other,OK,"chord / progression, key folder in path"
chords/free-midi-chords/08 - G Major - E minor/4 Progression/Minor/pop2 style/E - VII iv VII i - Spiritual.mid,ldrolez/free-midi-chords,MIT,other,OK,"chord / progression, key folder in path"
chords/free-midi-chords/08 - G Major - E minor/4 Progression/Minor/pop2 style/E - VII iv v i - Mysterious Dark.mid,ldrolez/free-midi-chords,MIT,other,OK,"chord / progression, key folder in path"
chords/free-midi-chords/08 - G Major - E minor/4 Progression/Minor/pop2 style/E - i III VII VI - Nostalgic Romantic.mid,ldrolez/free-midi-chords,MIT,other,OK,"chord / progression, key folder in path"
chords/free-midi-chords/08 - G Major - E minor/4 Progression/Minor/pop2 style/E - i III VII iv - New Empowered Nostalgic.mid,ldrolez/free-midi-chords,MIT,other,OK,"chord / progression, key folder in path"
chords/free-midi-chords/08 - G Major - E minor/4 Progression/Minor/pop2 style/E - i III iv VI - Nostalgic Romantic.mid,ldrolez/free-midi-chords,MIT,other,OK,"chord / progression, key folder in path"
chords/free-midi-chords/08 - G Major - E minor/4 Progression/Minor/pop2 style/E - i VI III VII - Nostalgic Hopeful.mid,ldrolez/free-midi-chords,MIT,other,OK,"chord / progression, key folder in path"
chords/free-midi-chords/08 - G Major - E minor/4 Progression/Minor/pop2 style/E - i VI III VII i VI69 III7 VII - Mysterious Spiritual.mid,ldrolez/free-midi-chords,MIT,other,OK,"chord / progression, key folder in path"
chords/free-midi-chords/08 - G Major - E minor/4 Progression/Minor/pop2 style/E - i VI VII - Triumphant Rebellious.mid,ldrolez/free-midi-chords,MIT,other,OK,"chord / progression, key folder in path"
chords/free-midi-chords/08 - G Major - E minor/4 Progression/Minor/pop2 style/E - i VI VII iv - Mysterious Nostalgic.mid,ldrolez/free-midi-chords,MIT,other,OK,"chord / progression, key folder in path"
chords/free-midi-chords/08 - G Major - E minor/4 Progression/Minor/pop2 style/E - i VI VII v - Mysterious Rebellious.mid,ldrolez/free-midi-chords,MIT,other,OK,"chord / progression, key folder in path"
chords/free-midi-chords/08 - G Major - E minor/4 Progression/Minor/pop2 style/E - i VI iv III - Sad Nostalgic.mid,ldrolez/free-midi-chords,MIT,other,OK,"chord / progression, key folder in path"
chords/free-midi-chords/08 - G Major - E minor/4 Progression/Minor/pop2 style/E - i VI iv ii - Sad Tender.mid,ldrolez/free-midi-chords,MIT,other,OK,"chord / progression, key folder in path"
chords/free-midi-chords/08 - G Major - E minor/4 Progression/Minor/pop2 style/E - i VI iv v - Sad Hopeful.mid,ldrolez/free-midi-chords,MIT,other,OK,"chord / progression, key folder in path"
chords/free-midi-chords/08 - G Major - E minor/4 Progression/Minor/pop2 style/E - i VII III VI - Rebellious Triumphant.mid,ldrolez/free-midi-chords,MIT,other,OK,"chord / progression, key folder in path"
chords/free-midi-chords/08 - G Major - E minor/4 Progression/Minor/pop2 style/E - i VII VI III - Nostalgic Hopeful.mid,ldrolez/free-midi-chords,MIT,other,OK,"chord / progression, key folder in path"
chords/free-midi-chords/08 - G Major - E minor/4 Progression/Minor/pop2 style/E - i VII VI III iv VI VII i - Mysterious Surprised.mid,ldrolez/free-midi-chords,MIT,other,OK,"chord / progression, key folder in path"
chords/free-midi-chords/08 - G Major - E minor/4 Progression/Minor/pop2 style/E - i VII VI VII - Rebellious Triumphant.mid,ldrolez/free-midi-chords,MIT,other,OK,"chord / progression, key folder in path"
chords/free-midi-chords/08 - G Major - E minor/4 Progression/Minor/pop2 style/E - i VII VI iv - Sad Romantic.mid,ldrolez/free-midi-chords,MIT,other,OK,"chord / progression, key folder in path"
chords/free-midi-chords/08 - G Major - E minor/4 Progression/Minor/pop2 style/E - i VII VIadd9 VII i v VI VIIsus4 - New Nostalgic Sad.mid,ldrolez/free-midi-chords,MIT,other,OK,"chord / progression, key folder in path"
chords/free-midi-chords/08 - G Major - E minor/4 Progression/Minor/pop2 style/E - i VII i v - Mysterious Nostalgic.mid,ldrolez/free-midi-chords,MIT,other,OK,"chord / progression, key folder in path"
chords/free-midi-chords/08 - G Major - E minor/4 Progression/Minor/pop2 style/E - i VII i v III VII i v i - Mysterious Surprised.mid,ldrolez/free-midi-chords,MIT,other,OK,"chord / progression, key folder in path"
chords/free-midi-chords/08 - G Major - E minor/4 Progression/Minor/pop2 style/E - i VII v VI - Mysterious Hopeful.mid,ldrolez/free-midi-chords,MIT,other,OK,"chord / progression, key folder in path"
chords/free-midi-chords/08 - G Major - E minor/4 Progression/Minor/pop2 style/E - i i iv iv v7 ii5 v v7 - Dark Mysterious.mid,ldrolez/free-midi-chords,MIT,other,OK,"chord / progression, key folder in path"
chords/free-midi-chords/08 - G Major - E minor/4 Progression/Minor/pop2 style/E - i ii v III i ii v VII - Mysterious Dramatic.mid,ldrolez/free-midi-chords,MIT,other,OK,"chord / progression, key folder in path"
chords/free-midi-chords/08 - G Major - E minor/4 Progression/Minor/pop2 style/E - i ii v i - Mysterious Triumphant.mid,ldrolez/free-midi-chords,MIT,other,OK,"chord / progression, key folder in path"
chords/free-midi-chords/08 - G Major - E minor/4 Progression/Minor/pop2 style/E - i iv III VI - Nostalgic Romantic.mid,ldrolez/free-midi-chords,MIT,other,OK,"chord / progression, key folder in path"
chords/free-midi-chords/08 - G Major - E minor/4 Progression/Minor/pop2 style/E - i iv VI v - Sad Hopeful.mid,ldrolez/free-midi-chords,MIT,other,OK,"chord / progression, key folder in path"
chords/free-midi-chords/08 - G Major - E minor/4 Progression/Minor/pop2 style/E - i iv VII i - Sad Nostalgic.mid,ldrolez/free-midi-chords,MIT,other,OK,"chord / progression, key folder in path"
chords/free-midi-chords/08 - G Major - E minor/4 Progression/Minor/pop2 style/E - i iv VII v i i ii V - Mysterious Surprised.mid,ldrolez/free-midi-chords,MIT,other,OK,"chord / progression, key folder in path"
chords/free-midi-chords/08 - G Major - E minor/4 Progression/Minor/pop2 style/E - i iv v - Sad Lonely.mid,ldrolez/free-midi-chords,MIT,other,OK,"chord / progression, key folder in path"
chords/free-midi-chords/08 - G Major - E minor/4 Progression/Minor/pop2 style/E - i iv v iv - Mysterious Sad.mid,ldrolez/free-midi-chords,MIT,other,OK,"chord / progression, key folder in path"
chords/free-midi-chords/08 - G Major - E minor/4 Progression/Minor/pop2 style/E - i v iv VII - Sad Rebellious.mid,ldrolez/free-midi-chords,MIT,other,OK,"chord / progression, key folder in path"
chords/free-midi-chords/08 - G Major - E minor/4 Progression/Minor/pop2 style/E - i vdim iv VI - Dark Nostalgic.mid,ldrolez/free-midi-chords,MIT,other,OK,"chord / progression, key folder in path"
chords/free-midi-chords/08 - G Major - E minor/4 Progression/Minor/pop2 style/E - i7 VI III7 VII6 i i7 III7 iv7 - Dark Nostalgic.mid,ldrolez/free-midi-chords,MIT,other,OK,"chord / progression, key folder in path"
chords/free-midi-chords/08 - G Major - E minor/4 Progression/Minor/pop2 style/E - i7 VII VI7 iv7 - Nostalgic Romantic.mid,ldrolez/free-midi-chords,MIT,other,OK,"chord / progression, key folder in path"
chords/free-midi-chords/08 - G Major - E minor/4 Progression/Minor/pop2 style/E - ii VI i iv - Sad Hopeful.mid,ldrolez/free-midi-chords,MIT,other,OK,"chord / progression, key folder in path"
chords/free-midi-chords/08 - G Major - E minor/4 Progression/Minor/pop2 style/E - ii v i - Peaceful Hopeful.mid,ldrolez/free-midi-chords,MIT,other,OK,"chord / progression, key folder in path"
chords/free-midi-chords/08 - G Major - E minor/4 Progression/Minor/pop2 style/E - ii v i iv - Peaceful Nostalgic.mid,ldrolez/free-midi-chords,MIT,other,OK,"chord / progression, key folder in path"
chords/free-midi-chords/08 - G Major - E minor/4 Progression/Minor/pop2 style/E - im7 ivsus4 v7 isus4 - Mysterious Tender.mid,ldrolez/free-midi-chords,MIT,other,OK,"chord / progression, key folder in path"
chords/free-midi-chords/08 - G Major - E minor/4 Progression/Minor/pop2 style/E - iv III VII i - Nostalgic Mysterious.mid,ldrolez/free-midi-chords,MIT,other,OK,"chord / progression, key folder in path"
chords/free-midi-chords/08 - G Major - E minor/4 Progression/Minor/pop2 style/E - iv III vsus4 VI iv i III VI - Nostalgic Mysterious.mid,ldrolez/free-midi-chords,MIT,other,OK,"chord / progression, key folder in path"
chords/free-midi-chords/08 - G Major - E minor/4 Progression/Minor/pop2 style/E - iv VI VII i - Triumphant.mid,ldrolez/free-midi-chords,MIT,other,OK,"chord / progression, key folder in path"
chords/free-midi-chords/08 - G Major - E minor/4 Progression/Minor/pop2 style/E - iv VI v VII - Mysterious Hopeful.mid,ldrolez/free-midi-chords,MIT,other,OK,"chord / progression, key folder in path"
chords/free-midi-chords/08 - G Major - E minor/4 Progression/Minor/pop2 style/E - iv i v VI - Nostalgic Hopeful.mid,ldrolez/free-midi-chords,MIT,other,OK,"chord / progression, key folder in path"
chords/free-midi-chords/08 - G Major - E minor/4 Progression/Minor/pop2 style/E - iv v VI VII - Mysterious Rebellious.mid,ldrolez/free-midi-chords,MIT,other,OK,"chord / progression, key folder in path"
chords/free-midi-chords/08 - G Major - E minor/4 Progression/Minor/pop2 style/E - v VI III i - Hopeful Nostalgic.mid,ldrolez/free-midi-chords,MIT,other,OK,"chord / progression, key folder in path"
chords/free-midi-chords/08 - G Major - E minor/4 Progression/Minor/pop2 style/E - v VI v i - Sad.mid,ldrolez/free-midi-chords,MIT,other,OK,"chord / progression, key folder in path"
chords/free-midi-chords/08 - G Major - E minor/4 Progression/Minor/pop2 style/E - v i iv VII - Dark Rebellious.mid,ldrolez/free-midi-chords,MIT,other,OK,"chord / progression, key folder in path"
chords/free-midi-chords/08 - G Major - E minor/4 Progression/Minor/pop2 style/E - v iv i - Lonely.mid,ldrolez/free-midi-chords,MIT,other,OK,"chord / progression, key folder in path"
chords/free-midi-chords/08 - G Major - E minor/4 Progression/Minor/soul style/E - VI III i v - Nostalgic Dark.mid,ldrolez/free-midi-chords,MIT,other,OK,"chord / progression, key folder in path"
chords/free-midi-chords/08 - G Major - E minor/4 Progression/Minor/soul style/E - VI VI i VII - Empowered.mid,ldrolez/free-midi-chords,MIT,other,OK,"chord / progression, key folder in path"
chords/free-midi-chords/08 - G Major - E minor/4 Progression/Minor/soul style/E - VI VII i III - Triumphant Nostalgic.mid,ldrolez/free-midi-chords,MIT,other,OK,"chord / progression, key folder in path"
chords/free-midi-chords/08 - G Major - E minor/4 Progression/Minor/soul style/E - VI VII v III - Rebellious Nostalgic.mid,ldrolez/free-midi-chords,MIT,other,OK,"chord / progression, key folder in path"
chords/free-midi-chords/08 - G Major - E minor/4 Progression/Minor/soul style/E - VI i v - Sad.mid,ldrolez/free-midi-chords,MIT,other,OK,"chord / progression, key folder in path"
chords/free-midi-chords/08 - G Major - E minor/4 Progression/Minor/soul style/E - VI i v III - Hopeful Nostalgic.mid,ldrolez/free-midi-chords,MIT,other,OK,"chord / progression, key folder in path"
chords/free-midi-chords/08 - G Major - E minor/4 Progression/Minor/soul style/E - VI iv i v - Hopeful Tender.mid,ldrolez/free-midi-chords,MIT,other,OK,"chord / progression, key folder in path"
chords/free-midi-chords/08 - G Major - E minor/4 Progression/Minor/soul style/E - VI7 VII i v VI7 VII i iv7 - New Empowered Nostalgic.mid,ldrolez/free-midi-chords,MIT,other,OK,"chord / progression, key folder in path"
chords/free-midi-chords/08 - G Major - E minor/4 Progression/Minor/soul style/E - VI7 VII6 i VII6 - New Nostalgic Hopeful.mid,ldrolez/free-midi-chords,MIT,other,OK,"chord / progression, key folder in path"
chords/free-midi-chords/08 - G Major - E minor/4 Progression/Minor/soul style/E - VII iv VII i - Spiritual.mid,ldrolez/free-midi-chords,MIT,other,OK,"chord / progression, key folder in path"
chords/free-midi-chords/08 - G Major - E minor/4 Progression/Minor/soul style/E - VII iv v i - Mysterious Dark.mid,ldrolez/free-midi-chords,MIT,other,OK,"chord / progression, key folder in path"
chords/free-midi-chords/08 - G Major - E minor/4 Progression/Minor/soul style/E - i III VII VI - Nostalgic Romantic.mid,ldrolez/free-midi-chords,MIT,other,OK,"chord / progression, key folder in path"
chords/free-midi-chords/08 - G Major - E minor/4 Progression/Minor/soul style/E - i III VII iv - New Empowered Nostalgic.mid,ldrolez/free-midi-chords,MIT,other,OK,"chord / progression, key folder in path"
chords/free-midi-chords/08 - G Major - E minor/4 Progression/Minor/soul style/E - i III iv VI - Nostalgic Romantic.mid,ldrolez/free-midi-chords,MIT,other,OK,"chord / progression, key folder in path"
chords/free-midi-chords/08 - G Major - E minor/4 Progression/Minor/soul style/E - i VI III VII - Nostalgic Hopeful.mid,ldrolez/free-midi-chords,MIT,other,OK,"chord / progression, key folder in path"
chords/free-midi-chords/08 - G Major - E minor/4 Progression/Minor/soul style/E - i VI III VII i VI69 III7 VII - Mysterious Spiritual.mid,ldrolez/free-midi-chords,MIT,other,OK,"chord / progression, key folder in path"
chords/free-midi-chords/08 - G Major - E minor/4 Progression/Minor/soul style/E - i VI VII - Triumphant Rebellious.mid,ldrolez/free-midi-chords,MIT,other,OK,"chord / progression, key folder in path"
chords/free-midi-chords/08 - G Major - E minor/4 Progression/Minor/soul style/E - i VI VII iv - Mysterious Nostalgic.mid,ldrolez/free-midi-chords,MIT,other,OK,"chord / progression, key folder in path"
chords/free-midi-chords/08 - G Major - E minor/4 Progression/Minor/soul style/E - i VI VII v - Mysterious Rebellious.mid,ldrolez/free-midi-chords,MIT,other,OK,"chord / progression, key folder in path"
chords/free-midi-chords/08 - G Major - E minor/4 Progression/Minor/soul style/E - i VI iv III - Sad Nostalgic.mid,ldrolez/free-midi-chords,MIT,other,OK,"chord / progression, key folder in path"
chords/free-midi-chords/08 - G Major - E minor/4 Progression/Minor/soul style/E - i VI iv ii - Sad Tender.mid,ldrolez/free-midi-chords,MIT,other,OK,"chord / progression, key folder in path"
chords/free-midi-chords/08 - G Major - E minor/4 Progression/Minor/soul style/E - i VI iv v - Sad Hopeful.mid,ldrolez/free-midi-chords,MIT,other,OK,"chord / progression, key folder in path"
chords/free-midi-chords/08 - G Major - E minor/4 Progression/Minor/soul style/E - i VII III VI - Rebellious Triumphant.mid,ldrolez/free-midi-chords,MIT,other,OK,"chord / progression, key folder in path"
chords/free-midi-chords/08 - G Major - E minor/4 Progression/Minor/soul style/E - i VII VI III - Nostalgic Hopeful.mid,ldrolez/free-midi-chords,MIT,other,OK,"chord / progression, key folder in path"
chords/free-midi-chords/08 - G Major - E minor/4 Progression/Minor/soul style/E - i VII VI III iv VI VII i - Mysterious Surprised.mid,ldrolez/free-midi-chords,MIT,other,OK,"chord / progression, key folder in path"
chords/free-midi-chords/08 - G Major - E minor/4 Progression/Minor/soul style/E - i VII VI VII - Rebellious Triumphant.mid,ldrolez/free-midi-chords,MIT,other,OK,"chord / progression, key folder in path"
chords/free-midi-chords/08 - G Major - E minor/4 Progression/Minor/soul style/E - i VII VI iv - Sad Romantic.mid,ldrolez/free-midi-chords,MIT,other,OK,"chord / progression, key folder in path"
chords/free-midi-chords/08 - G Major - E minor/4 Progression/Minor/soul style/E - i VII VIadd9 VII i v VI VIIsus4 - New Nostalgic Sad.mid,ldrolez/free-midi-chords,MIT,other,OK,"chord / progression, key folder in path"
chords/free-midi-chords/08 - G Major - E minor/4 Progression/Minor/soul style/E - i VII i v - Mysterious Nostalgic.mid,ldrolez/free-midi-chords,MIT,other,OK,"chord / progression, key folder in path"
chords/free-midi-chords/08 - G Major - E minor/4 Progression/Minor/soul style/E - i VII i v III VII i v i - Mysterious Surprised.mid,ldrolez/free-midi-chords,MIT,other,OK,"chord / progression, key folder in path"
chords/free-midi-chords/08 - G Major - E minor/4 Progression/Minor/soul style/E - i VII v VI - Mysterious Hopeful.mid,ldrolez/free-midi-chords,MIT,other,OK,"chord / progression, key folder in path"
chords/free-midi-chords/08 - G Major - E minor/4 Progression/Minor/soul style/E - i i iv iv v7 ii5 v v7 - Dark Mysterious.mid,ldrolez/free-midi-chords,MIT,other,OK,"chord / progression, key folder in path"
chords/free-midi-chords/08 - G Major - E minor/4 Progression/Minor/soul style/E - i ii v III i ii v VII - Mysterious Dramatic.mid,ldrolez/free-midi-chords,MIT,other,OK,"chord / progression, key folder in path"
chords/free-midi-chords/08 - G Major - E minor/4 Progression/Minor/soul style/E - i ii v i - Mysterious Triumphant.mid,ldrolez/free-midi-chords,MIT,other,OK,"chord / progression, key folder in path"
chords/free-midi-chords/08 - G Major - E minor/4 Progression/Minor/soul style/E - i iv III VI - Nostalgic Romantic.mid,ldrolez/free-midi-chords,MIT,other,OK,"chord / progression, key folder in path"
chords/free-midi-chords/08 - G Major - E minor/4 Progression/Minor/soul style/E - i iv VI v - Sad Hopeful.mid,ldrolez/free-midi-chords,MIT,other,OK,"chord / progression, key folder in path"
chords/free-midi-chords/08 - G Major - E minor/4 Progression/Minor/soul style/E - i iv VII i - Sad Nostalgic.mid,ldrolez/free-midi-chords,MIT,other,OK,"chord / progression, key folder in path"
chords/free-midi-chords/08 - G Major - E minor/4 Progression/Minor/soul style/E - i iv VII v i i ii V - Mysterious Surprised.mid,ldrolez/free-midi-chords,MIT,other,OK,"chord / progression, key folder in path"
chords/free-midi-chords/08 - G Major - E minor/4 Progression/Minor/soul style/E - i iv v - Sad Lonely.mid,ldrolez/free-midi-chords,MIT,other,OK,"chord / progression, key folder in path"
chords/free-midi-chords/08 - G Major - E minor/4 Progression/Minor/soul style/E - i iv v iv - Mysterious Sad.mid,ldrolez/free-midi-chords,MIT,other,OK,"chord / progression, key folder in path"
chords/free-midi-chords/08 - G Major - E minor/4 Progression/Minor/soul style/E - i v iv VII - Sad Rebellious.mid,ldrolez/free-midi-chords,MIT,other,OK,"chord / progression, key folder in path"
chords/free-midi-chords/08 - G Major - E minor/4 Progression/Minor/soul style/E - i vdim iv VI - Dark Nostalgic.mid,ldrolez/free-midi-chords,MIT,other,OK,"chord / progression, key folder in path"
chords/free-midi-chords/08 - G Major - E minor/4 Progression/Minor/soul style/E - i7 VI III7 VII6 i i7 III7 iv7 - Dark Nostalgic.mid,ldrolez/free-midi-chords,MIT,other,OK,"chord / progression, key folder in path"
chords/free-midi-chords/08 - G Major - E minor/4 Progression/Minor/soul style/E - i7 VII VI7 iv7 - Nostalgic Romantic.mid,ldrolez/free-midi-chords,MIT,other,OK,"chord / progression, key folder in path"
chords/free-midi-chords/08 - G Major - E minor/4 Progression/Minor/soul style/E - ii VI i iv - Sad Hopeful.mid,ldrolez/free-midi-chords,MIT,other,OK,"chord / progression, key folder in path"
chords/free-midi-chords/08 - G Major - E minor/4 Progression/Minor/soul style/E - ii v i - Peaceful Hopeful.mid,ldrolez/free-midi-chords,MIT,other,OK,"chord / progression, key folder in path"
chords/free-midi-chords/08 - G Major - E minor/4 Progression/Minor/soul style/E - ii v i iv - Peaceful Nostalgic.mid,ldrolez/free-midi-chords,MIT,other,OK,"chord / progression, key folder in path"
chords/free-midi-chords/08 - G Major - E minor/4 Progression/Minor/soul style/E - im7 ivsus4 v7 isus4 - Mysterious Tender.mid,ldrolez/free-midi-chords,MIT,other,OK,"chord / progression, key folder in path"
chords/free-midi-chords/08 - G Major - E minor/4 Progression/Minor/soul style/E - iv III VII i - Nostalgic Mysterious.mid,ldrolez/free-midi-chords,MIT,other,OK,"chord / progression, key folder in path"
chords/free-midi-chords/08 - G Major - E minor/4 Progression/Minor/soul style/E - iv III vsus4 VI iv i III VI - Nostalgic Mysterious.mid,ldrolez/free-midi-chords,MIT,other,OK,"chord / progression, key folder in path"
chords/free-midi-chords/08 - G Major - E minor/4 Progression/Minor/soul style/E - iv VI VII i - Triumphant.mid,ldrolez/free-midi-chords,MIT,other,OK,"chord / progression, key folder in path"
chords/free-midi-chords/08 - G Major - E minor/4 Progression/Minor/soul style/E - iv VI v VII - Mysterious Hopeful.mid,ldrolez/free-midi-chords,MIT,other,OK,"chord / progression, key folder in path"
chords/free-midi-chords/08 - G Major - E minor/4 Progression/Minor/soul style/E - iv i v VI - Nostalgic Hopeful.mid,ldrolez/free-midi-chords,MIT,other,OK,"chord / progression, key folder in path"
chords/free-midi-chords/08 - G Major - E minor/4 Progression/Minor/soul style/E - iv v VI VII - Mysterious Rebellious.mid,ldrolez/free-midi-chords,MIT,other,OK,"chord / progression, key folder in path"
chords/free-midi-chords/08 - G Major - E minor/4 Progression/Minor/soul style/E - v VI III i - Hopeful Nostalgic.mid,ldrolez/free-midi-chords,MIT,other,OK,"chord / progression, key folder in path"
chords/free-midi-chords/08 - G Major - E minor/4 Progression/Minor/soul style/E - v VI v i - Sad.mid,ldrolez/free-midi-chords,MIT,other,OK,"chord / progression, key folder in path"
chords/free-midi-chords/08 - G Major - E minor/4 Progression/Minor/soul style/E - v i iv VII - Dark Rebellious.mid,ldrolez/free-midi-chords,MIT,other,OK,"chord / progression, key folder in path"
chords/free-midi-chords/08 - G Major - E minor/4 Progression/Minor/soul style/E - v iv i - Lonely.mid,ldrolez/free-midi-chords,MIT,other,OK,"chord / progression, key folder in path"
chords/free-midi-chords/08 - G Major - E minor/4 Progression/Modal/G - I I7 I9 IV ivm - Romantic Nostalgic.mid,ldrolez/free-midi-chords,MIT,other,OK,"chord / progression, key folder in path"
chords/free-midi-chords/08 - G Major - E minor/4 Progression/Modal/G - I I7 Idom7 IV ivm I - Relaxed Nostalgic.mid,ldrolez/free-midi-chords,MIT,other,OK,"chord / progression, key folder in path"
chords/free-midi-chords/08 - G Major - E minor/4 Progression/Modal/G - I I7 Idom7 IV ivm I ivm6 Vdom7 - Relaxed Romantic.mid,ldrolez/free-midi-chords,MIT,other,OK,"chord / progression, key folder in path"
chords/free-midi-chords/08 - G Major - E minor/4 Progression/Modal/G - I IIIM vi V - Joyful Hopeful.mid,ldrolez/free-midi-chords,MIT,other,OK,"chord / progression, key folder in path"
chords/free-midi-chords/08 - G Major - E minor/4 Progression/Modal/G - I IIM IV I - Joyful Triumphant.mid,ldrolez/free-midi-chords,MIT,other,OK,"chord / progression, key folder in path"
chords/free-midi-chords/08 - G Major - E minor/4 Progression/Modal/G - I IIM iii V6 - Surprised Triumphant.mid,ldrolez/free-midi-chords,MIT,other,OK,"chord / progression, key folder in path"
chords/free-midi-chords/08 - G Major - E minor/4 Progression/Modal/G - I IV V bVIIM - Triumphant Rebellious.mid,ldrolez/free-midi-chords,MIT,other,OK,"chord / progression, key folder in path"
chords/free-midi-chords/08 - G Major - E minor/4 Progression/Modal/G - I IV bIIIM bVIM - Nostalgic Mysterious.mid,ldrolez/free-midi-chords,MIT,other,OK,"chord / progression, key folder in path"
chords/free-midi-chords/08 - G Major - E minor/4 Progression/Modal/G - I IV bVIIM IV - Joyful Rebellious.mid,ldrolez/free-midi-chords,MIT,other,OK,"chord / progression, key folder in path"
chords/free-midi-chords/08 - G Major - E minor/4 Progression/Modal/G - I V bVIIM IV - Triumphant Rebellious.mid,ldrolez/free-midi-chords,MIT,other,OK,"chord / progression, key folder in path"
chords/free-midi-chords/08 - G Major - E minor/4 Progression/Modal/G - I V ivm bVIM - Surprised Mysterious.mid,ldrolez/free-midi-chords,MIT,other,OK,"chord / progression, key folder in path"
chords/free-midi-chords/08 - G Major - E minor/4 Progression/Modal/G - I bIIIM IV I - Romantic.mid,ldrolez/free-midi-chords,MIT,other,OK,"chord / progression, key folder in path"
chords/free-midi-chords/08 - G Major - E minor/4 Progression/Modal/G - I bIIIM bVIIM I - Triumphant Rebellious.mid,ldrolez/free-midi-chords,MIT,other,OK,"chord / progression, key folder in path"
chords/free-midi-chords/08 - G Major - E minor/4 Progression/Modal/G - I bIIIM bVIIM IV - Triumphant Mysterious.mid,ldrolez/free-midi-chords,MIT,other,OK,"chord / progression, key folder in path"
chords/free-midi-chords/08 - G Major - E minor/4 Progression/Modal/G - I bIIIM bVIM bVIIM - Triumphant Hopeful.mid,ldrolez/free-midi-chords,MIT,other,OK,"chord / progression, key folder in path"
chords/free-midi-chords/08 - G Major - E minor/4 Progression/Modal/G - I bIIM I iii - Surprised Mysterious.mid,ldrolez/free-midi-chords,MIT,other,OK,"chord / progression, key folder in path"
chords/free-midi-chords/08 - G Major - E minor/4 Progression/Modal/G - I bIIM7 bIIIM6 bIIM7 I im bVIIM bIIM - Surprised Mysterious.mid,ldrolez/free-midi-chords,MIT,other,OK,"chord / progression, key folder in path"
chords/free-midi-chords/08 - G Major - E minor/4 Progression/Modal/G - I bVIIM I I bVIM V - Triumphant Hopeful.mid,ldrolez/free-midi-chords,MIT,other,OK,"chord / progression, key folder in path"
chords/free-midi-chords/08 - G Major - E minor/4 Progression/Modal/G - I bVIIM IV V - Joyful Triumphant.mid,ldrolez/free-midi-chords,MIT,other,OK,"chord / progression, key folder in path"
chords/free-midi-chords/08 - G Major - E minor/4 Progression/Modal/G - I bVIIM bVIM IV IVsus4 IV - Hopeful Nostalgic.mid,ldrolez/free-midi-chords,MIT,other,OK,"chord / progression, key folder in path"
chords/free-midi-chords/08 - G Major - E minor/4 Progression/Modal/G - I bVIIM bVIM bIIM - Triumphant Rebellious.mid,ldrolez/free-midi-chords,MIT,other,OK,"chord / progression, key folder in path"
chords/free-midi-chords/08 - G Major - E minor/4 Progression/Modal/G - I bVIM I bIIM - Surprised Mysterious.mid,ldrolez/free-midi-chords,MIT,other,OK,"chord / progression, key folder in path"
chords/free-midi-chords/08 - G Major - E minor/4 Progression/Modal/G - I bVIM IV bIIIM bVIIM - Mysterious Nostalgic.mid,ldrolez/free-midi-chords,MIT,other,OK,"chord / progression, key folder in path"
chords/free-midi-chords/08 - G Major - E minor/4 Progression/Modal/G - I bVIM bVIIM ivm - New Empowered Nostalgic.mid,ldrolez/free-midi-chords,MIT,other,OK,"chord / progression, key folder in path"
chords/free-midi-chords/08 - G Major - E minor/4 Progression/Modal/G - I im bVII6 bVIM - New Nostalgic Mysterious.mid,ldrolez/free-midi-chords,MIT,other,OK,"chord / progression, key folder in path"
chords/free-midi-chords/08 - G Major - E minor/4 Progression/Modal/G - I ivm bIIIM bVIIM - Mysterious Nostalgic.mid,ldrolez/free-midi-chords,MIT,other,OK,"chord / progression, key folder in path"
chords/free-midi-chords/08 - G Major - E minor/4 Progression/Modal/G - I vi bVIM V - New Surprised Mysterious.mid,ldrolez/free-midi-chords,MIT,other,OK,"chord / progression, key folder in path"
chords/free-midi-chords/08 - G Major - E minor/4 Progression/Modal/G - I5 iii II5 #IVm IV5 vi V5 viim - Excited Triumphant.mid,ldrolez/free-midi-chords,MIT,other,OK,"chord / progression, key folder in path"
chords/free-midi-chords/08 - G Major - E minor/4 Progression/Modal/G - I7 bIdom7 III7 ii7 V7 - Playful Surprised.mid,ldrolez/free-midi-chords,MIT,other,OK,"chord / progression, key folder in path"
chords/free-midi-chords/08 - G Major - E minor/4 Progression/Modal/G - IIIM V VIsus4 VIM I IIM - Triumphant Surprised.mid,ldrolez/free-midi-chords,MIT,other,OK,"chord / progression, key folder in path"
chords/free-midi-chords/08 - G Major - E minor/4 Progression/Modal/G - IV V ii im bIIIM IV - Hopeful Nostalgic.mid,ldrolez/free-midi-chords,MIT,other,OK,"chord / progression, key folder in path"
chords/free-midi-chords/08 - G Major - E minor/4 Progression/Modal/G - VIM bVIM im bVIIM - Surprised Rebellious.mid,ldrolez/free-midi-chords,MIT,other,OK,"chord / progression, key folder in path"
chords/free-midi-chords/08 - G Major - E minor/4 Progression/Modal/G - bIIIM V7 I - Cadence.mid,ldrolez/free-midi-chords,MIT,other,OK,"chord / progression, key folder in path"
chords/free-midi-chords/08 - G Major - E minor/4 Progression/Modal/G - bIIIM ii bIIM I - Mysterious Surprised.mid,ldrolez/free-midi-chords,MIT,other,OK,"chord / progression, key folder in path"
chords/free-midi-chords/08 - G Major - E minor/4 Progression/Modal/G - bIIM bVIM biii bviim - Mysterious Surprised.mid,ldrolez/free-midi-chords,MIT,other,OK,"chord / progression, key folder in path"
chords/free-midi-chords/08 - G Major - E minor/4 Progression/Modal/G - bIIM ivm biii im - Mysterious Dark.mid,ldrolez/free-midi-chords,MIT,other,OK,"chord / progression, key folder in path"
chords/free-midi-chords/08 - G Major - E minor/4 Progression/Modal/G - bVIIM V7 I - Cadence.mid,ldrolez/free-midi-chords,MIT,other,OK,"chord / progression, key folder in path"
chords/free-midi-chords/08 - G Major - E minor/4 Progression/Modal/G - bVIIM bIIM bIIIM im - Mysterious Rebellious.mid,ldrolez/free-midi-chords,MIT,other,OK,"chord / progression, key folder in path"
chords/free-midi-chords/08 - G Major - E minor/4 Progression/Modal/G - bVIM bIIIM bVIIM IV I - Triumphant Mysterious.mid,ldrolez/free-midi-chords,MIT,other,OK,"chord / progression, key folder in path"
chords/free-midi-chords/08 - G Major - E minor/4 Progression/Modal/G - bVIM bVIIm im bIIM - Mysterious Dark.mid,ldrolez/free-midi-chords,MIT,other,OK,"chord / progression, key folder in path"
chords/free-midi-chords/08 - G Major - E minor/4 Progression/Modal/G - bVIM vi im bVIIM - Hopeful Mysterious.mid,ldrolez/free-midi-chords,MIT,other,OK,"chord / progression, key folder in path"
chords/free-midi-chords/08 - G Major - E minor/4 Progression/Modal/G - bVIM7 ivmadd9 I - Spiritual Nostalgic.mid,ldrolez/free-midi-chords,MIT,other,OK,"chord / progression, key folder in path"
chords/free-midi-chords/08 - G Major - E minor/4 Progression/Modal/G - ii IVM vm bVIIM - Mysterious Nostalgic.mid,ldrolez/free-midi-chords,MIT,other,OK,"chord / progression, key folder in path"
chords/free-midi-chords/08 - G Major - E minor/4 Progression/Modal/G - ii bIIM I bVIIM - Mysterious Rebellious.mid,ldrolez/free-midi-chords,MIT,other,OK,"chord / progression, key folder in path"
chords/free-midi-chords/08 - G Major - E minor/4 Progression/Modal/G - ii bVIIM7 I - Hopeful Triumphant.mid,ldrolez/free-midi-chords,MIT,other,OK,"chord / progression, key folder in path"
chords/free-midi-chords/08 - G Major - E minor/4 Progression/Modal/G - iii im iii im7 - New Anguished Mysterious.mid,ldrolez/free-midi-chords,MIT,other,OK,"chord / progression, key folder in path"
chords/free-midi-chords/08 - G Major - E minor/4 Progression/Modal/G - im V bVIIM IV bVIM bIIIM ivm V - Mysterious Rebellious.mid,ldrolez/free-midi-chords,MIT,other,OK,"chord / progression, key folder in path"
chords/free-midi-chords/08 - G Major - E minor/4 Progression/Modal/G - im VIM IIIM bIIM - Nostalgic Surprised.mid,ldrolez/free-midi-chords,MIT,other,OK,"chord / progression, key folder in path"
chords/free-midi-chords/08 - G Major - E minor/4 Progression/Modal/G - im VIM bi V - Mysterious Triumphant.mid,ldrolez/free-midi-chords,MIT,other,OK,"chord / progression, key folder in path"
chords/free-midi-chords/08 - G Major - E minor/4 Progression/Modal/G - im bIIIM IV V - New Mysterious Triumphant.mid,ldrolez/free-midi-chords,MIT,other,OK,"chord / progression, key folder in path"
chords/free-midi-chords/08 - G Major - E minor/4 Progression/Modal/G - im bIIIM IV bVIM - Mysterious Hopeful.mid,ldrolez/free-midi-chords,MIT,other,OK,"chord / progression, key folder in path"
chords/free-midi-chords/08 - G Major - E minor/4 Progression/Modal/G - im bIIIM bVIIM IV - Romantic Nostalgic.mid,ldrolez/free-midi-chords,MIT,other,OK,"chord / progression, key folder in path"
chords/free-midi-chords/08 - G Major - E minor/4 Progression/Modal/G - im bIIIM bVIM V - Mysterious Triumphant.mid,ldrolez/free-midi-chords,MIT,other,OK,"chord / progression, key folder in path"
chords/free-midi-chords/08 - G Major - E minor/4 Progression/Modal/G - im bIIIsus2 IV - Mysterious Hopeful.mid,ldrolez/free-midi-chords,MIT,other,OK,"chord / progression, key folder in path"
chords/free-midi-chords/08 - G Major - E minor/4 Progression/Modal/G - im bIIM bIIIM bIIM - Mysterious Dark.mid,ldrolez/free-midi-chords,MIT,other,OK,"chord / progression, key folder in path"
chords/free-midi-chords/08 - G Major - E minor/4 Progression/Modal/G - im bIIM biim6 ivm - Mysterious Tender.mid,ldrolez/free-midi-chords,MIT,other,OK,"chord / progression, key folder in path"
chords/free-midi-chords/08 - G Major - E minor/4 Progression/Modal/G - im bIIM im7 bviim - Mysterious Spiritual.mid,ldrolez/free-midi-chords,MIT,other,OK,"chord / progression, key folder in path"
chords/free-midi-chords/08 - G Major - E minor/4 Progression/Modal/G - im bIIM ivm IIIM bIIM ivm IIIM IIIM - Mysterious Nostalgic.mid,ldrolez/free-midi-chords,MIT,other,OK,"chord / progression, key folder in path"
chords/free-midi-chords/08 - G Major - E minor/4 Progression/Modal/G - im bIIM vm im7 - Mysterious Dark.mid,ldrolez/free-midi-chords,MIT,other,OK,"chord / progression, key folder in path"
chords/free-midi-chords/08 - G Major - E minor/4 Progression/Modal/G - im bVIIM IV im - Cadence.mid,ldrolez/free-midi-chords,MIT,other,OK,"chord / progression, key folder in path"
chords/free-midi-chords/08 - G Major - E minor/4 Progression/Modal/G - im bVIIM IV im - New Nostalgic Mysterious.mid,ldrolez/free-midi-chords,MIT,other,OK,"chord / progression, key folder in path"
chords/free-midi-chords/08 - G Major - E minor/4 Progression/Modal/G - im bVIIM bIIM vm - Mysterious Rebellious.mid,ldrolez/free-midi-chords,MIT,other,OK,"chord / progression, key folder in path"
chords/free-midi-chords/08 - G Major - E minor/4 Progression/Modal/G - im bVIM im IV - New Nostalgic Hopeful.mid,ldrolez/free-midi-chords,MIT,other,OK,"chord / progression, key folder in path"
chords/free-midi-chords/08 - G Major - E minor/4 Progression/Modal/G - im bVIM ivm V - Triumphant.mid,ldrolez/free-midi-chords,MIT,other,OK,"chord / progression, key folder in path"
chords/free-midi-chords/08 - G Major - E minor/4 Progression/Modal/G - im bviim bVIM bIIM - Mysterious Hopeful.mid,ldrolez/free-midi-chords,MIT,other,OK,"chord / progression, key folder in path"
chords/free-midi-chords/08 - G Major - E minor/4 Progression/Modal/G - im ii vm IV - Nostalgic Hopeful.mid,ldrolez/free-midi-chords,MIT,other,OK,"chord / progression, key folder in path"
chords/free-midi-chords/08 - G Major - E minor/4 Progression/Modal/G - im ivm9 bIIM im - Mysterious Nostalgic.mid,ldrolez/free-midi-chords,MIT,other,OK,"chord / progression, key folder in path"
chords/free-midi-chords/08 - G Major - E minor/4 Progression/Modal/G - im ivm9 bIIM im vm ivm7 bIIM im7 - Mysterious Tender.mid,ldrolez/free-midi-chords,MIT,other,OK,"chord / progression, key folder in path"
chords/free-midi-chords/08 - G Major - E minor/4 Progression/Modal/G - im viim im bii - New Mysterious Fearful.mid,ldrolez/free-midi-chords,MIT,other,OK,"chord / progression, key folder in path"
chords/free-midi-chords/08 - G Major - E minor/4 Progression/Modal/G - im vm bVIIM IV - New Hopeful Nostalgic.mid,ldrolez/free-midi-chords,MIT,other,OK,"chord / progression, key folder in path"
chords/free-midi-chords/08 - G Major - E minor/4 Progression/Modal/G - im vm bVIM bIIM - Mysterious Hopeful.mid,ldrolez/free-midi-chords,MIT,other,OK,"chord / progression, key folder in path"
chords/free-midi-chords/08 - G Major - E minor/4 Progression/Modal/G - im vm isus4 I - Hopeful Spiritual.mid,ldrolez/free-midi-chords,MIT,other,OK,"chord / progression, key folder in path"
chords/free-midi-chords/08 - G Major - E minor/4 Progression/Modal/G - im vm ivm bIIM7 - Mysterious Dark.mid,ldrolez/free-midi-chords,MIT,other,OK,"chord / progression, key folder in path"
chords/free-midi-chords/08 - G Major - E minor/4 Progression/Modal/G - ivm IIIM bIIM I - Cadence.mid,ldrolez/free-midi-chords,MIT,other,OK,"chord / progression, key folder in path"
chords/free-midi-chords/08 - G Major - E minor/4 Progression/Modal/G - ivm bIIIM bIIM I - Cadence.mid,ldrolez/free-midi-chords,MIT,other,OK,"chord / progression, key folder in path"
chords/free-midi-chords/08 - G Major - E minor/4 Progression/Modal/G - ivm bIIIM bVIM I - Cadence.mid,ldrolez/free-midi-chords,MIT,other,OK,"chord / progression, key folder in path"
chords/free-midi-chords/08 - G Major - E minor/4 Progression/Modal/G - ivm bIIIM iim7 V - Mysterious Tender.mid,ldrolez/free-midi-chords,MIT,other,OK,"chord / progression, key folder in path"
chords/free-midi-chords/08 - G Major - E minor/4 Progression/Modal/G - ivm im bviim bVIM - Dark.mid,ldrolez/free-midi-chords,MIT,other,OK,"chord / progression, key folder in path"
chords/free-midi-chords/08 - G Major - E minor/4 Progression/Modal/G - vdim vdim ivm bIIIM - Fearful Mysterious.mid,ldrolez/free-midi-chords,MIT,other,OK,"chord / progression, key folder in path"
chords/free-midi-chords/08 - G Major - E minor/4 Progression/Modal/G - vi IV I IIM - Hopeful Peaceful.mid,ldrolez/free-midi-chords,MIT,other,OK,"chord / progression, key folder in path"
chords/free-midi-chords/08 - G Major - E minor/4 Progression/Modal/G - vi bVIM bVIIM I - Hopeful Triumphant.mid,ldrolez/free-midi-chords,MIT,other,OK,"chord / progression, key folder in path"
chords/free-midi-chords/08 - G Major - E minor/4 Progression/Modal/G - vi viim V vi #IVdim V - Nostalgic Dark.mid,ldrolez/free-midi-chords,MIT,other,OK,"chord / progression, key folder in path"
chords/free-midi-chords/08 - G Major - E minor/4 Progression/Modal/hiphop2 style/G - I I7 I9 IV ivm - Romantic Nostalgic.mid,ldrolez/free-midi-chords,MIT,other,OK,"chord / progression, key folder in path"
chords/free-midi-chords/08 - G Major - E minor/4 Progression/Modal/hiphop2 style/G - I I7 Idom7 IV ivm I - Relaxed Nostalgic.mid,ldrolez/free-midi-chords,MIT,other,OK,"chord / progression, key folder in path"
chords/free-midi-chords/08 - G Major - E minor/4 Progression/Modal/hiphop2 style/G - I I7 Idom7 IV ivm I ivm6 Vdom7 - Relaxed Romantic.mid,ldrolez/free-midi-chords,MIT,other,OK,"chord / progression, key folder in path"
chords/free-midi-chords/08 - G Major - E minor/4 Progression/Modal/hiphop2 style/G - I IIIM vi V - Joyful Hopeful.mid,ldrolez/free-midi-chords,MIT,other,OK,"chord / progression, key folder in path"
chords/free-midi-chords/08 - G Major - E minor/4 Progression/Modal/hiphop2 style/G - I IIM IV I - Joyful Triumphant.mid,ldrolez/free-midi-chords,MIT,other,OK,"chord / progression, key folder in path"
chords/free-midi-chords/08 - G Major - E minor/4 Progression/Modal/hiphop2 style/G - I IIM iii V6 - Surprised Triumphant.mid,ldrolez/free-midi-chords,MIT,other,OK,"chord / progression, key folder in path"
chords/free-midi-chords/08 - G Major - E minor/4 Progression/Modal/hiphop2 style/G - I IV V bVIIM - Triumphant Rebellious.mid,ldrolez/free-midi-chords,MIT,other,OK,"chord / progression, key folder in path"
chords/free-midi-chords/08 - G Major - E minor/4 Progression/Modal/hiphop2 style/G - I IV bIIIM bVIM - Nostalgic Mysterious.mid,ldrolez/free-midi-chords,MIT,other,OK,"chord / progression, key folder in path"
chords/free-midi-chords/08 - G Major - E minor/4 Progression/Modal/hiphop2 style/G - I IV bVIIM IV - Joyful Rebellious.mid,ldrolez/free-midi-chords,MIT,other,OK,"chord / progression, key folder in path"
chords/free-midi-chords/08 - G Major - E minor/4 Progression/Modal/hiphop2 style/G - I V bVIIM IV - Triumphant Rebellious.mid,ldrolez/free-midi-chords,MIT,other,OK,"chord / progression, key folder in path"
chords/free-midi-chords/08 - G Major - E minor/4 Progression/Modal/hiphop2 style/G - I V ivm bVIM - Surprised Mysterious.mid,ldrolez/free-midi-chords,MIT,other,OK,"chord / progression, key folder in path"
chords/free-midi-chords/08 - G Major - E minor/4 Progression/Modal/hiphop2 style/G - I bIIIM IV I - Romantic.mid,ldrolez/free-midi-chords,MIT,other,OK,"chord / progression, key folder in path"
chords/free-midi-chords/08 - G Major - E minor/4 Progression/Modal/hiphop2 style/G - I bIIIM bVIIM I - Triumphant Rebellious.mid,ldrolez/free-midi-chords,MIT,other,OK,"chord / progression, key folder in path"
chords/free-midi-chords/08 - G Major - E minor/4 Progression/Modal/hiphop2 style/G - I bIIIM bVIIM IV - Triumphant Mysterious.mid,ldrolez/free-midi-chords,MIT,other,OK,"chord / progression, key folder in path"
chords/free-midi-chords/08 - G Major - E minor/4 Progression/Modal/hiphop2 style/G - I bIIIM bVIM bVIIM - Triumphant Hopeful.mid,ldrolez/free-midi-chords,MIT,other,OK,"chord / progression, key folder in path"
chords/free-midi-chords/08 - G Major - E minor/4 Progression/Modal/hiphop2 style/G - I bIIM I iii - Surprised Mysterious.mid,ldrolez/free-midi-chords,MIT,other,OK,"chord / progression, key folder in path"
chords/free-midi-chords/08 - G Major - E minor/4 Progression/Modal/hiphop2 style/G - I bIIM7 bIIIM6 bIIM7 I im bVIIM bIIM - Surprised Mysterious.mid,ldrolez/free-midi-chords,MIT,other,OK,"chord / progression, key folder in path"
chords/free-midi-chords/08 - G Major - E minor/4 Progression/Modal/hiphop2 style/G - I bVIIM I I bVIM V - Triumphant Hopeful.mid,ldrolez/free-midi-chords,MIT,other,OK,"chord / progression, key folder in path"
chords/free-midi-chords/08 - G Major - E minor/4 Progression/Modal/hiphop2 style/G - I bVIIM IV V - Joyful Triumphant.mid,ldrolez/free-midi-chords,MIT,other,OK,"chord / progression, key folder in path"
chords/free-midi-chords/08 - G Major - E minor/4 Progression/Modal/hiphop2 style/G - I bVIIM bVIM IV IVsus4 IV - Hopeful Nostalgic.mid,ldrolez/free-midi-chords,MIT,other,OK,"chord / progression, key folder in path"
chords/free-midi-chords/08 - G Major - E minor/4 Progression/Modal/hiphop2 style/G - I bVIIM bVIM bIIM - Triumphant Rebellious.mid,ldrolez/free-midi-chords,MIT,other,OK,"chord / progression, key folder in path"
chords/free-midi-chords/08 - G Major - E minor/4 Progression/Modal/hiphop2 style/G - I bVIM I bIIM - Surprised Mysterious.mid,ldrolez/free-midi-chords,MIT,other,OK,"chord / progression, key folder in path"
chords/free-midi-chords/08 - G Major - E minor/4 Progression/Modal/hiphop2 style/G - I bVIM IV bIIIM bVIIM - Mysterious Nostalgic.mid,ldrolez/free-midi-chords,MIT,other,OK,"chord / progression, key folder in path"
chords/free-midi-chords/08 - G Major - E minor/4 Progression/Modal/hiphop2 style/G - I bVIM bVIIM ivm - New Empowered Nostalgic.mid,ldrolez/free-midi-chords,MIT,other,OK,"chord / progression, key folder in path"
chords/free-midi-chords/08 - G Major - E minor/4 Progression/Modal/hiphop2 style/G - I im bVII6 bVIM - New Nostalgic Mysterious.mid,ldrolez/free-midi-chords,MIT,other,OK,"chord / progression, key folder in path"
chords/free-midi-chords/08 - G Major - E minor/4 Progression/Modal/hiphop2 style/G - I ivm bIIIM bVIIM - Mysterious Nostalgic.mid,ldrolez/free-midi-chords,MIT,other,OK,"chord / progression, key folder in path"
chords/free-midi-chords/08 - G Major - E minor/4 Progression/Modal/hiphop2 style/G - I vi bVIM V - New Surprised Mysterious.mid,ldrolez/free-midi-chords,MIT,other,OK,"chord / progression, key folder in path"
chords/free-midi-chords/08 - G Major - E minor/4 Progression/Modal/hiphop2 style/G - I5 iii II5 #IVm IV5 vi V5 viim - Excited Triumphant.mid,ldrolez/free-midi-chords,MIT,other,OK,"chord / progression, key folder in path"
chords/free-midi-chords/08 - G Major - E minor/4 Progression/Modal/hiphop2 style/G - I7 bIdom7 III7 ii7 V7 - Playful Surprised.mid,ldrolez/free-midi-chords,MIT,other,OK,"chord / progression, key folder in path"
chords/free-midi-chords/08 - G Major - E minor/4 Progression/Modal/hiphop2 style/G - IIIM V VIsus4 VIM I IIM - Triumphant Surprised.mid,ldrolez/free-midi-chords,MIT,other,OK,"chord / progression, key folder in path"
chords/free-midi-chords/08 - G Major - E minor/4 Progression/Modal/hiphop2 style/G - IV V ii im bIIIM IV - Hopeful Nostalgic.mid,ldrolez/free-midi-chords,MIT,other,OK,"chord / progression, key folder in path"
chords/free-midi-chords/08 - G Major - E minor/4 Progression/Modal/hiphop2 style/G - VIM bVIM im bVIIM - Surprised Rebellious.mid,ldrolez/free-midi-chords,MIT,other,OK,"chord / progression, key folder in path"
chords/free-midi-chords/08 - G Major - E minor/4 Progression/Modal/hiphop2 style/G - bIIIM V7 I - Cadence.mid,ldrolez/free-midi-chords,MIT,other,OK,"chord / progression, key folder in path"
chords/free-midi-chords/08 - G Major - E minor/4 Progression/Modal/hiphop2 style/G - bIIIM ii bIIM I - Mysterious Surprised.mid,ldrolez/free-midi-chords,MIT,other,OK,"chord / progression, key folder in path"
chords/free-midi-chords/08 - G Major - E minor/4 Progression/Modal/hiphop2 style/G - bIIM bVIM biii bviim - Mysterious Surprised.mid,ldrolez/free-midi-chords,MIT,other,OK,"chord / progression, key folder in path"
chords/free-midi-chords/08 - G Major - E minor/4 Progression/Modal/hiphop2 style/G - bIIM ivm biii im - Mysterious Dark.mid,ldrolez/free-midi-chords,MIT,other,OK,"chord / progression, key folder in path"
chords/free-midi-chords/08 - G Major - E minor/4 Progression/Modal/hiphop2 style/G - bVIIM V7 I - Cadence.mid,ldrolez/free-midi-chords,MIT,other,OK,"chord / progression, key folder in path"
chords/free-midi-chords/08 - G Major - E minor/4 Progression/Modal/hiphop2 style/G - bVIIM bIIM bIIIM im - Mysterious Rebellious.mid,ldrolez/free-midi-chords,MIT,other,OK,"chord / progression, key folder in path"
chords/free-midi-chords/08 - G Major - E minor/4 Progression/Modal/hiphop2 style/G - bVIM bIIIM bVIIM IV I - Triumphant Mysterious.mid,ldrolez/free-midi-chords,MIT,other,OK,"chord / progression, key folder in path"
chords/free-midi-chords/08 - G Major - E minor/4 Progression/Modal/hiphop2 style/G - bVIM bVIIm im bIIM - Mysterious Dark.mid,ldrolez/free-midi-chords,MIT,other,OK,"chord / progression, key folder in path"
chords/free-midi-chords/08 - G Major - E minor/4 Progression/Modal/hiphop2 style/G - bVIM vi im bVIIM - Hopeful Mysterious.mid,ldrolez/free-midi-chords,MIT,other,OK,"chord / progression, key folder in path"
chords/free-midi-chords/08 - G Major - E minor/4 Progression/Modal/hiphop2 style/G - bVIM7 ivmadd9 I - Spiritual Nostalgic.mid,ldrolez/free-midi-chords,MIT,other,OK,"chord / progression, key folder in path"
chords/free-midi-chords/08 - G Major - E minor/4 Progression/Modal/hiphop2 style/G - ii IVM vm bVIIM - Mysterious Nostalgic.mid,ldrolez/free-midi-chords,MIT,other,OK,"chord / progression, key folder in path"
chords/free-midi-chords/08 - G Major - E minor/4 Progression/Modal/hiphop2 style/G - ii bIIM I bVIIM - Mysterious Rebellious.mid,ldrolez/free-midi-chords,MIT,other,OK,"chord / progression, key folder in path"
chords/free-midi-chords/08 - G Major - E minor/4 Progression/Modal/hiphop2 style/G - ii bVIIM7 I - Hopeful Triumphant.mid,ldrolez/free-midi-chords,MIT,other,OK,"chord / progression, key folder in path"
chords/free-midi-chords/08 - G Major - E minor/4 Progression/Modal/hiphop2 style/G - iii im iii im7 - New Anguished Mysterious.mid,ldrolez/free-midi-chords,MIT,other,OK,"chord / progression, key folder in path"
chords/free-midi-chords/08 - G Major - E minor/4 Progression/Modal/hiphop2 style/G - im V bVIIM IV bVIM bIIIM ivm V - Mysterious Rebellious.mid,ldrolez/free-midi-chords,MIT,other,OK,"chord / progression, key folder in path"
chords/free-midi-chords/08 - G Major - E minor/4 Progression/Modal/hiphop2 style/G - im VIM IIIM bIIM - Nostalgic Surprised.mid,ldrolez/free-midi-chords,MIT,other,OK,"chord / progression, key folder in path"
chords/free-midi-chords/08 - G Major - E minor/4 Progression/Modal/hiphop2 style/G - im VIM bi V - Mysterious Triumphant.mid,ldrolez/free-midi-chords,MIT,other,OK,"chord / progression, key folder in path"
chords/free-midi-chords/08 - G Major - E minor/4 Progression/Modal/hiphop2 style/G - im bIIIM IV V - New Mysterious Triumphant.mid,ldrolez/free-midi-chords,MIT,other,OK,"chord / progression, key folder in path"
chords/free-midi-chords/08 - G Major - E minor/4 Progression/Modal/hiphop2 style/G - im bIIIM IV bVIM - Mysterious Hopeful.mid,ldrolez/free-midi-chords,MIT,other,OK,"chord / progression, key folder in path"
chords/free-midi-chords/08 - G Major - E minor/4 Progression/Modal/hiphop2 style/G - im bIIIM bVIIM IV - Romantic Nostalgic.mid,ldrolez/free-midi-chords,MIT,other,OK,"chord / progression, key folder in path"
chords/free-midi-chords/08 - G Major - E minor/4 Progression/Modal/hiphop2 style/G - im bIIIM bVIM V - Mysterious Triumphant.mid,ldrolez/free-midi-chords,MIT,other,OK,"chord / progression, key folder in path"
chords/free-midi-chords/08 - G Major - E minor/4 Progression/Modal/hiphop2 style/G - im bIIIsus2 IV - Mysterious Hopeful.mid,ldrolez/free-midi-chords,MIT,other,OK,"chord / progression, key folder in path"
chords/free-midi-chords/08 - G Major - E minor/4 Progression/Modal/hiphop2 style/G - im bIIM bIIIM bIIM - Mysterious Dark.mid,ldrolez/free-midi-chords,MIT,other,OK,"chord / progression, key folder in path"
chords/free-midi-chords/08 - G Major - E minor/4 Progression/Modal/hiphop2 style/G - im bIIM biim6 ivm - Mysterious Tender.mid,ldrolez/free-midi-chords,MIT,other,OK,"chord / progression, key folder in path"
chords/free-midi-chords/08 - G Major - E minor/4 Progression/Modal/hiphop2 style/G - im bIIM im7 bviim - Mysterious Spiritual.mid,ldrolez/free-midi-chords,MIT,other,OK,"chord / progression, key folder in path"
chords/free-midi-chords/08 - G Major - E minor/4 Progression/Modal/hiphop2 style/G - im bIIM ivm IIIM bIIM ivm IIIM IIIM - Mysterious Nostalgic.mid,ldrolez/free-midi-chords,MIT,other,OK,"chord / progression, key folder in path"
chords/free-midi-chords/08 - G Major - E minor/4 Progression/Modal/hiphop2 style/G - im bIIM vm im7 - Mysterious Dark.mid,ldrolez/free-midi-chords,MIT,other,OK,"chord / progression, key folder in path"
chords/free-midi-chords/08 - G Major - E minor/4 Progression/Modal/hiphop2 style/G - im bVIIM IV im - Cadence.mid,ldrolez/free-midi-chords,MIT,other,OK,"chord / progression, key folder in path"
chords/free-midi-chords/08 - G Major - E minor/4 Progression/Modal/hiphop2 style/G - im bVIIM IV im - New Nostalgic Mysterious.mid,ldrolez/free-midi-chords,MIT,other,OK,"chord / progression, key folder in path"
chords/free-midi-chords/08 - G Major - E minor/4 Progression/Modal/hiphop2 style/G - im bVIIM bIIM vm - Mysterious Rebellious.mid,ldrolez/free-midi-chords,MIT,other,OK,"chord / progression, key folder in path"
chords/free-midi-chords/08 - G Major - E minor/4 Progression/Modal/hiphop2 style/G - im bVIM im IV - New Nostalgic Hopeful.mid,ldrolez/free-midi-chords,MIT,other,OK,"chord / progression, key folder in path"
chords/free-midi-chords/08 - G Major - E minor/4 Progression/Modal/hiphop2 style/G - im bVIM ivm V - Triumphant.mid,ldrolez/free-midi-chords,MIT,other,OK,"chord / progression, key folder in path"
chords/free-midi-chords/08 - G Major - E minor/4 Progression/Modal/hiphop2 style/G - im bviim bVIM bIIM - Mysterious Hopeful.mid,ldrolez/free-midi-chords,MIT,other,OK,"chord / progression, key folder in path"
chords/free-midi-chords/08 - G Major - E minor/4 Progression/Modal/hiphop2 style/G - im ii vm IV - Nostalgic Hopeful.mid,ldrolez/free-midi-chords,MIT,other,OK,"chord / progression, key folder in path"
chords/free-midi-chords/08 - G Major - E minor/4 Progression/Modal/hiphop2 style/G - im ivm9 bIIM im - Mysterious Nostalgic.mid,ldrolez/free-midi-chords,MIT,other,OK,"chord / progression, key folder in path"
chords/free-midi-chords/08 - G Major - E minor/4 Progression/Modal/hiphop2 style/G - im ivm9 bIIM im vm ivm7 bIIM im7 - Mysterious Tender.mid,ldrolez/free-midi-chords,MIT,other,OK,"chord / progression, key folder in path"
chords/free-midi-chords/08 - G Major - E minor/4 Progression/Modal/hiphop2 style/G - im viim im bii - New Mysterious Fearful.mid,ldrolez/free-midi-chords,MIT,other,OK,"chord / progression, key folder in path"
chords/free-midi-chords/08 - G Major - E minor/4 Progression/Modal/hiphop2 style/G - im vm bVIIM IV - New Hopeful Nostalgic.mid,ldrolez/free-midi-chords,MIT,other,OK,"chord / progression, key folder in path"
chords/free-midi-chords/08 - G Major - E minor/4 Progression/Modal/hiphop2 style/G - im vm bVIM bIIM - Mysterious Hopeful.mid,ldrolez/free-midi-chords,MIT,other,OK,"chord / progression, key folder in path"
chords/free-midi-chords/08 - G Major - E minor/4 Progression/Modal/hiphop2 style/G - im vm isus4 I - Hopeful Spiritual.mid,ldrolez/free-midi-chords,MIT,other,OK,"chord / progression, key folder in path"
chords/free-midi-chords/08 - G Major - E minor/4 Progression/Modal/hiphop2 style/G - im vm ivm bIIM7 - Mysterious Dark.mid,ldrolez/free-midi-chords,MIT,other,OK,"chord / progression, key folder in path"
chords/free-midi-chords/08 - G Major - E minor/4 Progression/Modal/hiphop2 style/G - ivm IIIM bIIM I - Cadence.mid,ldrolez/free-midi-chords,MIT,other,OK,"chord / progression, key folder in path"
chords/free-midi-chords/08 - G Major - E minor/4 Progression/Modal/hiphop2 style/G - ivm bIIIM bIIM I - Cadence.mid,ldrolez/free-midi-chords,MIT,other,OK,"chord / progression, key folder in path"
chords/free-midi-chords/08 - G Major - E minor/4 Progression/Modal/hiphop2 style/G - ivm bIIIM bVIM I - Cadence.mid,ldrolez/free-midi-chords,MIT,other,OK,"chord / progression, key folder in path"
chords/free-midi-chords/08 - G Major - E minor/4 Progression/Modal/hiphop2 style/G - ivm bIIIM iim7 V - Mysterious Tender.mid,ldrolez/free-midi-chords,MIT,other,OK,"chord / progression, key folder in path"
chords/free-midi-chords/08 - G Major - E minor/4 Progression/Modal/hiphop2 style/G - ivm im bviim bVIM - Dark.mid,ldrolez/free-midi-chords,MIT,other,OK,"chord / progression, key folder in path"
chords/free-midi-chords/08 - G Major - E minor/4 Progression/Modal/hiphop2 style/G - vdim vdim ivm bIIIM - Fearful Mysterious.mid,ldrolez/free-midi-chords,MIT,other,OK,"chord / progression, key folder in path"
chords/free-midi-chords/08 - G Major - E minor/4 Progression/Modal/hiphop2 style/G - vi IV I IIM - Hopeful Peaceful.mid,ldrolez/free-midi-chords,MIT,other,OK,"chord / progression, key folder in path"
chords/free-midi-chords/08 - G Major - E minor/4 Progression/Modal/hiphop2 style/G - vi bVIM bVIIM I - Hopeful Triumphant.mid,ldrolez/free-midi-chords,MIT,other,OK,"chord / progression, key folder in path"
chords/free-midi-chords/08 - G Major - E minor/4 Progression/Modal/hiphop2 style/G - vi viim V vi #IVdim V - Nostalgic Dark.mid,ldrolez/free-midi-chords,MIT,other,OK,"chord / progression, key folder in path"
chords/free-midi-chords/08 - G Major - E minor/4 Progression/Modal/pop style/G - I I7 I9 IV ivm - Romantic Nostalgic.mid,ldrolez/free-midi-chords,MIT,other,OK,"chord / progression, key folder in path"
chords/free-midi-chords/08 - G Major - E minor/4 Progression/Modal/pop style/G - I I7 Idom7 IV ivm I - Relaxed Nostalgic.mid,ldrolez/free-midi-chords,MIT,other,OK,"chord / progression, key folder in path"
chords/free-midi-chords/08 - G Major - E minor/4 Progression/Modal/pop style/G - I I7 Idom7 IV ivm I ivm6 Vdom7 - Relaxed Romantic.mid,ldrolez/free-midi-chords,MIT,other,OK,"chord / progression, key folder in path"
chords/free-midi-chords/08 - G Major - E minor/4 Progression/Modal/pop style/G - I IIIM vi V - Joyful Hopeful.mid,ldrolez/free-midi-chords,MIT,other,OK,"chord / progression, key folder in path"
chords/free-midi-chords/08 - G Major - E minor/4 Progression/Modal/pop style/G - I IIM IV I - Joyful Triumphant.mid,ldrolez/free-midi-chords,MIT,other,OK,"chord / progression, key folder in path"
chords/free-midi-chords/08 - G Major - E minor/4 Progression/Modal/pop style/G - I IIM iii V6 - Surprised Triumphant.mid,ldrolez/free-midi-chords,MIT,other,OK,"chord / progression, key folder in path"
chords/free-midi-chords/08 - G Major - E minor/4 Progression/Modal/pop style/G - I IV V bVIIM - Triumphant Rebellious.mid,ldrolez/free-midi-chords,MIT,other,OK,"chord / progression, key folder in path"
chords/free-midi-chords/08 - G Major - E minor/4 Progression/Modal/pop style/G - I IV bIIIM bVIM - Nostalgic Mysterious.mid,ldrolez/free-midi-chords,MIT,other,OK,"chord / progression, key folder in path"
chords/free-midi-chords/08 - G Major - E minor/4 Progression/Modal/pop style/G - I IV bVIIM IV - Joyful Rebellious.mid,ldrolez/free-midi-chords,MIT,other,OK,"chord / progression, key folder in path"
chords/free-midi-chords/08 - G Major - E minor/4 Progression/Modal/pop style/G - I V bVIIM IV - Triumphant Rebellious.mid,ldrolez/free-midi-chords,MIT,other,OK,"chord / progression, key folder in path"
chords/free-midi-chords/08 - G Major - E minor/4 Progression/Modal/pop style/G - I V ivm bVIM - Surprised Mysterious.mid,ldrolez/free-midi-chords,MIT,other,OK,"chord / progression, key folder in path"
chords/free-midi-chords/08 - G Major - E minor/4 Progression/Modal/pop style/G - I bIIIM IV I - Romantic.mid,ldrolez/free-midi-chords,MIT,other,OK,"chord / progression, key folder in path"
chords/free-midi-chords/08 - G Major - E minor/4 Progression/Modal/pop style/G - I bIIIM bVIIM I - Triumphant Rebellious.mid,ldrolez/free-midi-chords,MIT,other,OK,"chord / progression, key folder in path"
chords/free-midi-chords/08 - G Major - E minor/4 Progression/Modal/pop style/G - I bIIIM bVIIM IV - Triumphant Mysterious.mid,ldrolez/free-midi-chords,MIT,other,OK,"chord / progression, key folder in path"
chords/free-midi-chords/08 - G Major - E minor/4 Progression/Modal/pop style/G - I bIIIM bVIM bVIIM - Triumphant Hopeful.mid,ldrolez/free-midi-chords,MIT,other,OK,"chord / progression, key folder in path"
chords/free-midi-chords/08 - G Major - E minor/4 Progression/Modal/pop style/G - I bIIM I iii - Surprised Mysterious.mid,ldrolez/free-midi-chords,MIT,other,OK,"chord / progression, key folder in path"
chords/free-midi-chords/08 - G Major - E minor/4 Progression/Modal/pop style/G - I bIIM7 bIIIM6 bIIM7 I im bVIIM bIIM - Surprised Mysterious.mid,ldrolez/free-midi-chords,MIT,other,OK,"chord / progression, key folder in path"
chords/free-midi-chords/08 - G Major - E minor/4 Progression/Modal/pop style/G - I bVIIM I I bVIM V - Triumphant Hopeful.mid,ldrolez/free-midi-chords,MIT,other,OK,"chord / progression, key folder in path"
chords/free-midi-chords/08 - G Major - E minor/4 Progression/Modal/pop style/G - I bVIIM IV V - Joyful Triumphant.mid,ldrolez/free-midi-chords,MIT,other,OK,"chord / progression, key folder in path"
chords/free-midi-chords/08 - G Major - E minor/4 Progression/Modal/pop style/G - I bVIIM bVIM IV IVsus4 IV - Hopeful Nostalgic.mid,ldrolez/free-midi-chords,MIT,other,OK,"chord / progression, key folder in path"
chords/free-midi-chords/08 - G Major - E minor/4 Progression/Modal/pop style/G - I bVIIM bVIM bIIM - Triumphant Rebellious.mid,ldrolez/free-midi-chords,MIT,other,OK,"chord / progression, key folder in path"
chords/free-midi-chords/08 - G Major - E minor/4 Progression/Modal/pop style/G - I bVIM I bIIM - Surprised Mysterious.mid,ldrolez/free-midi-chords,MIT,other,OK,"chord / progression, key folder in path"
chords/free-midi-chords/08 - G Major - E minor/4 Progression/Modal/pop style/G - I bVIM IV bIIIM bVIIM - Mysterious Nostalgic.mid,ldrolez/free-midi-chords,MIT,other,OK,"chord / progression, key folder in path"
chords/free-midi-chords/08 - G Major - E minor/4 Progression/Modal/pop style/G - I bVIM bVIIM ivm - New Empowered Nostalgic.mid,ldrolez/free-midi-chords,MIT,other,OK,"chord / progression, key folder in path"
chords/free-midi-chords/08 - G Major - E minor/4 Progression/Modal/pop style/G - I im bVII6 bVIM - New Nostalgic Mysterious.mid,ldrolez/free-midi-chords,MIT,other,OK,"chord / progression, key folder in path"
chords/free-midi-chords/08 - G Major - E minor/4 Progression/Modal/pop style/G - I ivm bIIIM bVIIM - Mysterious Nostalgic.mid,ldrolez/free-midi-chords,MIT,other,OK,"chord / progression, key folder in path"
chords/free-midi-chords/08 - G Major - E minor/4 Progression/Modal/pop style/G - I vi bVIM V - New Surprised Mysterious.mid,ldrolez/free-midi-chords,MIT,other,OK,"chord / progression, key folder in path"
chords/free-midi-chords/08 - G Major - E minor/4 Progression/Modal/pop style/G - I5 iii II5 #IVm IV5 vi V5 viim - Excited Triumphant.mid,ldrolez/free-midi-chords,MIT,other,OK,"chord / progression, key folder in path"
chords/free-midi-chords/08 - G Major - E minor/4 Progression/Modal/pop style/G - I7 bIdom7 III7 ii7 V7 - Playful Surprised.mid,ldrolez/free-midi-chords,MIT,other,OK,"chord / progression, key folder in path"
chords/free-midi-chords/08 - G Major - E minor/4 Progression/Modal/pop style/G - IIIM V VIsus4 VIM I IIM - Triumphant Surprised.mid,ldrolez/free-midi-chords,MIT,other,OK,"chord / progression, key folder in path"
chords/free-midi-chords/08 - G Major - E minor/4 Progression/Modal/pop style/G - IV V ii im bIIIM IV - Hopeful Nostalgic.mid,ldrolez/free-midi-chords,MIT,other,OK,"chord / progression, key folder in path"
chords/free-midi-chords/08 - G Major - E minor/4 Progression/Modal/pop style/G - VIM bVIM im bVIIM - Surprised Rebellious.mid,ldrolez/free-midi-chords,MIT,other,OK,"chord / progression, key folder in path"
chords/free-midi-chords/08 - G Major - E minor/4 Progression/Modal/pop style/G - bIIIM V7 I - Cadence.mid,ldrolez/free-midi-chords,MIT,other,OK,"chord / progression, key folder in path"
chords/free-midi-chords/08 - G Major - E minor/4 Progression/Modal/pop style/G - bIIIM ii bIIM I - Mysterious Surprised.mid,ldrolez/free-midi-chords,MIT,other,OK,"chord / progression, key folder in path"
chords/free-midi-chords/08 - G Major - E minor/4 Progression/Modal/pop style/G - bIIM bVIM biii bviim - Mysterious Surprised.mid,ldrolez/free-midi-chords,MIT,other,OK,"chord / progression, key folder in path"
chords/free-midi-chords/08 - G Major - E minor/4 Progression/Modal/pop style/G - bIIM ivm biii im - Mysterious Dark.mid,ldrolez/free-midi-chords,MIT,other,OK,"chord / progression, key folder in path"
chords/free-midi-chords/08 - G Major - E minor/4 Progression/Modal/pop style/G - bVIIM V7 I - Cadence.mid,ldrolez/free-midi-chords,MIT,other,OK,"chord / progression, key folder in path"
chords/free-midi-chords/08 - G Major - E minor/4 Progression/Modal/pop style/G - bVIIM bIIM bIIIM im - Mysterious Rebellious.mid,ldrolez/free-midi-chords,MIT,other,OK,"chord / progression, key folder in path"
chords/free-midi-chords/08 - G Major - E minor/4 Progression/Modal/pop style/G - bVIM bIIIM bVIIM IV I - Triumphant Mysterious.mid,ldrolez/free-midi-chords,MIT,other,OK,"chord / progression, key folder in path"
chords/free-midi-chords/08 - G Major - E minor/4 Progression/Modal/pop style/G - bVIM bVIIm im bIIM - Mysterious Dark.mid,ldrolez/free-midi-chords,MIT,other,OK,"chord / progression, key folder in path"
chords/free-midi-chords/08 - G Major - E minor/4 Progression/Modal/pop style/G - bVIM vi im bVIIM - Hopeful Mysterious.mid,ldrolez/free-midi-chords,MIT,other,OK,"chord / progression, key folder in path"
chords/free-midi-chords/08 - G Major - E minor/4 Progression/Modal/pop style/G - bVIM7 ivmadd9 I - Spiritual Nostalgic.mid,ldrolez/free-midi-chords,MIT,other,OK,"chord / progression, key folder in path"
chords/free-midi-chords/08 - G Major - E minor/4 Progression/Modal/pop style/G - ii IVM vm bVIIM - Mysterious Nostalgic.mid,ldrolez/free-midi-chords,MIT,other,OK,"chord / progression, key folder in path"
chords/free-midi-chords/08 - G Major - E minor/4 Progression/Modal/pop style/G - ii bIIM I bVIIM - Mysterious Rebellious.mid,ldrolez/free-midi-chords,MIT,other,OK,"chord / progression, key folder in path"
chords/free-midi-chords/08 - G Major - E minor/4 Progression/Modal/pop style/G - ii bVIIM7 I - Hopeful Triumphant.mid,ldrolez/free-midi-chords,MIT,other,OK,"chord / progression, key folder in path"
chords/free-midi-chords/08 - G Major - E minor/4 Progression/Modal/pop style/G - iii im iii im7 - New Anguished Mysterious.mid,ldrolez/free-midi-chords,MIT,other,OK,"chord / progression, key folder in path"
chords/free-midi-chords/08 - G Major - E minor/4 Progression/Modal/pop style/G - im V bVIIM IV bVIM bIIIM ivm V - Mysterious Rebellious.mid,ldrolez/free-midi-chords,MIT,other,OK,"chord / progression, key folder in path"
chords/free-midi-chords/08 - G Major - E minor/4 Progression/Modal/pop style/G - im VIM IIIM bIIM - Nostalgic Surprised.mid,ldrolez/free-midi-chords,MIT,other,OK,"chord / progression, key folder in path"
chords/free-midi-chords/08 - G Major - E minor/4 Progression/Modal/pop style/G - im VIM bi V - Mysterious Triumphant.mid,ldrolez/free-midi-chords,MIT,other,OK,"chord / progression, key folder in path"
chords/free-midi-chords/08 - G Major - E minor/4 Progression/Modal/pop style/G - im bIIIM IV V - New Mysterious Triumphant.mid,ldrolez/free-midi-chords,MIT,other,OK,"chord / progression, key folder in path"
chords/free-midi-chords/08 - G Major - E minor/4 Progression/Modal/pop style/G - im bIIIM IV bVIM - Mysterious Hopeful.mid,ldrolez/free-midi-chords,MIT,other,OK,"chord / progression, key folder in path"
chords/free-midi-chords/08 - G Major - E minor/4 Progression/Modal/pop style/G - im bIIIM bVIIM IV - Romantic Nostalgic.mid,ldrolez/free-midi-chords,MIT,other,OK,"chord / progression, key folder in path"
chords/free-midi-chords/08 - G Major - E minor/4 Progression/Modal/pop style/G - im bIIIM bVIM V - Mysterious Triumphant.mid,ldrolez/free-midi-chords,MIT,other,OK,"chord / progression, key folder in path"
chords/free-midi-chords/08 - G Major - E minor/4 Progression/Modal/pop style/G - im bIIIsus2 IV - Mysterious Hopeful.mid,ldrolez/free-midi-chords,MIT,other,OK,"chord / progression, key folder in path"
chords/free-midi-chords/08 - G Major - E minor/4 Progression/Modal/pop style/G - im bIIM bIIIM bIIM - Mysterious Dark.mid,ldrolez/free-midi-chords,MIT,other,OK,"chord / progression, key folder in path"
chords/free-midi-chords/08 - G Major - E minor/4 Progression/Modal/pop style/G - im bIIM biim6 ivm - Mysterious Tender.mid,ldrolez/free-midi-chords,MIT,other,OK,"chord / progression, key folder in path"
chords/free-midi-chords/08 - G Major - E minor/4 Progression/Modal/pop style/G - im bIIM im7 bviim - Mysterious Spiritual.mid,ldrolez/free-midi-chords,MIT,other,OK,"chord / progression, key folder in path"
chords/free-midi-chords/08 - G Major - E minor/4 Progression/Modal/pop style/G - im bIIM ivm IIIM bIIM ivm IIIM IIIM - Mysterious Nostalgic.mid,ldrolez/free-midi-chords,MIT,other,OK,"chord / progression, key folder in path"
chords/free-midi-chords/08 - G Major - E minor/4 Progression/Modal/pop style/G - im bIIM vm im7 - Mysterious Dark.mid,ldrolez/free-midi-chords,MIT,other,OK,"chord / progression, key folder in path"
chords/free-midi-chords/08 - G Major - E minor/4 Progression/Modal/pop style/G - im bVIIM IV im - Cadence.mid,ldrolez/free-midi-chords,MIT,other,OK,"chord / progression, key folder in path"
chords/free-midi-chords/08 - G Major - E minor/4 Progression/Modal/pop style/G - im bVIIM IV im - New Nostalgic Mysterious.mid,ldrolez/free-midi-chords,MIT,other,OK,"chord / progression, key folder in path"
chords/free-midi-chords/08 - G Major - E minor/4 Progression/Modal/pop style/G - im bVIIM bIIM vm - Mysterious Rebellious.mid,ldrolez/free-midi-chords,MIT,other,OK,"chord / progression, key folder in path"
chords/free-midi-chords/08 - G Major - E minor/4 Progression/Modal/pop style/G - im bVIM im IV - New Nostalgic Hopeful.mid,ldrolez/free-midi-chords,MIT,other,OK,"chord / progression, key folder in path"
chords/free-midi-chords/08 - G Major - E minor/4 Progression/Modal/pop style/G - im bVIM ivm V - Triumphant.mid,ldrolez/free-midi-chords,MIT,other,OK,"chord / progression, key folder in path"
chords/free-midi-chords/08 - G Major - E minor/4 Progression/Modal/pop style/G - im bviim bVIM bIIM - Mysterious Hopeful.mid,ldrolez/free-midi-chords,MIT,other,OK,"chord / progression, key folder in path"
chords/free-midi-chords/08 - G Major - E minor/4 Progression/Modal/pop style/G - im ii vm IV - Nostalgic Hopeful.mid,ldrolez/free-midi-chords,MIT,other,OK,"chord / progression, key folder in path"
chords/free-midi-chords/08 - G Major - E minor/4 Progression/Modal/pop style/G - im ivm9 bIIM im - Mysterious Nostalgic.mid,ldrolez/free-midi-chords,MIT,other,OK,"chord / progression, key folder in path"
chords/free-midi-chords/08 - G Major - E minor/4 Progression/Modal/pop style/G - im ivm9 bIIM im vm ivm7 bIIM im7 - Mysterious Tender.mid,ldrolez/free-midi-chords,MIT,other,OK,"chord / progression, key folder in path"
chords/free-midi-chords/08 - G Major - E minor/4 Progression/Modal/pop style/G - im viim im bii - New Mysterious Fearful.mid,ldrolez/free-midi-chords,MIT,other,OK,"chord / progression, key folder in path"
chords/free-midi-chords/08 - G Major - E minor/4 Progression/Modal/pop style/G - im vm bVIIM IV - New Hopeful Nostalgic.mid,ldrolez/free-midi-chords,MIT,other,OK,"chord / progression, key folder in path"
chords/free-midi-chords/08 - G Major - E minor/4 Progression/Modal/pop style/G - im vm bVIM bIIM - Mysterious Hopeful.mid,ldrolez/free-midi-chords,MIT,other,OK,"chord / progression, key folder in path"
chords/free-midi-chords/08 - G Major - E minor/4 Progression/Modal/pop style/G - im vm isus4 I - Hopeful Spiritual.mid,ldrolez/free-midi-chords,MIT,other,OK,"chord / progression, key folder in path"
chords/free-midi-chords/08 - G Major - E minor/4 Progression/Modal/pop style/G - im vm ivm bIIM7 - Mysterious Dark.mid,ldrolez/free-midi-chords,MIT,other,OK,"chord / progression, key folder in path"
chords/free-midi-chords/08 - G Major - E minor/4 Progression/Modal/pop style/G - ivm IIIM bIIM I - Cadence.mid,ldrolez/free-midi-chords,MIT,other,OK,"chord / progression, key folder in path"
chords/free-midi-chords/08 - G Major - E minor/4 Progression/Modal/pop style/G - ivm bIIIM bIIM I - Cadence.mid,ldrolez/free-midi-chords,MIT,other,OK,"chord / progression, key folder in path"
chords/free-midi-chords/08 - G Major - E minor/4 Progression/Modal/pop style/G - ivm bIIIM bVIM I - Cadence.mid,ldrolez/free-midi-chords,MIT,other,OK,"chord / progression, key folder in path"
chords/free-midi-chords/08 - G Major - E minor/4 Progression/Modal/pop style/G - ivm bIIIM iim7 V - Mysterious Tender.mid,ldrolez/free-midi-chords,MIT,other,OK,"chord / progression, key folder in path"
chords/free-midi-chords/08 - G Major - E minor/4 Progression/Modal/pop style/G - ivm im bviim bVIM - Dark.mid,ldrolez/free-midi-chords,MIT,other,OK,"chord / progression, key folder in path"
chords/free-midi-chords/08 - G Major - E minor/4 Progression/Modal/pop style/G - vdim vdim ivm bIIIM - Fearful Mysterious.mid,ldrolez/free-midi-chords,MIT,other,OK,"chord / progression, key folder in path"
chords/free-midi-chords/08 - G Major - E minor/4 Progression/Modal/pop style/G - vi IV I IIM - Hopeful Peaceful.mid,ldrolez/free-midi-chords,MIT,other,OK,"chord / progression, key folder in path"
chords/free-midi-chords/08 - G Major - E minor/4 Progression/Modal/pop style/G - vi bVIM bVIIM I - Hopeful Triumphant.mid,ldrolez/free-midi-chords,MIT,other,OK,"chord / progression, key folder in path"
chords/free-midi-chords/08 - G Major - E minor/4 Progression/Modal/pop style/G - vi viim V vi #IVdim V - Nostalgic Dark.mid,ldrolez/free-midi-chords,MIT,other,OK,"chord / progression, key folder in path"
chords/free-midi-chords/08 - G Major - E minor/4 Progression/Modal/pop2 style/G - I I7 I9 IV ivm - Romantic Nostalgic.mid,ldrolez/free-midi-chords,MIT,other,OK,"chord / progression, key folder in path"
chords/free-midi-chords/08 - G Major - E minor/4 Progression/Modal/pop2 style/G - I I7 Idom7 IV ivm I - Relaxed Nostalgic.mid,ldrolez/free-midi-chords,MIT,other,OK,"chord / progression, key folder in path"
chords/free-midi-chords/08 - G Major - E minor/4 Progression/Modal/pop2 style/G - I I7 Idom7 IV ivm I ivm6 Vdom7 - Relaxed Romantic.mid,ldrolez/free-midi-chords,MIT,other,OK,"chord / progression, key folder in path"
chords/free-midi-chords/08 - G Major - E minor/4 Progression/Modal/pop2 style/G - I IIIM vi V - Joyful Hopeful.mid,ldrolez/free-midi-chords,MIT,other,OK,"chord / progression, key folder in path"
chords/free-midi-chords/08 - G Major - E minor/4 Progression/Modal/pop2 style/G - I IIM IV I - Joyful Triumphant.mid,ldrolez/free-midi-chords,MIT,other,OK,"chord / progression, key folder in path"
chords/free-midi-chords/08 - G Major - E minor/4 Progression/Modal/pop2 style/G - I IIM iii V6 - Surprised Triumphant.mid,ldrolez/free-midi-chords,MIT,other,OK,"chord / progression, key folder in path"
chords/free-midi-chords/08 - G Major - E minor/4 Progression/Modal/pop2 style/G - I IV V bVIIM - Triumphant Rebellious.mid,ldrolez/free-midi-chords,MIT,other,OK,"chord / progression, key folder in path"
chords/free-midi-chords/08 - G Major - E minor/4 Progression/Modal/pop2 style/G - I IV bIIIM bVIM - Nostalgic Mysterious.mid,ldrolez/free-midi-chords,MIT,other,OK,"chord / progression, key folder in path"
chords/free-midi-chords/08 - G Major - E minor/4 Progression/Modal/pop2 style/G - I IV bVIIM IV - Joyful Rebellious.mid,ldrolez/free-midi-chords,MIT,other,OK,"chord / progression, key folder in path"
chords/free-midi-chords/08 - G Major - E minor/4 Progression/Modal/pop2 style/G - I V bVIIM IV - Triumphant Rebellious.mid,ldrolez/free-midi-chords,MIT,other,OK,"chord / progression, key folder in path"
chords/free-midi-chords/08 - G Major - E minor/4 Progression/Modal/pop2 style/G - I V ivm bVIM - Surprised Mysterious.mid,ldrolez/free-midi-chords,MIT,other,OK,"chord / progression, key folder in path"
chords/free-midi-chords/08 - G Major - E minor/4 Progression/Modal/pop2 style/G - I bIIIM IV I - Romantic.mid,ldrolez/free-midi-chords,MIT,other,OK,"chord / progression, key folder in path"
chords/free-midi-chords/08 - G Major - E minor/4 Progression/Modal/pop2 style/G - I bIIIM bVIIM I - Triumphant Rebellious.mid,ldrolez/free-midi-chords,MIT,other,OK,"chord / progression, key folder in path"
chords/free-midi-chords/08 - G Major - E minor/4 Progression/Modal/pop2 style/G - I bIIIM bVIIM IV - Triumphant Mysterious.mid,ldrolez/free-midi-chords,MIT,other,OK,"chord / progression, key folder in path"
chords/free-midi-chords/08 - G Major - E minor/4 Progression/Modal/pop2 style/G - I bIIIM bVIM bVIIM - Triumphant Hopeful.mid,ldrolez/free-midi-chords,MIT,other,OK,"chord / progression, key folder in path"
chords/free-midi-chords/08 - G Major - E minor/4 Progression/Modal/pop2 style/G - I bIIM I iii - Surprised Mysterious.mid,ldrolez/free-midi-chords,MIT,other,OK,"chord / progression, key folder in path"
chords/free-midi-chords/08 - G Major - E minor/4 Progression/Modal/pop2 style/G - I bIIM7 bIIIM6 bIIM7 I im bVIIM bIIM - Surprised Mysterious.mid,ldrolez/free-midi-chords,MIT,other,OK,"chord / progression, key folder in path"
chords/free-midi-chords/08 - G Major - E minor/4 Progression/Modal/pop2 style/G - I bVIIM I I bVIM V - Triumphant Hopeful.mid,ldrolez/free-midi-chords,MIT,other,OK,"chord / progression, key folder in path"
chords/free-midi-chords/08 - G Major - E minor/4 Progression/Modal/pop2 style/G - I bVIIM IV V - Joyful Triumphant.mid,ldrolez/free-midi-chords,MIT,other,OK,"chord / progression, key folder in path"
chords/free-midi-chords/08 - G Major - E minor/4 Progression/Modal/pop2 style/G - I bVIIM bVIM IV IVsus4 IV - Hopeful Nostalgic.mid,ldrolez/free-midi-chords,MIT,other,OK,"chord / progression, key folder in path"
chords/free-midi-chords/08 - G Major - E minor/4 Progression/Modal/pop2 style/G - I bVIIM bVIM bIIM - Triumphant Rebellious.mid,ldrolez/free-midi-chords,MIT,other,OK,"chord / progression, key folder in path"
chords/free-midi-chords/08 - G Major - E minor/4 Progression/Modal/pop2 style/G - I bVIM I bIIM - Surprised Mysterious.mid,ldrolez/free-midi-chords,MIT,other,OK,"chord / progression, key folder in path"
chords/free-midi-chords/08 - G Major - E minor/4 Progression/Modal/pop2 style/G - I bVIM IV bIIIM bVIIM - Mysterious Nostalgic.mid,ldrolez/free-midi-chords,MIT,other,OK,"chord / progression, key folder in path"
chords/free-midi-chords/08 - G Major - E minor/4 Progression/Modal/pop2 style/G - I bVIM bVIIM ivm - New Empowered Nostalgic.mid,ldrolez/free-midi-chords,MIT,other,OK,"chord / progression, key folder in path"
chords/free-midi-chords/08 - G Major - E minor/4 Progression/Modal/pop2 style/G - I im bVII6 bVIM - New Nostalgic Mysterious.mid,ldrolez/free-midi-chords,MIT,other,OK,"chord / progression, key folder in path"
chords/free-midi-chords/08 - G Major - E minor/4 Progression/Modal/pop2 style/G - I ivm bIIIM bVIIM - Mysterious Nostalgic.mid,ldrolez/free-midi-chords,MIT,other,OK,"chord / progression, key folder in path"
chords/free-midi-chords/08 - G Major - E minor/4 Progression/Modal/pop2 style/G - I vi bVIM V - New Surprised Mysterious.mid,ldrolez/free-midi-chords,MIT,other,OK,"chord / progression, key folder in path"
chords/free-midi-chords/08 - G Major - E minor/4 Progression/Modal/pop2 style/G - I5 iii II5 #IVm IV5 vi V5 viim - Excited Triumphant.mid,ldrolez/free-midi-chords,MIT,other,OK,"chord / progression, key folder in path"
chords/free-midi-chords/08 - G Major - E minor/4 Progression/Modal/pop2 style/G - I7 bIdom7 III7 ii7 V7 - Playful Surprised.mid,ldrolez/free-midi-chords,MIT,other,OK,"chord / progression, key folder in path"
chords/free-midi-chords/08 - G Major - E minor/4 Progression/Modal/pop2 style/G - IIIM V VIsus4 VIM I IIM - Triumphant Surprised.mid,ldrolez/free-midi-chords,MIT,other,OK,"chord / progression, key folder in path"
chords/free-midi-chords/08 - G Major - E minor/4 Progression/Modal/pop2 style/G - IV V ii im bIIIM IV - Hopeful Nostalgic.mid,ldrolez/free-midi-chords,MIT,other,OK,"chord / progression, key folder in path"
chords/free-midi-chords/08 - G Major - E minor/4 Progression/Modal/pop2 style/G - VIM bVIM im bVIIM - Surprised Rebellious.mid,ldrolez/free-midi-chords,MIT,other,OK,"chord / progression, key folder in path"
chords/free-midi-chords/08 - G Major - E minor/4 Progression/Modal/pop2 style/G - bIIIM V7 I - Cadence.mid,ldrolez/free-midi-chords,MIT,other,OK,"chord / progression, key folder in path"
chords/free-midi-chords/08 - G Major - E minor/4 Progression/Modal/pop2 style/G - bIIIM ii bIIM I - Mysterious Surprised.mid,ldrolez/free-midi-chords,MIT,other,OK,"chord / progression, key folder in path"
chords/free-midi-chords/08 - G Major - E minor/4 Progression/Modal/pop2 style/G - bIIM bVIM biii bviim - Mysterious Surprised.mid,ldrolez/free-midi-chords,MIT,other,OK,"chord / progression, key folder in path"
chords/free-midi-chords/08 - G Major - E minor/4 Progression/Modal/pop2 style/G - bIIM ivm biii im - Mysterious Dark.mid,ldrolez/free-midi-chords,MIT,other,OK,"chord / progression, key folder in path"
chords/free-midi-chords/08 - G Major - E minor/4 Progression/Modal/pop2 style/G - bVIIM V7 I - Cadence.mid,ldrolez/free-midi-chords,MIT,other,OK,"chord / progression, key folder in path"
chords/free-midi-chords/08 - G Major - E minor/4 Progression/Modal/pop2 style/G - bVIIM bIIM bIIIM im - Mysterious Rebellious.mid,ldrolez/free-midi-chords,MIT,other,OK,"chord / progression, key folder in path"
chords/free-midi-chords/08 - G Major - E minor/4 Progression/Modal/pop2 style/G - bVIM bIIIM bVIIM IV I - Triumphant Mysterious.mid,ldrolez/free-midi-chords,MIT,other,OK,"chord / progression, key folder in path"
chords/free-midi-chords/08 - G Major - E minor/4 Progression/Modal/pop2 style/G - bVIM bVIIm im bIIM - Mysterious Dark.mid,ldrolez/free-midi-chords,MIT,other,OK,"chord / progression, key folder in path"
chords/free-midi-chords/08 - G Major - E minor/4 Progression/Modal/pop2 style/G - bVIM vi im bVIIM - Hopeful Mysterious.mid,ldrolez/free-midi-chords,MIT,other,OK,"chord / progression, key folder in path"
chords/free-midi-chords/08 - G Major - E minor/4 Progression/Modal/pop2 style/G - bVIM7 ivmadd9 I - Spiritual Nostalgic.mid,ldrolez/free-midi-chords,MIT,other,OK,"chord / progression, key folder in path"
chords/free-midi-chords/08 - G Major - E minor/4 Progression/Modal/pop2 style/G - ii IVM vm bVIIM - Mysterious Nostalgic.mid,ldrolez/free-midi-chords,MIT,other,OK,"chord / progression, key folder in path"
chords/free-midi-chords/08 - G Major - E minor/4 Progression/Modal/pop2 style/G - ii bIIM I bVIIM - Mysterious Rebellious.mid,ldrolez/free-midi-chords,MIT,other,OK,"chord / progression, key folder in path"
chords/free-midi-chords/08 - G Major - E minor/4 Progression/Modal/pop2 style/G - ii bVIIM7 I - Hopeful Triumphant.mid,ldrolez/free-midi-chords,MIT,other,OK,"chord / progression, key folder in path"
chords/free-midi-chords/08 - G Major - E minor/4 Progression/Modal/pop2 style/G - iii im iii im7 - New Anguished Mysterious.mid,ldrolez/free-midi-chords,MIT,other,OK,"chord / progression, key folder in path"
chords/free-midi-chords/08 - G Major - E minor/4 Progression/Modal/pop2 style/G - im V bVIIM IV bVIM bIIIM ivm V - Mysterious Rebellious.mid,ldrolez/free-midi-chords,MIT,other,OK,"chord / progression, key folder in path"
chords/free-midi-chords/08 - G Major - E minor/4 Progression/Modal/pop2 style/G - im VIM IIIM bIIM - Nostalgic Surprised.mid,ldrolez/free-midi-chords,MIT,other,OK,"chord / progression, key folder in path"
chords/free-midi-chords/08 - G Major - E minor/4 Progression/Modal/pop2 style/G - im VIM bi V - Mysterious Triumphant.mid,ldrolez/free-midi-chords,MIT,other,OK,"chord / progression, key folder in path"
chords/free-midi-chords/08 - G Major - E minor/4 Progression/Modal/pop2 style/G - im bIIIM IV V - New Mysterious Triumphant.mid,ldrolez/free-midi-chords,MIT,other,OK,"chord / progression, key folder in path"
chords/free-midi-chords/08 - G Major - E minor/4 Progression/Modal/pop2 style/G - im bIIIM IV bVIM - Mysterious Hopeful.mid,ldrolez/free-midi-chords,MIT,other,OK,"chord / progression, key folder in path"
chords/free-midi-chords/08 - G Major - E minor/4 Progression/Modal/pop2 style/G - im bIIIM bVIIM IV - Romantic Nostalgic.mid,ldrolez/free-midi-chords,MIT,other,OK,"chord / progression, key folder in path"
chords/free-midi-chords/08 - G Major - E minor/4 Progression/Modal/pop2 style/G - im bIIIM bVIM V - Mysterious Triumphant.mid,ldrolez/free-midi-chords,MIT,other,OK,"chord / progression, key folder in path"
chords/free-midi-chords/08 - G Major - E minor/4 Progression/Modal/pop2 style/G - im bIIIsus2 IV - Mysterious Hopeful.mid,ldrolez/free-midi-chords,MIT,other,OK,"chord / progression, key folder in path"
chords/free-midi-chords/08 - G Major - E minor/4 Progression/Modal/pop2 style/G - im bIIM bIIIM bIIM - Mysterious Dark.mid,ldrolez/free-midi-chords,MIT,other,OK,"chord / progression, key folder in path"
chords/free-midi-chords/08 - G Major - E minor/4 Progression/Modal/pop2 style/G - im bIIM biim6 ivm - Mysterious Tender.mid,ldrolez/free-midi-chords,MIT,other,OK,"chord / progression, key folder in path"
chords/free-midi-chords/08 - G Major - E minor/4 Progression/Modal/pop2 style/G - im bIIM im7 bviim - Mysterious Spiritual.mid,ldrolez/free-midi-chords,MIT,other,OK,"chord / progression, key folder in path"
chords/free-midi-chords/08 - G Major - E minor/4 Progression/Modal/pop2 style/G - im bIIM ivm IIIM bIIM ivm IIIM IIIM - Mysterious Nostalgic.mid,ldrolez/free-midi-chords,MIT,other,OK,"chord / progression, key folder in path"
chords/free-midi-chords/08 - G Major - E minor/4 Progression/Modal/pop2 style/G - im bIIM vm im7 - Mysterious Dark.mid,ldrolez/free-midi-chords,MIT,other,OK,"chord / progression, key folder in path"
chords/free-midi-chords/08 - G Major - E minor/4 Progression/Modal/pop2 style/G - im bVIIM IV im - Cadence.mid,ldrolez/free-midi-chords,MIT,other,OK,"chord / progression, key folder in path"
chords/free-midi-chords/08 - G Major - E minor/4 Progression/Modal/pop2 style/G - im bVIIM IV im - New Nostalgic Mysterious.mid,ldrolez/free-midi-chords,MIT,other,OK,"chord / progression, key folder in path"
chords/free-midi-chords/08 - G Major - E minor/4 Progression/Modal/pop2 style/G - im bVIIM bIIM vm - Mysterious Rebellious.mid,ldrolez/free-midi-chords,MIT,other,OK,"chord / progression, key folder in path"
chords/free-midi-chords/08 - G Major - E minor/4 Progression/Modal/pop2 style/G - im bVIM im IV - New Nostalgic Hopeful.mid,ldrolez/free-midi-chords,MIT,other,OK,"chord / progression, key folder in path"
chords/free-midi-chords/08 - G Major - E minor/4 Progression/Modal/pop2 style/G - im bVIM ivm V - Triumphant.mid,ldrolez/free-midi-chords,MIT,other,OK,"chord / progression, key folder in path"
chords/free-midi-chords/08 - G Major - E minor/4 Progression/Modal/pop2 style/G - im bviim bVIM bIIM - Mysterious Hopeful.mid,ldrolez/free-midi-chords,MIT,other,OK,"chord / progression, key folder in path"
chords/free-midi-chords/08 - G Major - E minor/4 Progression/Modal/pop2 style/G - im ii vm IV - Nostalgic Hopeful.mid,ldrolez/free-midi-chords,MIT,other,OK,"chord / progression, key folder in path"
chords/free-midi-chords/08 - G Major - E minor/4 Progression/Modal/pop2 style/G - im ivm9 bIIM im - Mysterious Nostalgic.mid,ldrolez/free-midi-chords,MIT,other,OK,"chord / progression, key folder in path"
chords/free-midi-chords/08 - G Major - E minor/4 Progression/Modal/pop2 style/G - im ivm9 bIIM im vm ivm7 bIIM im7 - Mysterious Tender.mid,ldrolez/free-midi-chords,MIT,other,OK,"chord / progression, key folder in path"
chords/free-midi-chords/08 - G Major - E minor/4 Progression/Modal/pop2 style/G - im viim im bii - New Mysterious Fearful.mid,ldrolez/free-midi-chords,MIT,other,OK,"chord / progression, key folder in path"
chords/free-midi-chords/08 - G Major - E minor/4 Progression/Modal/pop2 style/G - im vm bVIIM IV - New Hopeful Nostalgic.mid,ldrolez/free-midi-chords,MIT,other,OK,"chord / progression, key folder in path"
chords/free-midi-chords/08 - G Major - E minor/4 Progression/Modal/pop2 style/G - im vm bVIM bIIM - Mysterious Hopeful.mid,ldrolez/free-midi-chords,MIT,other,OK,"chord / progression, key folder in path"
chords/free-midi-chords/08 - G Major - E minor/4 Progression/Modal/pop2 style/G - im vm isus4 I - Hopeful Spiritual.mid,ldrolez/free-midi-chords,MIT,other,OK,"chord / progression, key folder in path"
chords/free-midi-chords/08 - G Major - E minor/4 Progression/Modal/pop2 style/G - im vm ivm bIIM7 - Mysterious Dark.mid,ldrolez/free-midi-chords,MIT,other,OK,"chord / progression, key folder in path"
chords/free-midi-chords/08 - G Major - E minor/4 Progression/Modal/pop2 style/G - ivm IIIM bIIM I - Cadence.mid,ldrolez/free-midi-chords,MIT,other,OK,"chord / progression, key folder in path"
chords/free-midi-chords/08 - G Major - E minor/4 Progression/Modal/pop2 style/G - ivm bIIIM bIIM I - Cadence.mid,ldrolez/free-midi-chords,MIT,other,OK,"chord / progression, key folder in path"
chords/free-midi-chords/08 - G Major - E minor/4 Progression/Modal/pop2 style/G - ivm bIIIM bVIM I - Cadence.mid,ldrolez/free-midi-chords,MIT,other,OK,"chord / progression, key folder in path"
chords/free-midi-chords/08 - G Major - E minor/4 Progression/Modal/pop2 style/G - ivm bIIIM iim7 V - Mysterious Tender.mid,ldrolez/free-midi-chords,MIT,other,OK,"chord / progression, key folder in path"
chords/free-midi-chords/08 - G Major - E minor/4 Progression/Modal/pop2 style/G - ivm im bviim bVIM - Dark.mid,ldrolez/free-midi-chords,MIT,other,OK,"chord / progression, key folder in path"
chords/free-midi-chords/08 - G Major - E minor/4 Progression/Modal/pop2 style/G - vdim vdim ivm bIIIM - Fearful Mysterious.mid,ldrolez/free-midi-chords,MIT,other,OK,"chord / progression, key folder in path"
chords/free-midi-chords/08 - G Major - E minor/4 Progression/Modal/pop2 style/G - vi IV I IIM - Hopeful Peaceful.mid,ldrolez/free-midi-chords,MIT,other,OK,"chord / progression, key folder in path"
chords/free-midi-chords/08 - G Major - E minor/4 Progression/Modal/pop2 style/G - vi bVIM bVIIM I - Hopeful Triumphant.mid,ldrolez/free-midi-chords,MIT,other,OK,"chord / progression, key folder in path"
chords/free-midi-chords/08 - G Major - E minor/4 Progression/Modal/pop2 style/G - vi viim V vi #IVdim V - Nostalgic Dark.mid,ldrolez/free-midi-chords,MIT,other,OK,"chord / progression, key folder in path"
chords/free-midi-chords/08 - G Major - E minor/4 Progression/Modal/soul style/G - I I7 I9 IV ivm - Romantic Nostalgic.mid,ldrolez/free-midi-chords,MIT,other,OK,"chord / progression, key folder in path"
chords/free-midi-chords/08 - G Major - E minor/4 Progression/Modal/soul style/G - I I7 Idom7 IV ivm I - Relaxed Nostalgic.mid,ldrolez/free-midi-chords,MIT,other,OK,"chord / progression, key folder in path"
chords/free-midi-chords/08 - G Major - E minor/4 Progression/Modal/soul style/G - I I7 Idom7 IV ivm I ivm6 Vdom7 - Relaxed Romantic.mid,ldrolez/free-midi-chords,MIT,other,OK,"chord / progression, key folder in path"
chords/free-midi-chords/08 - G Major - E minor/4 Progression/Modal/soul style/G - I IIIM vi V - Joyful Hopeful.mid,ldrolez/free-midi-chords,MIT,other,OK,"chord / progression, key folder in path"
chords/free-midi-chords/08 - G Major - E minor/4 Progression/Modal/soul style/G - I IIM IV I - Joyful Triumphant.mid,ldrolez/free-midi-chords,MIT,other,OK,"chord / progression, key folder in path"
chords/free-midi-chords/08 - G Major - E minor/4 Progression/Modal/soul style/G - I IIM iii V6 - Surprised Triumphant.mid,ldrolez/free-midi-chords,MIT,other,OK,"chord / progression, key folder in path"
chords/free-midi-chords/08 - G Major - E minor/4 Progression/Modal/soul style/G - I IV V bVIIM - Triumphant Rebellious.mid,ldrolez/free-midi-chords,MIT,other,OK,"chord / progression, key folder in path"
chords/free-midi-chords/08 - G Major - E minor/4 Progression/Modal/soul style/G - I IV bIIIM bVIM - Nostalgic Mysterious.mid,ldrolez/free-midi-chords,MIT,other,OK,"chord / progression, key folder in path"
chords/free-midi-chords/08 - G Major - E minor/4 Progression/Modal/soul style/G - I IV bVIIM IV - Joyful Rebellious.mid,ldrolez/free-midi-chords,MIT,other,OK,"chord / progression, key folder in path"
chords/free-midi-chords/08 - G Major - E minor/4 Progression/Modal/soul style/G - I V bVIIM IV - Triumphant Rebellious.mid,ldrolez/free-midi-chords,MIT,other,OK,"chord / progression, key folder in path"
chords/free-midi-chords/08 - G Major - E minor/4 Progression/Modal/soul style/G - I V ivm bVIM - Surprised Mysterious.mid,ldrolez/free-midi-chords,MIT,other,OK,"chord / progression, key folder in path"
chords/free-midi-chords/08 - G Major - E minor/4 Progression/Modal/soul style/G - I bIIIM IV I - Romantic.mid,ldrolez/free-midi-chords,MIT,other,OK,"chord / progression, key folder in path"
chords/free-midi-chords/08 - G Major - E minor/4 Progression/Modal/soul style/G - I bIIIM bVIIM I - Triumphant Rebellious.mid,ldrolez/free-midi-chords,MIT,other,OK,"chord / progression, key folder in path"
chords/free-midi-chords/08 - G Major - E minor/4 Progression/Modal/soul style/G - I bIIIM bVIIM IV - Triumphant Mysterious.mid,ldrolez/free-midi-chords,MIT,other,OK,"chord / progression, key folder in path"
chords/free-midi-chords/08 - G Major - E minor/4 Progression/Modal/soul style/G - I bIIIM bVIM bVIIM - Triumphant Hopeful.mid,ldrolez/free-midi-chords,MIT,other,OK,"chord / progression, key folder in path"
chords/free-midi-chords/08 - G Major - E minor/4 Progression/Modal/soul style/G - I bIIM I iii - Surprised Mysterious.mid,ldrolez/free-midi-chords,MIT,other,OK,"chord / progression, key folder in path"
chords/free-midi-chords/08 - G Major - E minor/4 Progression/Modal/soul style/G - I bIIM7 bIIIM6 bIIM7 I im bVIIM bIIM - Surprised Mysterious.mid,ldrolez/free-midi-chords,MIT,other,OK,"chord / progression, key folder in path"
chords/free-midi-chords/08 - G Major - E minor/4 Progression/Modal/soul style/G - I bVIIM I I bVIM V - Triumphant Hopeful.mid,ldrolez/free-midi-chords,MIT,other,OK,"chord / progression, key folder in path"
chords/free-midi-chords/08 - G Major - E minor/4 Progression/Modal/soul style/G - I bVIIM IV V - Joyful Triumphant.mid,ldrolez/free-midi-chords,MIT,other,OK,"chord / progression, key folder in path"
chords/free-midi-chords/08 - G Major - E minor/4 Progression/Modal/soul style/G - I bVIIM bVIM IV IVsus4 IV - Hopeful Nostalgic.mid,ldrolez/free-midi-chords,MIT,other,OK,"chord / progression, key folder in path"
chords/free-midi-chords/08 - G Major - E minor/4 Progression/Modal/soul style/G - I bVIIM bVIM bIIM - Triumphant Rebellious.mid,ldrolez/free-midi-chords,MIT,other,OK,"chord / progression, key folder in path"
chords/free-midi-chords/08 - G Major - E minor/4 Progression/Modal/soul style/G - I bVIM I bIIM - Surprised Mysterious.mid,ldrolez/free-midi-chords,MIT,other,OK,"chord / progression, key folder in path"
chords/free-midi-chords/08 - G Major - E minor/4 Progression/Modal/soul style/G - I bVIM IV bIIIM bVIIM - Mysterious Nostalgic.mid,ldrolez/free-midi-chords,MIT,other,OK,"chord / progression, key folder in path"
chords/free-midi-chords/08 - G Major - E minor/4 Progression/Modal/soul style/G - I bVIM bVIIM ivm - New Empowered Nostalgic.mid,ldrolez/free-midi-chords,MIT,other,OK,"chord / progression, key folder in path"
chords/free-midi-chords/08 - G Major - E minor/4 Progression/Modal/soul style/G - I im bVII6 bVIM - New Nostalgic Mysterious.mid,ldrolez/free-midi-chords,MIT,other,OK,"chord / progression, key folder in path"
chords/free-midi-chords/08 - G Major - E minor/4 Progression/Modal/soul style/G - I ivm bIIIM bVIIM - Mysterious Nostalgic.mid,ldrolez/free-midi-chords,MIT,other,OK,"chord / progression, key folder in path"
chords/free-midi-chords/08 - G Major - E minor/4 Progression/Modal/soul style/G - I vi bVIM V - New Surprised Mysterious.mid,ldrolez/free-midi-chords,MIT,other,OK,"chord / progression, key folder in path"
chords/free-midi-chords/08 - G Major - E minor/4 Progression/Modal/soul style/G - I5 iii II5 #IVm IV5 vi V5 viim - Excited Triumphant.mid,ldrolez/free-midi-chords,MIT,other,OK,"chord / progression, key folder in path"
chords/free-midi-chords/08 - G Major - E minor/4 Progression/Modal/soul style/G - I7 bIdom7 III7 ii7 V7 - Playful Surprised.mid,ldrolez/free-midi-chords,MIT,other,OK,"chord / progression, key folder in path"
chords/free-midi-chords/08 - G Major - E minor/4 Progression/Modal/soul style/G - IIIM V VIsus4 VIM I IIM - Triumphant Surprised.mid,ldrolez/free-midi-chords,MIT,other,OK,"chord / progression, key folder in path"
chords/free-midi-chords/08 - G Major - E minor/4 Progression/Modal/soul style/G - IV V ii im bIIIM IV - Hopeful Nostalgic.mid,ldrolez/free-midi-chords,MIT,other,OK,"chord / progression, key folder in path"
chords/free-midi-chords/08 - G Major - E minor/4 Progression/Modal/soul style/G - VIM bVIM im bVIIM - Surprised Rebellious.mid,ldrolez/free-midi-chords,MIT,other,OK,"chord / progression, key folder in path"
chords/free-midi-chords/08 - G Major - E minor/4 Progression/Modal/soul style/G - bIIIM V7 I - Cadence.mid,ldrolez/free-midi-chords,MIT,other,OK,"chord / progression, key folder in path"
chords/free-midi-chords/08 - G Major - E minor/4 Progression/Modal/soul style/G - bIIIM ii bIIM I - Mysterious Surprised.mid,ldrolez/free-midi-chords,MIT,other,OK,"chord / progression, key folder in path"
chords/free-midi-chords/08 - G Major - E minor/4 Progression/Modal/soul style/G - bIIM bVIM biii bviim - Mysterious Surprised.mid,ldrolez/free-midi-chords,MIT,other,OK,"chord / progression, key folder in path"
chords/free-midi-chords/08 - G Major - E minor/4 Progression/Modal/soul style/G - bIIM ivm biii im - Mysterious Dark.mid,ldrolez/free-midi-chords,MIT,other,OK,"chord / progression, key folder in path"
chords/free-midi-chords/08 - G Major - E minor/4 Progression/Modal/soul style/G - bVIIM V7 I - Cadence.mid,ldrolez/free-midi-chords,MIT,other,OK,"chord / progression, key folder in path"
chords/free-midi-chords/08 - G Major - E minor/4 Progression/Modal/soul style/G - bVIIM bIIM bIIIM im - Mysterious Rebellious.mid,ldrolez/free-midi-chords,MIT,other,OK,"chord / progression, key folder in path"
chords/free-midi-chords/08 - G Major - E minor/4 Progression/Modal/soul style/G - bVIM bIIIM bVIIM IV I - Triumphant Mysterious.mid,ldrolez/free-midi-chords,MIT,other,OK,"chord / progression, key folder in path"
chords/free-midi-chords/08 - G Major - E minor/4 Progression/Modal/soul style/G - bVIM bVIIm im bIIM - Mysterious Dark.mid,ldrolez/free-midi-chords,MIT,other,OK,"chord / progression, key folder in path"
chords/free-midi-chords/08 - G Major - E minor/4 Progression/Modal/soul style/G - bVIM vi im bVIIM - Hopeful Mysterious.mid,ldrolez/free-midi-chords,MIT,other,OK,"chord / progression, key folder in path"
chords/free-midi-chords/08 - G Major - E minor/4 Progression/Modal/soul style/G - bVIM7 ivmadd9 I - Spiritual Nostalgic.mid,ldrolez/free-midi-chords,MIT,other,OK,"chord / progression, key folder in path"
chords/free-midi-chords/08 - G Major - E minor/4 Progression/Modal/soul style/G - ii IVM vm bVIIM - Mysterious Nostalgic.mid,ldrolez/free-midi-chords,MIT,other,OK,"chord / progression, key folder in path"
chords/free-midi-chords/08 - G Major - E minor/4 Progression/Modal/soul style/G - ii bIIM I bVIIM - Mysterious Rebellious.mid,ldrolez/free-midi-chords,MIT,other,OK,"chord / progression, key folder in path"
chords/free-midi-chords/08 - G Major - E minor/4 Progression/Modal/soul style/G - ii bVIIM7 I - Hopeful Triumphant.mid,ldrolez/free-midi-chords,MIT,other,OK,"chord / progression, key folder in path"
chords/free-midi-chords/08 - G Major - E minor/4 Progression/Modal/soul style/G - iii im iii im7 - New Anguished Mysterious.mid,ldrolez/free-midi-chords,MIT,other,OK,"chord / progression, key folder in path"
chords/free-midi-chords/08 - G Major - E minor/4 Progression/Modal/soul style/G - im V bVIIM IV bVIM bIIIM ivm V - Mysterious Rebellious.mid,ldrolez/free-midi-chords,MIT,other,OK,"chord / progression, key folder in path"
chords/free-midi-chords/08 - G Major - E minor/4 Progression/Modal/soul style/G - im VIM IIIM bIIM - Nostalgic Surprised.mid,ldrolez/free-midi-chords,MIT,other,OK,"chord / progression, key folder in path"
chords/free-midi-chords/08 - G Major - E minor/4 Progression/Modal/soul style/G - im VIM bi V - Mysterious Triumphant.mid,ldrolez/free-midi-chords,MIT,other,OK,"chord / progression, key folder in path"
chords/free-midi-chords/08 - G Major - E minor/4 Progression/Modal/soul style/G - im bIIIM IV V - New Mysterious Triumphant.mid,ldrolez/free-midi-chords,MIT,other,OK,"chord / progression, key folder in path"
chords/free-midi-chords/08 - G Major - E minor/4 Progression/Modal/soul style/G - im bIIIM IV bVIM - Mysterious Hopeful.mid,ldrolez/free-midi-chords,MIT,other,OK,"chord / progression, key folder in path"
chords/free-midi-chords/08 - G Major - E minor/4 Progression/Modal/soul style/G - im bIIIM bVIIM IV - Romantic Nostalgic.mid,ldrolez/free-midi-chords,MIT,other,OK,"chord / progression, key folder in path"
chords/free-midi-chords/08 - G Major - E minor/4 Progression/Modal/soul style/G - im bIIIM bVIM V - Mysterious Triumphant.mid,ldrolez/free-midi-chords,MIT,other,OK,"chord / progression, key folder in path"
chords/free-midi-chords/08 - G Major - E minor/4 Progression/Modal/soul style/G - im bIIIsus2 IV - Mysterious Hopeful.mid,ldrolez/free-midi-chords,MIT,other,OK,"chord / progression, key folder in path"
chords/free-midi-chords/08 - G Major - E minor/4 Progression/Modal/soul style/G - im bIIM bIIIM bIIM - Mysterious Dark.mid,ldrolez/free-midi-chords,MIT,other,OK,"chord / progression, key folder in path"
chords/free-midi-chords/08 - G Major - E minor/4 Progression/Modal/soul style/G - im bIIM biim6 ivm - Mysterious Tender.mid,ldrolez/free-midi-chords,MIT,other,OK,"chord / progression, key folder in path"
chords/free-midi-chords/08 - G Major - E minor/4 Progression/Modal/soul style/G - im bIIM im7 bviim - Mysterious Spiritual.mid,ldrolez/free-midi-chords,MIT,other,OK,"chord / progression, key folder in path"
chords/free-midi-chords/08 - G Major - E minor/4 Progression/Modal/soul style/G - im bIIM ivm IIIM bIIM ivm IIIM IIIM - Mysterious Nostalgic.mid,ldrolez/free-midi-chords,MIT,other,OK,"chord / progression, key folder in path"
chords/free-midi-chords/08 - G Major - E minor/4 Progression/Modal/soul style/G - im bIIM vm im7 - Mysterious Dark.mid,ldrolez/free-midi-chords,MIT,other,OK,"chord / progression, key folder in path"
chords/free-midi-chords/08 - G Major - E minor/4 Progression/Modal/soul style/G - im bVIIM IV im - Cadence.mid,ldrolez/free-midi-chords,MIT,other,OK,"chord / progression, key folder in path"
chords/free-midi-chords/08 - G Major - E minor/4 Progression/Modal/soul style/G - im bVIIM IV im - New Nostalgic Mysterious.mid,ldrolez/free-midi-chords,MIT,other,OK,"chord / progression, key folder in path"
chords/free-midi-chords/08 - G Major - E minor/4 Progression/Modal/soul style/G - im bVIIM bIIM vm - Mysterious Rebellious.mid,ldrolez/free-midi-chords,MIT,other,OK,"chord / progression, key folder in path"
chords/free-midi-chords/08 - G Major - E minor/4 Progression/Modal/soul style/G - im bVIM im IV - New Nostalgic Hopeful.mid,ldrolez/free-midi-chords,MIT,other,OK,"chord / progression, key folder in path"
chords/free-midi-chords/08 - G Major - E minor/4 Progression/Modal/soul style/G - im bVIM ivm V - Triumphant.mid,ldrolez/free-midi-chords,MIT,other,OK,"chord / progression, key folder in path"
chords/free-midi-chords/08 - G Major - E minor/4 Progression/Modal/soul style/G - im bviim bVIM bIIM - Mysterious Hopeful.mid,ldrolez/free-midi-chords,MIT,other,OK,"chord / progression, key folder in path"
chords/free-midi-chords/08 - G Major - E minor/4 Progression/Modal/soul style/G - im ii vm IV - Nostalgic Hopeful.mid,ldrolez/free-midi-chords,MIT,other,OK,"chord / progression, key folder in path"
chords/free-midi-chords/08 - G Major - E minor/4 Progression/Modal/soul style/G - im ivm9 bIIM im - Mysterious Nostalgic.mid,ldrolez/free-midi-chords,MIT,other,OK,"chord / progression, key folder in path"
chords/free-midi-chords/08 - G Major - E minor/4 Progression/Modal/soul style/G - im ivm9 bIIM im vm ivm7 bIIM im7 - Mysterious Tender.mid,ldrolez/free-midi-chords,MIT,other,OK,"chord / progression, key folder in path"
chords/free-midi-chords/08 - G Major - E minor/4 Progression/Modal/soul style/G - im viim im bii - New Mysterious Fearful.mid,ldrolez/free-midi-chords,MIT,other,OK,"chord / progression, key folder in path"
chords/free-midi-chords/08 - G Major - E minor/4 Progression/Modal/soul style/G - im vm bVIIM IV - New Hopeful Nostalgic.mid,ldrolez/free-midi-chords,MIT,other,OK,"chord / progression, key folder in path"
chords/free-midi-chords/08 - G Major - E minor/4 Progression/Modal/soul style/G - im vm bVIM bIIM - Mysterious Hopeful.mid,ldrolez/free-midi-chords,MIT,other,OK,"chord / progression, key folder in path"
chords/free-midi-chords/08 - G Major - E minor/4 Progression/Modal/soul style/G - im vm isus4 I - Hopeful Spiritual.mid,ldrolez/free-midi-chords,MIT,other,OK,"chord / progression, key folder in path"
chords/free-midi-chords/08 - G Major - E minor/4 Progression/Modal/soul style/G - im vm ivm bIIM7 - Mysterious Dark.mid,ldrolez/free-midi-chords,MIT,other,OK,"chord / progression, key folder in path"
chords/free-midi-chords/08 - G Major - E minor/4 Progression/Modal/soul style/G - ivm IIIM bIIM I - Cadence.mid,ldrolez/free-midi-chords,MIT,other,OK,"chord / progression, key folder in path"
chords/free-midi-chords/08 - G Major - E minor/4 Progression/Modal/soul style/G - ivm bIIIM bIIM I - Cadence.mid,ldrolez/free-midi-chords,MIT,other,OK,"chord / progression, key folder in path"
chords/free-midi-chords/08 - G Major - E minor/4 Progression/Modal/soul style/G - ivm bIIIM bVIM I - Cadence.mid,ldrolez/free-midi-chords,MIT,other,OK,"chord / progression, key folder in path"
chords/free-midi-chords/08 - G Major - E minor/4 Progression/Modal/soul style/G - ivm bIIIM iim7 V - Mysterious Tender.mid,ldrolez/free-midi-chords,MIT,other,OK,"chord / progression, key folder in path"
chords/free-midi-chords/08 - G Major - E minor/4 Progression/Modal/soul style/G - ivm im bviim bVIM - Dark.mid,ldrolez/free-midi-chords,MIT,other,OK,"chord / progression, key folder in path"
chords/free-midi-chords/08 - G Major - E minor/4 Progression/Modal/soul style/G - vdim vdim ivm bIIIM - Fearful Mysterious.mid,ldrolez/free-midi-chords,MIT,other,OK,"chord / progression, key folder in path"
chords/free-midi-chords/08 - G Major - E minor/4 Progression/Modal/soul style/G - vi IV I IIM - Hopeful Peaceful.mid,ldrolez/free-midi-chords,MIT,other,OK,"chord / progression, key folder in path"
chords/free-midi-chords/08 - G Major - E minor/4 Progression/Modal/soul style/G - vi bVIM bVIIM I - Hopeful Triumphant.mid,ldrolez/free-midi-chords,MIT,other,OK,"chord / progression, key folder in path"
chords/free-midi-chords/08 - G Major - E minor/4 Progression/Modal/soul style/G - vi viim V vi #IVdim V - Nostalgic Dark.mid,ldrolez/free-midi-chords,MIT,other,OK,"chord / progression, key folder in path"
chords/omni-84/Chords.dspreset,benjamindehli/Omni-84,"GPL-3.0 — COPYLEFT, do not copy into plinky",other,FLAG,"DecentSampler preset — REFERENCE ONLY, GPL-3.0"
chords/omni-84/SonicStrings (AutoStrum).dspreset,benjamindehli/Omni-84,"GPL-3.0 — COPYLEFT, do not copy into plinky",other,FLAG,"DecentSampler preset — REFERENCE ONLY, GPL-3.0"
chords/omni-84/bass.json,benjamindehli/Omni-84,"GPL-3.0 — COPYLEFT, do not copy into plinky",other,FLAG,"DecentSampler preset — REFERENCE ONLY, GPL-3.0"
chords/omni-84/chords.json,benjamindehli/Omni-84,"GPL-3.0 — COPYLEFT, do not copy into plinky",other,FLAG,"DecentSampler preset — REFERENCE ONLY, GPL-3.0"
chords/omni-84/drums.json,benjamindehli/Omni-84,"GPL-3.0 — COPYLEFT, do not copy into plinky",other,FLAG,"DecentSampler preset — REFERENCE ONLY, GPL-3.0"
chords/omni-84/sonicstrings-autostrum.json,benjamindehli/Omni-84,"GPL-3.0 — COPYLEFT, do not copy into plinky",other,FLAG,"DecentSampler preset — REFERENCE ONLY, GPL-3.0"
